[2025-12-11 15:39:24] [2025-12-11 15:39:24] Monitoring engine started.
[2025-12-11 15:39:24] Network Monitor Service started successfully.
[2025-12-11 15:39:24] [2025-12-11 15:39:24] Starting to monitor 2 devices...
[2025-12-11 15:39:24] Status: 0/2 devices online
[2025-12-11 15:39:24] [2025-12-11 15:39:24] Device Google DNS is now Online (Ping: 46ms)
[2025-12-11 15:39:24] [2025-12-11 15:39:24] Device Cloudflare DNS is now Online (Ping: 32ms)
[2025-12-11 15:40:24] Status: 2/2 devices online
[2025-12-11 15:41:24] Status: 2/2 devices online
[2025-12-11 15:42:24] Status: 2/2 devices online
[2025-12-11 15:43:24] Status: 2/2 devices online
[2025-12-11 15:44:24] Status: 2/2 devices online
[2025-12-11 15:45:24] Status: 2/2 devices online
[2025-12-11 15:46:24] Status: 2/2 devices online
[2025-12-11 15:47:24] Status: 2/2 devices online
[2025-12-11 15:48:24] Status: 2/2 devices online
[2025-12-11 15:49:24] Status: 2/2 devices online
[2025-12-11 15:50:24] Status: 2/2 devices online
[2025-12-11 15:51:24] Status: 2/2 devices online
[2025-12-11 15:52:24] Status: 2/2 devices online
[2025-12-11 15:53:24] Status: 2/2 devices online
[2025-12-11 15:54:24] Status: 2/2 devices online
[2025-12-11 15:55:24] Status: 2/2 devices online
[2025-12-11 15:56:24] Status: 2/2 devices online
[2025-12-11 15:57:24] Status: 2/2 devices online
[2025-12-11 15:58:24] Status: 2/2 devices online
[2025-12-11 15:59:24] Status: 2/2 devices online
[2025-12-11 16:00:24] Status: 2/2 devices online
[2025-12-11 16:01:24] Status: 2/2 devices online
[2025-12-11 16:02:24] Status: 2/2 devices online
[2025-12-11 16:03:24] Status: 2/2 devices online
[2025-12-11 16:04:24] Status: 2/2 devices online
[2025-12-11 16:05:24] Status: 2/2 devices online
[2025-12-11 16:06:24] Status: 2/2 devices online
[2025-12-11 16:07:22] Status: 2/2 devices online
[2025-12-11 16:08:22] Status: 2/2 devices online
[2025-12-11 16:09:22] Status: 2/2 devices online
[2025-12-11 16:09:58] [2025-12-11 16:09:58] Monitoring engine stopped.
[2025-12-11 16:10:03] Network Monitor Service stopped.
[2025-12-11 17:10:54] [2025-12-11 17:10:54] Monitoring engine started.
[2025-12-11 17:10:54] Network Monitor Service started successfully.
[2025-12-11 17:10:54] [2025-12-11 17:10:54] Starting to monitor 8 devices...
[2025-12-11 17:10:54] Status: 0/8 devices online
[2025-12-11 17:10:54] [2025-12-11 17:10:54] Device Google DNS is now Online (Ping: 53ms)
[2025-12-11 17:10:54] [2025-12-11 17:10:54] Device Cloudflare DNS is now Online (Ping: 37ms)
[2025-12-11 17:10:54] [2025-12-11 17:10:54] Device Google DNS is now Online (Ping: 51ms)
[2025-12-11 17:10:54] [2025-12-11 17:10:54] Device Cloudflare DNS is now Online (Ping: 33ms)
[2025-12-11 17:10:55] [2025-12-11 17:10:55] Device Google DNS is now Online (Ping: 74ms)
[2025-12-11 17:10:55] [2025-12-11 17:10:55] Device Cloudflare DNS is now Online (Ping: 26ms)
[2025-12-11 17:11:54] Status: 6/8 devices online
[2025-12-11 17:12:54] Status: 6/8 devices online
[2025-12-11 17:13:54] Status: 6/8 devices online
[2025-12-11 17:14:54] Status: 6/8 devices online
[2025-12-11 17:15:54] Status: 6/8 devices online
[2025-12-11 09:38:19] [2025-12-11 09:38:19] Monitoring engine started.
[2025-12-11 09:38:19] Network Monitor Service started successfully.
[2025-12-11 09:38:19] Status: 0/8 devices online
[2025-12-11 09:39:19] Status: 0/8 devices online
[2025-12-11 09:40:19] Status: 0/8 devices online
[2025-12-11 09:41:19] Status: 0/8 devices online
[2025-12-11 09:42:19] Status: 0/8 devices online
[2025-12-11 09:43:19] Status: 0/8 devices online
[2025-12-11 09:44:19] Status: 0/8 devices online
[2025-12-11 09:45:19] Status: 0/8 devices online
[2025-12-11 09:46:19] Status: 0/8 devices online
[2025-12-11 09:47:19] Status: 0/8 devices online
[2025-12-11 09:48:19] Status: 0/8 devices online
[2025-12-11 09:49:19] Status: 0/8 devices online
[2025-12-11 09:50:19] Status: 0/8 devices online
[2025-12-11 09:51:19] Status: 0/8 devices online
[2025-12-11 09:52:19] Status: 0/8 devices online
[2025-12-11 09:53:19] Status: 0/8 devices online
[2025-12-11 09:54:19] Status: 0/8 devices online
[2025-12-11 09:55:19] Status: 0/8 devices online
[2025-12-11 09:56:19] Status: 0/8 devices online
[2025-12-11 09:57:19] Status: 0/8 devices online
[2025-12-11 09:58:19] Status: 0/8 devices online
[2025-12-11 09:59:19] Status: 0/8 devices online
[2025-12-11 10:00:19] Status: 0/8 devices online
[2025-12-11 10:01:19] Status: 0/8 devices online
[2025-12-11 10:02:19] Status: 0/8 devices online
[2025-12-11 10:03:19] Status: 0/8 devices online
[2025-12-11 10:04:19] Status: 0/8 devices online
[2025-12-11 10:05:19] Status: 0/8 devices online
[2025-12-11 10:06:19] Status: 0/8 devices online
[2025-12-11 10:07:19] Status: 0/8 devices online
[2025-12-11 10:08:19] Status: 0/8 devices online
[2025-12-11 10:09:19] Status: 0/8 devices online
[2025-12-11 10:10:19] Status: 0/8 devices online
[2025-12-11 10:11:19] Status: 0/8 devices online
[2025-12-11 10:12:19] Status: 0/8 devices online
[2025-12-11 10:13:19] Status: 0/8 devices online
[2025-12-11 10:14:19] Status: 0/8 devices online
[2025-12-11 10:15:19] Status: 0/8 devices online
[2025-12-11 10:16:19] Status: 0/8 devices online
[2025-12-11 10:17:19] Status: 0/8 devices online
[2025-12-11 10:18:19] Status: 0/8 devices online
[2025-12-11 10:19:19] Status: 0/8 devices online
[2025-12-11 10:20:19] Status: 0/8 devices online
[2025-12-11 10:21:19] Status: 0/8 devices online
[2025-12-11 10:22:19] Status: 0/8 devices online
[2025-12-11 10:23:19] Status: 0/8 devices online
[2025-12-11 10:24:19] Status: 0/8 devices online
[2025-12-11 10:25:19] Status: 0/8 devices online
[2025-12-11 10:26:19] Status: 0/8 devices online
[2025-12-11 10:27:19] Status: 0/8 devices online
[2025-12-11 10:28:19] Status: 0/8 devices online
[2025-12-11 10:29:19] Status: 0/8 devices online
[2025-12-11 10:30:19] Status: 0/8 devices online
[2025-12-11 10:31:19] Status: 0/8 devices online
[2025-12-11 10:32:19] Status: 0/8 devices online
[2025-12-11 10:33:19] Status: 0/8 devices online
[2025-12-11 10:34:19] Status: 0/8 devices online
[2025-12-11 10:35:19] Status: 0/8 devices online
[2025-12-11 10:36:19] Status: 0/8 devices online
[2025-12-11 10:37:19] Status: 0/8 devices online
[2025-12-11 10:38:19] Status: 0/8 devices online
[2025-12-11 10:39:19] Status: 0/8 devices online
[2025-12-11 10:40:19] Status: 0/8 devices online
[2025-12-11 10:41:19] Status: 0/8 devices online
[2025-12-11 10:42:19] Status: 0/8 devices online
[2025-12-11 10:43:19] Status: 0/8 devices online
[2025-12-11 10:44:19] Status: 0/8 devices online
[2025-12-11 10:45:19] Status: 0/8 devices online
[2025-12-11 10:46:19] Status: 0/8 devices online
[2025-12-11 10:47:20] Status: 0/8 devices online
[2025-12-11 10:48:20] Status: 0/8 devices online
[2025-12-11 10:49:20] Status: 0/8 devices online
[2025-12-11 10:50:20] Status: 0/8 devices online
[2025-12-11 10:51:20] Status: 0/8 devices online
[2025-12-11 10:52:20] Status: 0/8 devices online
[2025-12-11 10:53:20] Status: 0/8 devices online
[2025-12-11 10:54:20] Status: 0/8 devices online
[2025-12-11 10:55:20] Status: 0/8 devices online
[2025-12-11 10:56:20] Status: 0/8 devices online
[2025-12-11 10:57:20] Status: 0/8 devices online
[2025-12-11 10:58:20] Status: 0/8 devices online
[2025-12-11 10:59:20] Status: 0/8 devices online
[2025-12-11 11:00:20] Status: 0/8 devices online
[2025-12-11 11:01:20] Status: 0/8 devices online
[2025-12-11 11:02:20] Status: 0/8 devices online
[2025-12-11 11:03:20] Status: 0/8 devices online
[2025-12-11 11:04:20] Status: 0/8 devices online
[2025-12-11 11:05:20] Status: 0/8 devices online
[2025-12-11 11:06:20] Status: 0/8 devices online
[2025-12-11 11:07:20] Status: 0/8 devices online
[2025-12-11 11:08:20] Status: 0/8 devices online
[2025-12-11 11:09:20] Status: 0/8 devices online
[2025-12-11 11:10:20] Status: 0/8 devices online
[2025-12-11 11:11:20] Status: 0/8 devices online
[2025-12-11 11:12:20] Status: 0/8 devices online
[2025-12-11 11:13:20] Status: 0/8 devices online
[2025-12-11 11:14:20] Status: 0/8 devices online
[2025-12-11 11:15:20] Status: 0/8 devices online
[2025-12-11 11:16:20] Status: 0/8 devices online
[2025-12-11 11:17:20] Status: 0/8 devices online
[2025-12-11 11:18:20] Status: 0/8 devices online
[2025-12-11 11:19:20] Status: 0/8 devices online
[2025-12-11 11:20:20] Status: 0/8 devices online
[2025-12-11 11:21:20] Status: 0/8 devices online
[2025-12-11 11:22:20] Status: 0/8 devices online
[2025-12-11 11:23:20] Status: 0/8 devices online
[2025-12-11 11:24:20] Status: 0/8 devices online
[2025-12-11 11:25:20] Status: 0/8 devices online
[2025-12-11 11:26:20] Status: 0/8 devices online
[2025-12-11 11:27:20] Status: 0/8 devices online
[2025-12-11 11:28:20] Status: 0/8 devices online
[2025-12-11 11:29:20] Status: 0/8 devices online
[2025-12-11 11:29:54] [2025-12-11 11:29:54] Monitoring engine stopped.
[2025-12-11 11:29:59] Network Monitor Service stopped.
[2025-12-11 11:30:00] [2025-12-11 11:30:00] Monitoring engine started.
[2025-12-11 11:30:00] [2025-12-11 11:30:00] Starting to monitor 1 devices...
[2025-12-11 11:30:00] Status: 0/1 devices online
[2025-12-11 11:30:00] [2025-12-11 11:30:00] Device Google DNS is now Online (Ping: 3ms)
[2025-12-11 11:31:00] Status: 1/1 devices online
[2025-12-11 11:32:00] Status: 1/1 devices online
[2025-12-11 11:33:00] Status: 1/1 devices online
[2025-12-11 11:34:00] Status: 1/1 devices online
[2025-12-11 11:35:00] Status: 1/1 devices online
[2025-12-11 11:36:00] Status: 1/1 devices online
[2025-12-11 11:36:07] [2025-12-11 11:36:07] Monitoring engine stopped.
[2025-12-11 11:36:12] Network Monitor Service stopped.
[2025-12-11 11:36:12] [2025-12-11 11:36:12] Monitoring engine started.
[2025-12-11 11:36:12] Network Monitor Service started successfully.
[2025-12-11 11:36:12] [2025-12-11 11:36:12] Starting to monitor 1 devices...
[2025-12-11 11:36:12] Status: 0/1 devices online
[2025-12-11 11:36:12] [2025-12-11 11:36:12] Device Google DNS is now Online (Ping: 3ms)
[2025-12-11 11:37:12] Status: 1/1 devices online
[2025-12-11 11:38:12] Status: 1/1 devices online
[2025-12-11 11:39:12] Status: 1/1 devices online
[2025-12-11 11:40:12] Status: 1/1 devices online
[2025-12-11 11:41:12] Status: 1/1 devices online
[2025-12-11 11:42:09] [2025-12-11 11:42:09] Monitoring engine stopped.
[2025-12-11 11:42:12] Network Monitor Service stopped.
[2025-12-11 11:42:17] [2025-12-11 11:42:17] Monitoring engine started.
[2025-12-11 11:42:17] Network Monitor Service started successfully.
[2025-12-11 11:42:17] [2025-12-11 11:42:17] Starting to monitor 1 devices...
[2025-12-11 11:42:17] Status: 0/1 devices online
[2025-12-11 11:43:17] Status: 0/1 devices online
[2025-12-11 11:44:17] Status: 0/1 devices online
[2025-12-11 11:45:17] Status: 0/1 devices online
[2025-12-11 11:46:17] Status: 0/1 devices online
[2025-12-11 11:47:17] Status: 0/1 devices online
[2025-12-11 11:48:17] Status: 0/1 devices online
[2025-12-11 11:49:17] Status: 0/1 devices online
[2025-12-11 11:50:17] Status: 0/1 devices online
[2025-12-11 11:51:17] Status: 0/1 devices online
[2025-12-11 11:52:17] Status: 0/1 devices online
[2025-12-11 11:53:17] Status: 0/1 devices online
[2025-12-11 11:54:17] Status: 0/1 devices online
[2025-12-11 11:55:17] Status: 0/1 devices online
[2025-12-11 11:56:17] Status: 0/1 devices online
[2025-12-11 11:57:17] Status: 0/1 devices online
[2025-12-11 11:58:17] Status: 0/1 devices online
[2025-12-11 11:59:17] Status: 0/1 devices online
[2025-12-11 12:00:17] Status: 0/1 devices online
[2025-12-11 12:01:17] Status: 0/1 devices online
[2025-12-11 12:02:17] Status: 0/1 devices online
[2025-12-11 12:03:17] Status: 0/1 devices online
[2025-12-11 12:04:17] Status: 0/1 devices online
[2025-12-11 12:05:17] Status: 0/1 devices online
[2025-12-11 12:06:17] Status: 0/1 devices online
[2025-12-11 12:07:17] Status: 0/1 devices online
[2025-12-11 12:08:17] Status: 0/1 devices online
[2025-12-11 12:09:17] Status: 0/1 devices online
[2025-12-11 12:10:17] Status: 0/1 devices online
[2025-12-11 12:11:17] Status: 0/1 devices online
[2025-12-11 12:12:17] Status: 0/1 devices online
[2025-12-11 12:13:17] Status: 0/1 devices online
[2025-12-11 12:14:17] Status: 0/1 devices online
[2025-12-11 12:15:17] Status: 0/1 devices online
[2025-12-11 12:16:17] Status: 0/1 devices online
[2025-12-11 12:17:17] Status: 0/1 devices online
[2025-12-11 12:18:17] Status: 0/1 devices online
[2025-12-11 12:19:17] Status: 0/1 devices online
[2025-12-11 12:20:17] Status: 0/1 devices online
[2025-12-11 12:21:17] Status: 0/1 devices online
[2025-12-11 12:22:17] Status: 0/1 devices online
[2025-12-11 12:23:17] Status: 0/1 devices online
[2025-12-11 12:24:17] Status: 0/1 devices online
[2025-12-11 12:25:17] Status: 0/1 devices online
[2025-12-11 12:26:17] Status: 0/1 devices online
[2025-12-11 12:27:17] Status: 0/1 devices online
[2025-12-11 12:28:17] Status: 0/1 devices online
[2025-12-11 12:29:17] Status: 0/1 devices online
[2025-12-11 12:30:17] Status: 0/1 devices online
[2025-12-11 12:31:17] Status: 0/1 devices online
[2025-12-11 12:32:17] Status: 0/1 devices online
[2025-12-11 12:33:17] Status: 0/1 devices online
[2025-12-11 12:34:17] Status: 0/1 devices online
[2025-12-11 12:35:17] Status: 0/1 devices online
[2025-12-11 12:36:17] Status: 0/1 devices online
[2025-12-11 12:37:17] Status: 0/1 devices online
[2025-12-11 12:38:17] Status: 0/1 devices online
[2025-12-11 12:39:17] Status: 0/1 devices online
[2025-12-11 12:40:17] Status: 0/1 devices online
[2025-12-11 12:41:17] Status: 0/1 devices online
[2025-12-11 12:42:17] Status: 0/1 devices online
[2025-12-11 12:43:17] Status: 0/1 devices online
[2025-12-11 12:44:17] Status: 0/1 devices online
[2025-12-11 12:45:17] Status: 0/1 devices online
[2025-12-11 12:46:17] Status: 0/1 devices online
[2025-12-11 12:47:17] Status: 0/1 devices online
[2025-12-11 12:48:17] Status: 0/1 devices online
[2025-12-11 12:49:17] Status: 0/1 devices online
[2025-12-11 12:50:17] Status: 0/1 devices online
[2025-12-11 12:51:17] Status: 0/1 devices online
[2025-12-11 12:52:17] Status: 0/1 devices online
[2025-12-11 12:53:17] Status: 0/1 devices online
[2025-12-11 12:54:17] Status: 0/1 devices online
[2025-12-11 12:55:17] Status: 0/1 devices online
[2025-12-11 12:56:17] Status: 0/1 devices online
[2025-12-11 12:57:17] Status: 0/1 devices online
[2025-12-11 12:58:17] Status: 0/1 devices online
[2025-12-11 12:59:17] Status: 0/1 devices online
[2025-12-11 13:00:18] Status: 0/1 devices online
[2025-12-11 13:00:49] [2025-12-11 13:00:49] Monitoring engine stopped.
[2025-12-11 13:00:54] Network Monitor Service stopped.
[2025-12-11 17:18:04] [2025-12-11 17:18:04] Monitoring engine started.
[2025-12-11 17:18:04] Network Monitor Service started successfully.
[2025-12-11 17:18:04] Status: 0/3 devices online
[2025-12-11 17:18:04] [2025-12-11 17:18:04] Device Office Router is now Online (Ping: 0ms)
[2025-12-11 17:18:07] [2025-12-11 17:18:07] Device Google DNS is now Online (Ping: 3ms)
[2025-12-11 17:18:08] [2025-12-11 17:18:08] Device Cloudflare DNS is now Online (Ping: 17ms)
[2025-12-11 17:19:04] Status: 3/3 devices online
[2025-12-11 17:20:04] Status: 3/3 devices online
[2025-12-11 17:21:04] Status: 3/3 devices online
[2025-12-11 17:22:04] Status: 3/3 devices online
[2025-12-11 17:23:04] Status: 3/3 devices online
[2025-12-11 17:24:04] Status: 3/3 devices online
[2025-12-11 17:25:04] Status: 3/3 devices online
[2025-12-11 17:26:04] Status: 3/3 devices online
[2025-12-11 17:27:04] Status: 3/3 devices online
[2025-12-11 17:28:04] Status: 3/3 devices online
[2025-12-11 17:29:04] Status: 3/3 devices online
[2025-12-11 17:30:04] Status: 3/3 devices online
[2025-12-11 17:31:04] Status: 3/3 devices online
[2025-12-11 17:32:04] Status: 3/3 devices online
[2025-12-11 17:33:04] Status: 3/3 devices online
[2025-12-11 17:34:04] Status: 3/3 devices online
[2025-12-11 17:35:04] Status: 3/3 devices online
[2025-12-11 17:36:04] Status: 3/3 devices online
[2025-12-11 17:37:04] Status: 3/3 devices online
[2025-12-11 17:38:04] Status: 3/3 devices online
[2025-12-11 17:39:04] Status: 3/3 devices online
[2025-12-11 17:40:04] Status: 3/3 devices online
[2025-12-11 17:41:04] Status: 3/3 devices online
[2025-12-11 17:42:04] Status: 3/3 devices online
[2025-12-11 17:43:04] Status: 3/3 devices online
[2025-12-11 17:44:04] Status: 3/3 devices online
[2025-12-11 17:45:04] Status: 3/3 devices online
[2025-12-11 17:46:04] Status: 3/3 devices online
[2025-12-11 17:47:04] Status: 3/3 devices online
[2025-12-11 17:48:04] Status: 3/3 devices online
[2025-12-11 17:49:04] Status: 3/3 devices online
[2025-12-11 17:50:04] Status: 3/3 devices online
[2025-12-11 17:51:04] Status: 3/3 devices online
[2025-12-11 17:52:04] Status: 3/3 devices online
[2025-12-11 17:53:04] Status: 3/3 devices online
[2025-12-11 17:54:04] Status: 3/3 devices online
[2025-12-11 17:55:04] Status: 3/3 devices online
[2025-12-11 17:56:04] Status: 3/3 devices online
[2025-12-11 17:57:04] Status: 3/3 devices online
[2025-12-11 17:58:04] Status: 3/3 devices online
[2025-12-11 17:59:04] Status: 3/3 devices online
[2025-12-11 18:00:04] Status: 3/3 devices online
[2025-12-11 18:01:04] Status: 3/3 devices online
[2025-12-11 18:02:04] Status: 3/3 devices online
[2025-12-11 18:03:04] Status: 3/3 devices online
[2025-12-11 18:04:04] Status: 3/3 devices online
[2025-12-11 18:05:04] Status: 3/3 devices online
[2025-12-11 18:06:04] Status: 3/3 devices online
[2025-12-11 18:07:04] Status: 3/3 devices online
[2025-12-11 18:08:04] Status: 3/3 devices online
[2025-12-11 18:09:04] Status: 3/3 devices online
[2025-12-11 18:10:04] Status: 3/3 devices online
[2025-12-11 18:11:04] Status: 3/3 devices online
[2025-12-11 18:12:04] Status: 3/3 devices online
[2025-12-11 18:13:05] Status: 3/3 devices online
[2025-12-11 18:14:05] Status: 3/3 devices online
[2025-12-11 18:15:05] Status: 3/3 devices online
[2025-12-11 18:16:05] Status: 3/3 devices online
[2025-12-11 18:17:05] Status: 3/3 devices online
[2025-12-11 18:18:05] Status: 3/3 devices online
[2025-12-11 18:19:05] Status: 3/3 devices online
[2025-12-11 18:20:05] Status: 3/3 devices online
[2025-12-11 18:21:05] Status: 3/3 devices online
[2025-12-11 18:22:05] Status: 3/3 devices online
[2025-12-11 18:23:05] Status: 3/3 devices online
[2025-12-11 18:24:05] Status: 3/3 devices online
[2025-12-11 18:25:05] Status: 3/3 devices online
[2025-12-11 18:26:05] Status: 3/3 devices online
[2025-12-11 18:27:05] Status: 3/3 devices online
[2025-12-11 18:28:05] Status: 3/3 devices online
[2025-12-11 18:29:05] Status: 3/3 devices online
[2025-12-11 18:30:05] Status: 3/3 devices online
[2025-12-11 18:31:05] Status: 3/3 devices online
[2025-12-11 18:32:05] Status: 3/3 devices online
[2025-12-11 18:33:05] Status: 3/3 devices online
[2025-12-11 18:34:05] Status: 3/3 devices online
[2025-12-11 18:35:05] Status: 3/3 devices online
[2025-12-11 18:36:05] Status: 3/3 devices online
[2025-12-11 18:37:05] Status: 3/3 devices online
[2025-12-11 18:38:05] Status: 3/3 devices online
[2025-12-11 18:39:05] Status: 3/3 devices online
[2025-12-11 18:40:05] Status: 3/3 devices online
[2025-12-11 18:41:05] Status: 3/3 devices online
[2025-12-11 18:42:05] Status: 3/3 devices online
[2025-12-11 18:43:05] Status: 3/3 devices online
[2025-12-11 18:44:05] Status: 3/3 devices online
[2025-12-11 18:45:05] Status: 3/3 devices online
[2025-12-11 18:46:05] Status: 3/3 devices online
[2025-12-11 18:47:05] Status: 3/3 devices online
[2025-12-11 18:48:05] Status: 3/3 devices online
[2025-12-11 18:49:05] Status: 3/3 devices online
[2025-12-11 18:50:05] Status: 3/3 devices online
[2025-12-11 18:51:05] Status: 3/3 devices online
[2025-12-11 18:52:05] Status: 3/3 devices online
[2025-12-11 18:53:05] Status: 3/3 devices online
[2025-12-11 18:54:05] Status: 3/3 devices online
[2025-12-11 18:55:05] Status: 3/3 devices online
[2025-12-11 18:56:05] Status: 3/3 devices online
[2025-12-11 18:57:05] Status: 3/3 devices online
[2025-12-11 18:58:05] Status: 3/3 devices online
[2025-12-11 18:59:05] Status: 3/3 devices online
[2025-12-11 19:00:05] Status: 3/3 devices online
[2025-12-11 19:01:05] Status: 3/3 devices online
[2025-12-11 19:02:05] Status: 3/3 devices online
[2025-12-11 19:03:05] Status: 3/3 devices online
[2025-12-11 19:04:05] Status: 3/3 devices online
[2025-12-11 19:05:05] Status: 3/3 devices online
[2025-12-11 19:06:05] Status: 3/3 devices online
[2025-12-11 19:07:05] Status: 3/3 devices online
[2025-12-11 19:08:05] Status: 3/3 devices online
[2025-12-11 19:09:05] Status: 3/3 devices online
[2025-12-11 19:10:05] Status: 3/3 devices online
[2025-12-11 19:11:05] Status: 3/3 devices online
[2025-12-11 19:12:05] Status: 3/3 devices online
[2025-12-11 19:13:05] Status: 3/3 devices online
[2025-12-11 19:14:05] Status: 3/3 devices online
[2025-12-11 19:15:05] Status: 3/3 devices online
[2025-12-11 19:16:05] Status: 3/3 devices online
[2025-12-11 19:17:05] Status: 3/3 devices online
[2025-12-11 19:18:05] Status: 3/3 devices online
[2025-12-11 19:19:05] Status: 3/3 devices online
[2025-12-11 19:20:05] Status: 3/3 devices online
[2025-12-11 19:21:05] Status: 3/3 devices online
[2025-12-11 19:22:05] Status: 3/3 devices online
[2025-12-11 19:23:05] Status: 3/3 devices online
[2025-12-11 19:24:05] Status: 3/3 devices online
[2025-12-11 19:25:05] Status: 3/3 devices online
[2025-12-11 19:26:05] Status: 3/3 devices online
[2025-12-11 19:27:05] Status: 3/3 devices online
[2025-12-11 19:28:05] Status: 3/3 devices online
[2025-12-11 19:29:05] Status: 3/3 devices online
[2025-12-11 19:30:05] Status: 3/3 devices online
[2025-12-11 19:31:05] Status: 3/3 devices online
[2025-12-11 19:32:05] Status: 3/3 devices online
[2025-12-11 19:33:05] Status: 3/3 devices online
[2025-12-11 19:34:05] Status: 3/3 devices online
[2025-12-11 19:35:05] Status: 3/3 devices online
[2025-12-11 19:36:05] Status: 3/3 devices online
[2025-12-11 19:37:05] Status: 3/3 devices online
[2025-12-11 19:38:05] Status: 3/3 devices online
[2025-12-11 19:39:05] Status: 3/3 devices online
[2025-12-11 19:40:05] Status: 3/3 devices online
[2025-12-11 19:41:05] Status: 3/3 devices online
[2025-12-11 19:42:05] Status: 3/3 devices online
[2025-12-11 19:43:05] Status: 3/3 devices online
[2025-12-11 19:44:05] Status: 3/3 devices online
[2025-12-11 19:45:05] Status: 3/3 devices online
[2025-12-11 19:46:05] Status: 3/3 devices online
[2025-12-11 19:47:05] Status: 3/3 devices online
[2025-12-11 19:48:05] Status: 3/3 devices online
[2025-12-11 19:49:05] Status: 3/3 devices online
[2025-12-11 19:50:05] Status: 3/3 devices online
[2025-12-11 19:51:05] Status: 3/3 devices online
[2025-12-11 19:52:05] Status: 3/3 devices online
[2025-12-11 19:53:05] Status: 3/3 devices online
[2025-12-11 19:54:05] Status: 3/3 devices online
[2025-12-11 19:55:06] Status: 3/3 devices online
[2025-12-11 19:56:06] Status: 3/3 devices online
[2025-12-11 19:57:06] Status: 3/3 devices online
[2025-12-11 19:58:06] Status: 3/3 devices online
[2025-12-11 19:59:06] Status: 3/3 devices online
[2025-12-11 20:00:06] Status: 3/3 devices online
[2025-12-11 20:01:06] Status: 3/3 devices online
[2025-12-11 20:02:06] Status: 3/3 devices online
[2025-12-11 20:03:06] Status: 3/3 devices online
[2025-12-11 20:04:06] Status: 3/3 devices online
[2025-12-11 20:05:06] Status: 3/3 devices online
[2025-12-11 20:06:06] Status: 3/3 devices online
[2025-12-11 20:07:06] Status: 3/3 devices online
[2025-12-11 20:08:06] Status: 3/3 devices online
[2025-12-11 20:09:06] Status: 3/3 devices online
[2025-12-11 20:10:06] Status: 3/3 devices online
[2025-12-11 20:11:06] Status: 3/3 devices online
[2025-12-11 20:12:06] Status: 3/3 devices online
[2025-12-11 20:13:06] Status: 3/3 devices online
[2025-12-11 20:14:06] Status: 3/3 devices online
[2025-12-11 20:15:06] Status: 3/3 devices online
[2025-12-11 20:16:06] Status: 3/3 devices online
[2025-12-11 20:17:06] Status: 3/3 devices online
[2025-12-11 20:18:06] Status: 3/3 devices online
[2025-12-11 20:19:06] Status: 3/3 devices online
[2025-12-11 20:20:06] Status: 3/3 devices online
[2025-12-11 20:21:06] Status: 3/3 devices online
[2025-12-11 20:22:06] Status: 3/3 devices online
[2025-12-11 20:23:06] Status: 3/3 devices online
[2025-12-11 20:24:06] Status: 3/3 devices online
[2025-12-11 20:25:06] Status: 3/3 devices online
[2025-12-11 20:26:06] Status: 3/3 devices online
[2025-12-11 20:27:06] Status: 3/3 devices online
[2025-12-11 20:28:06] Status: 3/3 devices online
[2025-12-11 20:29:06] Status: 3/3 devices online
[2025-12-11 20:30:06] Status: 3/3 devices online
[2025-12-11 20:31:06] Status: 3/3 devices online
[2025-12-11 20:32:06] Status: 3/3 devices online
[2025-12-11 20:33:06] Status: 3/3 devices online
[2025-12-11 20:34:06] Status: 3/3 devices online
[2025-12-11 20:35:06] Status: 3/3 devices online
[2025-12-11 20:36:06] Status: 3/3 devices online
[2025-12-11 20:37:06] Status: 3/3 devices online
[2025-12-11 20:38:06] Status: 3/3 devices online
[2025-12-11 20:39:06] Status: 3/3 devices online
[2025-12-11 20:40:06] Status: 3/3 devices online
[2025-12-11 20:41:06] Status: 3/3 devices online
[2025-12-11 20:42:06] Status: 3/3 devices online
[2025-12-11 20:43:06] Status: 3/3 devices online
[2025-12-11 20:44:06] Status: 3/3 devices online
[2025-12-11 20:45:06] Status: 3/3 devices online
[2025-12-11 20:46:06] Status: 3/3 devices online
[2025-12-11 20:47:06] Status: 3/3 devices online
[2025-12-11 20:48:06] Status: 3/3 devices online
[2025-12-11 20:49:06] Status: 3/3 devices online
[2025-12-11 20:50:06] Status: 3/3 devices online
[2025-12-11 20:51:06] Status: 3/3 devices online
[2025-12-11 20:52:06] Status: 3/3 devices online
[2025-12-11 20:53:06] Status: 3/3 devices online
[2025-12-11 20:54:06] Status: 3/3 devices online
[2025-12-11 20:55:06] Status: 3/3 devices online
[2025-12-11 20:56:06] Status: 3/3 devices online
[2025-12-11 20:57:06] Status: 3/3 devices online
[2025-12-11 20:58:06] Status: 3/3 devices online
[2025-12-11 20:59:06] Status: 3/3 devices online
[2025-12-11 21:00:06] Status: 3/3 devices online
[2025-12-11 21:01:06] Status: 3/3 devices online
[2025-12-11 21:02:06] Status: 3/3 devices online
[2025-12-11 21:03:06] Status: 3/3 devices online
[2025-12-11 21:04:06] Status: 3/3 devices online
[2025-12-11 21:05:06] Status: 3/3 devices online
[2025-12-11 21:06:06] Status: 3/3 devices online
[2025-12-11 21:07:06] Status: 3/3 devices online
[2025-12-11 21:08:06] Status: 3/3 devices online
[2025-12-11 21:09:06] Status: 3/3 devices online
[2025-12-11 21:10:06] Status: 3/3 devices online
[2025-12-11 21:11:06] Status: 3/3 devices online
[2025-12-11 21:12:06] Status: 3/3 devices online
[2025-12-11 21:13:06] Status: 3/3 devices online
[2025-12-11 21:14:06] Status: 3/3 devices online
[2025-12-11 21:15:06] Status: 3/3 devices online
[2025-12-11 21:16:06] Status: 3/3 devices online
[2025-12-11 21:17:06] Status: 3/3 devices online
[2025-12-11 21:18:06] Status: 3/3 devices online
[2025-12-11 21:19:06] Status: 3/3 devices online
[2025-12-11 21:20:06] Status: 3/3 devices online
[2025-12-11 21:21:06] Status: 3/3 devices online
[2025-12-11 21:22:06] Status: 3/3 devices online
[2025-12-11 21:23:06] Status: 3/3 devices online
[2025-12-11 21:24:06] Status: 3/3 devices online
[2025-12-11 21:25:06] Status: 3/3 devices online
[2025-12-11 21:26:06] Status: 3/3 devices online
[2025-12-11 21:27:06] Status: 3/3 devices online
[2025-12-11 21:28:06] Status: 3/3 devices online
[2025-12-11 21:29:06] Status: 3/3 devices online
[2025-12-11 21:30:06] Status: 3/3 devices online
[2025-12-11 21:31:06] Status: 3/3 devices online
[2025-12-11 21:32:07] Status: 3/3 devices online
[2025-12-11 21:33:07] Status: 3/3 devices online
[2025-12-11 21:34:07] Status: 3/3 devices online
[2025-12-11 21:35:07] Status: 3/3 devices online
[2025-12-11 21:36:07] Status: 3/3 devices online
[2025-12-11 21:37:07] Status: 3/3 devices online
[2025-12-11 21:38:07] Status: 3/3 devices online
[2025-12-11 21:39:07] Status: 3/3 devices online
[2025-12-11 21:40:07] Status: 3/3 devices online
[2025-12-11 21:41:07] Status: 3/3 devices online
[2025-12-11 21:42:07] Status: 3/3 devices online
[2025-12-11 21:43:07] Status: 3/3 devices online
[2025-12-11 21:44:07] Status: 3/3 devices online
[2025-12-11 21:45:07] Status: 3/3 devices online
[2025-12-11 21:46:07] Status: 3/3 devices online
[2025-12-11 21:47:07] Status: 3/3 devices online
[2025-12-11 21:48:07] Status: 3/3 devices online
[2025-12-11 21:49:07] Status: 3/3 devices online
[2025-12-11 21:50:07] Status: 3/3 devices online
[2025-12-11 21:51:07] Status: 3/3 devices online
[2025-12-11 21:52:07] Status: 3/3 devices online
[2025-12-11 21:53:07] Status: 3/3 devices online
[2025-12-11 21:54:07] Status: 3/3 devices online
[2025-12-11 21:55:07] Status: 3/3 devices online
[2025-12-11 21:56:07] Status: 3/3 devices online
[2025-12-11 21:57:07] Status: 3/3 devices online
[2025-12-11 21:58:07] Status: 3/3 devices online
[2025-12-11 21:59:07] Status: 3/3 devices online
[2025-12-11 22:00:07] Status: 3/3 devices online
[2025-12-11 22:01:07] Status: 3/3 devices online
[2025-12-11 22:02:07] Status: 3/3 devices online
[2025-12-11 22:03:07] Status: 3/3 devices online
[2025-12-11 22:04:07] Status: 3/3 devices online
[2025-12-11 22:05:07] Status: 3/3 devices online
[2025-12-11 22:06:07] Status: 3/3 devices online
[2025-12-11 22:07:07] Status: 3/3 devices online
[2025-12-11 22:08:07] Status: 3/3 devices online
[2025-12-11 22:09:07] Status: 3/3 devices online
[2025-12-11 22:10:07] Status: 3/3 devices online
[2025-12-11 22:11:07] Status: 3/3 devices online
[2025-12-11 22:12:07] Status: 3/3 devices online
[2025-12-11 22:13:07] Status: 3/3 devices online
[2025-12-11 22:14:07] Status: 3/3 devices online
[2025-12-11 22:15:07] Status: 3/3 devices online
[2025-12-11 22:16:07] Status: 3/3 devices online
[2025-12-11 22:17:07] Status: 3/3 devices online
[2025-12-11 22:18:07] Status: 3/3 devices online
[2025-12-11 22:19:07] Status: 3/3 devices online
[2025-12-11 22:20:07] Status: 3/3 devices online
[2025-12-11 22:21:07] Status: 3/3 devices online
[2025-12-11 22:22:07] Status: 3/3 devices online
[2025-12-11 22:23:07] Status: 3/3 devices online
[2025-12-11 22:24:07] Status: 3/3 devices online
[2025-12-11 22:25:07] Status: 3/3 devices online
[2025-12-11 22:26:07] Status: 3/3 devices online
[2025-12-11 22:27:07] Status: 3/3 devices online
[2025-12-11 22:28:07] Status: 3/3 devices online
[2025-12-11 22:29:07] Status: 3/3 devices online
[2025-12-11 22:30:07] Status: 3/3 devices online
[2025-12-11 22:31:07] Status: 3/3 devices online
[2025-12-11 22:32:07] Status: 3/3 devices online
[2025-12-11 22:33:07] Status: 3/3 devices online
[2025-12-11 22:34:07] Status: 3/3 devices online
[2025-12-11 22:35:07] Status: 3/3 devices online
[2025-12-11 22:36:07] Status: 3/3 devices online
[2025-12-11 22:37:07] Status: 3/3 devices online
[2025-12-11 22:38:07] Status: 3/3 devices online
[2025-12-11 22:39:07] Status: 3/3 devices online
[2025-12-11 22:40:07] Status: 3/3 devices online
[2025-12-11 22:41:07] Status: 3/3 devices online
[2025-12-11 22:42:07] Status: 3/3 devices online
[2025-12-11 22:43:07] Status: 3/3 devices online
[2025-12-11 22:44:07] Status: 3/3 devices online
[2025-12-11 22:45:07] Status: 3/3 devices online
[2025-12-11 22:46:07] Status: 3/3 devices online
[2025-12-11 22:47:07] Status: 3/3 devices online
[2025-12-11 22:48:07] Status: 3/3 devices online
[2025-12-11 22:49:07] Status: 3/3 devices online
[2025-12-11 22:50:07] Status: 3/3 devices online
[2025-12-11 22:51:07] Status: 3/3 devices online
[2025-12-11 22:52:07] Status: 3/3 devices online
[2025-12-11 22:53:07] Status: 3/3 devices online
[2025-12-11 22:54:07] Status: 3/3 devices online
[2025-12-11 22:55:07] Status: 3/3 devices online
[2025-12-11 22:56:07] Status: 3/3 devices online
[2025-12-11 22:57:07] Status: 3/3 devices online
[2025-12-11 22:58:07] Status: 3/3 devices online
[2025-12-11 22:59:07] Status: 3/3 devices online
[2025-12-11 23:00:07] Status: 3/3 devices online
[2025-12-11 23:01:07] Status: 3/3 devices online
[2025-12-11 23:02:07] Status: 3/3 devices online
[2025-12-11 23:03:07] Status: 3/3 devices online
[2025-12-11 23:04:07] Status: 3/3 devices online
[2025-12-11 23:05:07] Status: 3/3 devices online
[2025-12-11 23:06:07] Status: 3/3 devices online
[2025-12-11 23:07:07] Status: 3/3 devices online
[2025-12-11 23:08:07] Status: 3/3 devices online
[2025-12-11 23:09:07] Status: 3/3 devices online
[2025-12-11 23:10:07] Status: 3/3 devices online
[2025-12-11 23:11:07] Status: 3/3 devices online
[2025-12-11 23:12:07] Status: 3/3 devices online
[2025-12-11 23:13:07] Status: 3/3 devices online
[2025-12-11 23:14:07] Status: 3/3 devices online
[2025-12-11 23:15:07] Status: 3/3 devices online
[2025-12-11 23:16:07] Status: 3/3 devices online
[2025-12-11 23:17:08] Status: 3/3 devices online
[2025-12-11 23:18:08] Status: 3/3 devices online
[2025-12-11 23:19:08] Status: 3/3 devices online
[2025-12-11 23:20:08] Status: 3/3 devices online
[2025-12-11 23:21:08] Status: 3/3 devices online
[2025-12-11 23:22:08] Status: 3/3 devices online
[2025-12-11 23:23:08] Status: 3/3 devices online
[2025-12-11 23:24:08] Status: 3/3 devices online
[2025-12-11 23:25:08] Status: 3/3 devices online
[2025-12-11 23:26:08] Status: 3/3 devices online
[2025-12-11 23:27:08] Status: 3/3 devices online
[2025-12-11 23:28:08] Status: 3/3 devices online
[2025-12-11 23:29:08] Status: 3/3 devices online
[2025-12-11 23:30:08] Status: 3/3 devices online
[2025-12-11 23:31:08] Status: 3/3 devices online
[2025-12-11 23:32:08] Status: 3/3 devices online
[2025-12-11 23:33:08] Status: 3/3 devices online
[2025-12-11 23:34:08] Status: 3/3 devices online
[2025-12-11 23:35:08] Status: 3/3 devices online
[2025-12-11 23:36:08] Status: 3/3 devices online
[2025-12-11 23:37:08] Status: 3/3 devices online
[2025-12-11 23:38:08] Status: 3/3 devices online
[2025-12-11 23:39:08] Status: 3/3 devices online
[2025-12-11 23:40:08] Status: 3/3 devices online
[2025-12-11 23:41:08] Status: 3/3 devices online
[2025-12-11 23:42:08] Status: 3/3 devices online
[2025-12-11 23:43:08] Status: 3/3 devices online
[2025-12-11 23:44:08] Status: 3/3 devices online
[2025-12-11 23:45:08] Status: 3/3 devices online
[2025-12-11 23:46:08] Status: 3/3 devices online
[2025-12-11 23:47:08] Status: 3/3 devices online
[2025-12-11 23:48:08] Status: 3/3 devices online
[2025-12-11 23:49:08] Status: 3/3 devices online
[2025-12-11 23:50:08] Status: 3/3 devices online
[2025-12-11 23:51:08] Status: 3/3 devices online
[2025-12-11 23:52:08] Status: 3/3 devices online
[2025-12-11 23:53:08] Status: 3/3 devices online
[2025-12-11 23:54:08] Status: 3/3 devices online
[2025-12-11 23:55:08] Status: 3/3 devices online
[2025-12-11 23:56:08] Status: 3/3 devices online
[2025-12-11 23:57:08] Status: 3/3 devices online
[2025-12-11 23:58:08] Status: 3/3 devices online
[2025-12-11 23:59:08] Status: 3/3 devices online
[2025-12-12 00:00:08] Status: 3/3 devices online
[2025-12-12 00:01:08] Status: 3/3 devices online
[2025-12-12 00:02:08] Status: 3/3 devices online
[2025-12-12 00:03:08] Status: 3/3 devices online
[2025-12-12 00:04:08] Status: 3/3 devices online
[2025-12-12 00:05:08] Status: 3/3 devices online
[2025-12-12 00:06:08] Status: 3/3 devices online
[2025-12-12 00:07:08] Status: 3/3 devices online
[2025-12-12 00:08:08] Status: 3/3 devices online
[2025-12-12 00:09:08] Status: 3/3 devices online
[2025-12-12 00:10:08] Status: 3/3 devices online
[2025-12-12 00:11:08] Status: 3/3 devices online
[2025-12-12 00:12:08] Status: 3/3 devices online
[2025-12-12 00:13:08] Status: 3/3 devices online
[2025-12-12 00:14:08] Status: 3/3 devices online
[2025-12-12 00:15:08] Status: 3/3 devices online
[2025-12-12 00:16:08] Status: 3/3 devices online
[2025-12-12 00:17:08] Status: 3/3 devices online
[2025-12-12 00:18:08] Status: 3/3 devices online
[2025-12-12 00:19:08] Status: 3/3 devices online
[2025-12-12 00:20:08] Status: 3/3 devices online
[2025-12-12 00:21:08] Status: 3/3 devices online
[2025-12-12 00:22:08] Status: 3/3 devices online
[2025-12-12 00:23:08] Status: 3/3 devices online
[2025-12-12 00:24:08] Status: 3/3 devices online
[2025-12-12 00:25:08] Status: 3/3 devices online
[2025-12-12 00:26:08] Status: 3/3 devices online
[2025-12-12 00:27:08] Status: 3/3 devices online
[2025-12-12 00:28:08] Status: 3/3 devices online
[2025-12-12 00:29:08] Status: 3/3 devices online
[2025-12-12 00:30:08] Status: 3/3 devices online
[2025-12-12 00:31:08] Status: 3/3 devices online
[2025-12-12 00:32:08] Status: 3/3 devices online
[2025-12-12 00:33:08] Status: 3/3 devices online
[2025-12-12 00:34:08] Status: 3/3 devices online
[2025-12-12 00:35:08] Status: 3/3 devices online
[2025-12-12 00:36:08] Status: 3/3 devices online
[2025-12-12 00:37:08] Status: 3/3 devices online
[2025-12-12 00:38:08] Status: 3/3 devices online
[2025-12-12 00:39:08] Status: 3/3 devices online
[2025-12-12 00:40:08] Status: 3/3 devices online
[2025-12-12 00:41:08] Status: 3/3 devices online
[2025-12-12 00:42:08] Status: 3/3 devices online
[2025-12-12 00:43:08] Status: 3/3 devices online
[2025-12-12 00:44:08] Status: 3/3 devices online
[2025-12-12 00:45:08] Status: 3/3 devices online
[2025-12-12 00:46:08] Status: 3/3 devices online
[2025-12-12 00:47:08] Status: 3/3 devices online
[2025-12-12 00:48:08] Status: 3/3 devices online
[2025-12-12 00:49:09] Status: 3/3 devices online
[2025-12-12 00:50:09] Status: 3/3 devices online
[2025-12-12 00:51:09] Status: 3/3 devices online
[2025-12-12 00:52:09] Status: 3/3 devices online
[2025-12-12 00:53:09] Status: 3/3 devices online
[2025-12-12 00:54:09] Status: 3/3 devices online
[2025-12-12 00:55:09] Status: 3/3 devices online
[2025-12-12 00:56:09] Status: 3/3 devices online
[2025-12-12 00:57:09] Status: 3/3 devices online
[2025-12-12 00:58:09] Status: 3/3 devices online
[2025-12-12 00:59:09] Status: 3/3 devices online
[2025-12-12 01:00:09] Status: 3/3 devices online
[2025-12-12 01:01:09] Status: 3/3 devices online
[2025-12-12 01:02:09] Status: 3/3 devices online
[2025-12-12 01:03:09] Status: 3/3 devices online
[2025-12-12 01:04:09] Status: 3/3 devices online
[2025-12-12 01:05:09] Status: 3/3 devices online
[2025-12-12 01:06:09] Status: 3/3 devices online
[2025-12-12 01:07:09] Status: 3/3 devices online
[2025-12-12 01:08:09] Status: 3/3 devices online
[2025-12-12 01:09:09] Status: 3/3 devices online
[2025-12-12 01:10:09] Status: 3/3 devices online
[2025-12-12 01:11:09] Status: 3/3 devices online
[2025-12-12 01:12:09] Status: 3/3 devices online
[2025-12-12 01:13:09] Status: 3/3 devices online
[2025-12-12 01:14:09] Status: 3/3 devices online
[2025-12-12 01:15:09] Status: 3/3 devices online
[2025-12-12 01:16:09] Status: 3/3 devices online
[2025-12-12 01:17:09] Status: 3/3 devices online
[2025-12-12 01:18:09] Status: 3/3 devices online
[2025-12-12 01:19:09] Status: 3/3 devices online
[2025-12-12 01:20:09] Status: 3/3 devices online
[2025-12-12 01:21:09] Status: 3/3 devices online
[2025-12-12 01:22:09] Status: 3/3 devices online
[2025-12-12 01:23:09] Status: 3/3 devices online
[2025-12-12 01:24:09] Status: 3/3 devices online
[2025-12-12 01:25:09] Status: 3/3 devices online
[2025-12-12 01:26:09] Status: 3/3 devices online
[2025-12-12 01:27:09] Status: 3/3 devices online
[2025-12-12 01:28:09] Status: 3/3 devices online
[2025-12-12 01:29:09] Status: 3/3 devices online
[2025-12-12 01:30:09] Status: 3/3 devices online
[2025-12-12 01:31:09] Status: 3/3 devices online
[2025-12-12 01:32:09] Status: 3/3 devices online
[2025-12-12 01:33:09] Status: 3/3 devices online
[2025-12-12 01:34:09] Status: 3/3 devices online
[2025-12-12 01:35:09] Status: 3/3 devices online
[2025-12-12 01:36:09] Status: 3/3 devices online
[2025-12-12 01:37:09] Status: 3/3 devices online
[2025-12-12 01:38:09] Status: 3/3 devices online
[2025-12-12 01:39:09] Status: 3/3 devices online
[2025-12-12 01:40:09] Status: 3/3 devices online
[2025-12-12 01:41:09] Status: 3/3 devices online
[2025-12-12 01:42:09] Status: 3/3 devices online
[2025-12-12 01:43:09] Status: 3/3 devices online
[2025-12-12 01:44:09] Status: 3/3 devices online
[2025-12-12 01:45:09] Status: 3/3 devices online
[2025-12-12 01:46:09] Status: 3/3 devices online
[2025-12-12 01:47:09] Status: 3/3 devices online
[2025-12-12 01:48:09] Status: 3/3 devices online
[2025-12-12 01:49:09] Status: 3/3 devices online
[2025-12-12 01:50:09] Status: 3/3 devices online
[2025-12-12 01:51:09] Status: 3/3 devices online
[2025-12-12 01:52:09] Status: 3/3 devices online
[2025-12-12 01:53:09] Status: 3/3 devices online
[2025-12-12 01:54:09] Status: 3/3 devices online
[2025-12-12 01:55:09] Status: 3/3 devices online
[2025-12-12 01:56:09] Status: 3/3 devices online
[2025-12-12 01:57:09] Status: 3/3 devices online
[2025-12-12 01:58:09] Status: 3/3 devices online
[2025-12-12 01:59:09] Status: 3/3 devices online
[2025-12-12 02:00:09] Status: 3/3 devices online
[2025-12-12 02:01:09] Status: 3/3 devices online
[2025-12-12 02:02:09] Status: 3/3 devices online
[2025-12-12 02:03:09] Status: 3/3 devices online
[2025-12-12 02:04:09] Status: 3/3 devices online
[2025-12-12 02:05:09] Status: 3/3 devices online
[2025-12-12 02:06:09] Status: 3/3 devices online
[2025-12-12 02:07:09] Status: 3/3 devices online
[2025-12-12 02:08:09] Status: 3/3 devices online
[2025-12-12 02:09:09] Status: 3/3 devices online
[2025-12-12 02:10:09] Status: 3/3 devices online
[2025-12-12 02:11:09] Status: 3/3 devices online
[2025-12-12 02:12:09] Status: 3/3 devices online
[2025-12-12 02:13:09] Status: 3/3 devices online
[2025-12-12 02:14:09] Status: 3/3 devices online
[2025-12-12 02:15:09] Status: 3/3 devices online
[2025-12-12 02:16:09] Status: 3/3 devices online
[2025-12-12 02:17:09] Status: 3/3 devices online
[2025-12-12 02:18:09] Status: 3/3 devices online
[2025-12-12 02:19:09] Status: 3/3 devices online
[2025-12-12 02:20:09] Status: 3/3 devices online
[2025-12-12 02:21:09] Status: 3/3 devices online
[2025-12-12 02:22:09] Status: 3/3 devices online
[2025-12-12 02:23:09] Status: 3/3 devices online
[2025-12-12 02:24:09] Status: 3/3 devices online
[2025-12-12 02:25:09] Status: 3/3 devices online
[2025-12-12 02:26:09] Status: 3/3 devices online
[2025-12-12 02:27:09] Status: 3/3 devices online
[2025-12-12 02:28:10] Status: 3/3 devices online
[2025-12-12 02:29:10] Status: 3/3 devices online
[2025-12-12 02:30:10] Status: 3/3 devices online
[2025-12-12 02:31:10] Status: 3/3 devices online
[2025-12-12 02:32:10] Status: 3/3 devices online
[2025-12-12 02:33:10] Status: 3/3 devices online
[2025-12-12 02:34:10] Status: 3/3 devices online
[2025-12-12 02:35:10] Status: 3/3 devices online
[2025-12-12 02:36:10] Status: 3/3 devices online
[2025-12-12 02:37:10] Status: 3/3 devices online
[2025-12-12 02:38:10] Status: 3/3 devices online
[2025-12-12 02:39:10] Status: 3/3 devices online
[2025-12-12 02:40:10] Status: 3/3 devices online
[2025-12-12 02:41:10] Status: 3/3 devices online
[2025-12-12 02:42:10] Status: 3/3 devices online
[2025-12-12 02:43:10] Status: 3/3 devices online
[2025-12-12 02:44:10] Status: 3/3 devices online
[2025-12-12 02:45:10] Status: 3/3 devices online
[2025-12-12 02:46:10] Status: 3/3 devices online
[2025-12-12 02:47:10] Status: 3/3 devices online
[2025-12-12 02:48:10] Status: 3/3 devices online
[2025-12-12 02:49:10] Status: 3/3 devices online
[2025-12-12 02:50:10] Status: 3/3 devices online
[2025-12-12 02:51:10] Status: 3/3 devices online
[2025-12-12 02:52:10] Status: 3/3 devices online
[2025-12-12 02:53:10] Status: 3/3 devices online
[2025-12-12 02:54:10] Status: 3/3 devices online
[2025-12-12 02:55:10] Status: 3/3 devices online
[2025-12-12 02:56:10] Status: 3/3 devices online
[2025-12-12 02:57:10] Status: 3/3 devices online
[2025-12-12 02:58:10] Status: 3/3 devices online
[2025-12-12 02:59:10] Status: 3/3 devices online
[2025-12-12 03:00:10] Status: 3/3 devices online
[2025-12-12 03:01:10] Status: 3/3 devices online
[2025-12-12 03:02:10] Status: 3/3 devices online
[2025-12-12 03:03:10] Status: 3/3 devices online
[2025-12-12 03:04:10] Status: 3/3 devices online
[2025-12-12 03:05:10] Status: 3/3 devices online
[2025-12-12 03:06:24] [2025-12-12 03:06:24] Monitoring engine started.
[2025-12-12 03:06:24] [2025-12-12 03:06:24] Starting to monitor 3 devices...
[2025-12-12 03:06:24] Network Monitor Service started successfully.
[2025-12-12 03:06:24] Status: 0/3 devices online
[2025-12-12 03:06:24] [2025-12-12 03:06:24] Device Office Router is now Online (Ping: 2ms)
[2025-12-12 03:06:27] [2025-12-12 03:06:27] Device Google DNS is now Online (Ping: 3ms)
[2025-12-12 03:06:28] [2025-12-12 03:06:28] Device Cloudflare DNS is now Online (Ping: 17ms)
[2025-12-12 03:07:24] Status: 3/3 devices online
[2025-12-12 03:08:24] Status: 3/3 devices online
[2025-12-12 09:00:26] [2025-12-12 09:00:26] Monitoring engine started.
[2025-12-12 09:00:26] [2025-12-12 09:00:26] Starting to monitor 3 devices...
[2025-12-12 09:00:26] Network Monitor Service started successfully.
[2025-12-12 09:00:26] Status: 0/3 devices online
[2025-12-12 09:00:26] [2025-12-12 09:00:26] Device Google DNS is now Online (Ping: 3ms)
[2025-12-12 09:00:29] [2025-12-12 09:00:29] Device Cloudflare DNS is now Online (Ping: 17ms)
[2025-12-12 09:01:01] [2025-12-12 09:01:01] Device Office Router is now Online (Ping: 0ms)
[2025-12-12 09:01:26] Status: 3/3 devices online
[2025-12-12 09:02:26] Status: 3/3 devices online
[2025-12-12 09:03:26] Status: 3/3 devices online
[2025-12-12 09:04:26] Status: 3/3 devices online
[2025-12-12 09:05:26] Status: 3/3 devices online
[2025-12-12 09:06:26] Status: 3/3 devices online
[2025-12-12 09:07:26] Status: 3/3 devices online
[2025-12-12 09:08:26] Status: 3/3 devices online
[2025-12-12 09:09:26] Status: 3/3 devices online
[2025-12-12 09:10:26] Status: 3/3 devices online
[2025-12-12 09:11:26] Status: 3/3 devices online
[2025-12-12 09:12:26] Status: 3/3 devices online
[2025-12-12 09:13:26] Status: 3/3 devices online
[2025-12-12 09:14:26] Status: 3/3 devices online
[2025-12-12 09:15:26] Status: 3/3 devices online
[2025-12-12 09:16:26] Status: 3/3 devices online
[2025-12-12 09:17:26] Status: 3/3 devices online
[2025-12-12 09:18:26] Status: 3/3 devices online
[2025-12-12 09:19:26] Status: 3/3 devices online
[2025-12-12 09:20:26] Status: 3/3 devices online
[2025-12-12 09:21:26] Status: 3/3 devices online
[2025-12-12 09:22:26] Status: 3/3 devices online
[2025-12-12 09:23:26] Status: 3/3 devices online
[2025-12-12 09:24:26] Status: 3/3 devices online
[2025-12-12 09:25:26] Status: 3/3 devices online
[2025-12-12 09:26:26] Status: 3/3 devices online
[2025-12-12 09:27:26] Status: 3/3 devices online
[2025-12-12 09:28:26] Status: 3/3 devices online
[2025-12-12 09:29:26] Status: 3/3 devices online
[2025-12-12 09:30:26] Status: 3/3 devices online
[2025-12-12 09:31:26] Status: 3/3 devices online
[2025-12-12 09:32:26] Status: 3/3 devices online
[2025-12-12 09:33:26] Status: 3/3 devices online
[2025-12-12 09:34:26] Status: 3/3 devices online
[2025-12-12 09:35:26] Status: 3/3 devices online
[2025-12-12 09:36:26] Status: 3/3 devices online
[2025-12-12 09:37:26] Status: 3/3 devices online
[2025-12-12 09:38:26] Status: 3/3 devices online
[2025-12-12 09:39:26] Status: 3/3 devices online
[2025-12-12 09:40:26] Status: 3/3 devices online
[2025-12-12 09:41:26] Status: 3/3 devices online
[2025-12-12 09:42:26] Status: 3/3 devices online
[2025-12-12 09:43:26] Status: 3/3 devices online
[2025-12-12 09:44:26] Status: 3/3 devices online
[2025-12-12 09:45:26] Status: 3/3 devices online
[2025-12-12 09:46:26] Status: 3/3 devices online
[2025-12-12 09:47:26] Status: 3/3 devices online
[2025-12-12 09:48:26] Status: 3/3 devices online
[2025-12-12 09:49:26] Status: 3/3 devices online
[2025-12-12 09:50:26] Status: 3/3 devices online
[2025-12-12 09:51:26] Status: 3/3 devices online
[2025-12-12 09:52:26] Status: 3/3 devices online
[2025-12-12 09:53:26] Status: 3/3 devices online
[2025-12-12 09:54:26] Status: 3/3 devices online
[2025-12-12 09:55:26] Status: 3/3 devices online
[2025-12-12 09:56:26] Status: 3/3 devices online
[2025-12-12 09:57:26] Status: 3/3 devices online
[2025-12-12 09:58:26] Status: 3/3 devices online
[2025-12-12 09:59:26] Status: 3/3 devices online
[2025-12-12 10:00:26] Status: 3/3 devices online
[2025-12-12 10:01:26] Status: 3/3 devices online
[2025-12-12 10:02:26] Status: 3/3 devices online
[2025-12-12 10:03:26] Status: 3/3 devices online
[2025-12-12 10:04:26] Status: 3/3 devices online
[2025-12-12 10:05:26] Status: 3/3 devices online
[2025-12-12 10:06:26] Status: 3/3 devices online
[2025-12-12 10:07:26] Status: 3/3 devices online
[2025-12-12 10:08:26] Status: 3/3 devices online
[2025-12-12 10:09:26] Status: 3/3 devices online
[2025-12-12 10:10:26] Status: 3/3 devices online
[2025-12-12 10:11:26] Status: 3/3 devices online
[2025-12-12 10:12:26] Status: 3/3 devices online
[2025-12-12 10:13:26] Status: 3/3 devices online
[2025-12-12 10:14:26] Status: 3/3 devices online
[2025-12-12 10:15:26] Status: 3/3 devices online
[2025-12-12 10:16:26] Status: 3/3 devices online
[2025-12-12 10:17:26] Status: 3/3 devices online
[2025-12-12 10:18:27] Status: 3/3 devices online
[2025-12-12 10:19:27] Status: 3/3 devices online
[2025-12-12 10:20:27] Status: 3/3 devices online
[2025-12-12 10:21:27] Status: 3/3 devices online
[2025-12-12 10:22:27] Status: 3/3 devices online
[2025-12-12 10:23:27] Status: 3/3 devices online
[2025-12-12 10:24:27] Status: 3/3 devices online
[2025-12-12 10:25:27] Status: 3/3 devices online
[2025-12-12 10:26:27] Status: 3/3 devices online
[2025-12-12 10:27:27] Status: 3/3 devices online
[2025-12-12 10:28:27] Status: 3/3 devices online
[2025-12-12 10:29:27] Status: 3/3 devices online
[2025-12-12 10:30:27] Status: 3/3 devices online
[2025-12-12 10:31:27] Status: 3/3 devices online
[2025-12-12 10:32:27] Status: 3/3 devices online
[2025-12-12 10:33:27] Status: 3/3 devices online
[2025-12-12 10:34:27] Status: 3/3 devices online
[2025-12-12 10:35:27] Status: 3/3 devices online
[2025-12-12 10:36:27] Status: 3/3 devices online
[2025-12-12 10:37:27] Status: 3/3 devices online
[2025-12-12 10:38:27] Status: 3/3 devices online
[2025-12-12 10:39:27] Status: 3/3 devices online
[2025-12-12 10:40:27] Status: 3/3 devices online
[2025-12-12 10:41:27] Status: 3/3 devices online
[2025-12-12 10:42:27] Status: 3/3 devices online
[2025-12-12 10:43:27] Status: 3/3 devices online
[2025-12-12 10:44:27] Status: 3/3 devices online
[2025-12-12 10:45:27] Status: 3/3 devices online
[2025-12-12 10:46:27] Status: 3/3 devices online
[2025-12-12 10:47:27] Status: 3/3 devices online
[2025-12-12 10:48:27] Status: 3/3 devices online
[2025-12-12 10:49:27] Status: 3/3 devices online
[2025-12-12 10:50:27] Status: 3/3 devices online
[2025-12-12 10:51:27] Status: 3/3 devices online
[2025-12-12 10:52:27] Status: 3/3 devices online
[2025-12-12 10:53:27] Status: 3/3 devices online
[2025-12-12 10:54:27] Status: 3/3 devices online
[2025-12-12 10:55:27] Status: 3/3 devices online
[2025-12-12 10:56:27] Status: 3/3 devices online
[2025-12-12 10:57:27] Status: 3/3 devices online
[2025-12-12 10:58:27] Status: 3/3 devices online
[2025-12-12 10:59:27] Status: 3/3 devices online
[2025-12-12 11:00:27] Status: 3/3 devices online
[2025-12-12 11:01:27] Status: 3/3 devices online
[2025-12-12 11:02:27] Status: 3/3 devices online
[2025-12-12 11:03:27] Status: 3/3 devices online
[2025-12-12 11:04:27] Status: 3/3 devices online
[2025-12-12 11:05:27] Status: 3/3 devices online
[2025-12-12 11:06:27] Status: 3/3 devices online
[2025-12-12 11:07:27] Status: 3/3 devices online
[2025-12-12 11:08:27] Status: 3/3 devices online
[2025-12-12 11:09:27] Status: 3/3 devices online
[2025-12-12 11:10:27] Status: 3/3 devices online
[2025-12-12 11:11:27] Status: 3/3 devices online
[2025-12-12 11:12:27] Status: 3/3 devices online
[2025-12-12 11:13:27] Status: 3/3 devices online
[2025-12-12 11:14:27] Status: 3/3 devices online
[2025-12-12 11:15:27] Status: 3/3 devices online
[2025-12-12 11:16:27] Status: 3/3 devices online
[2025-12-12 11:17:27] Status: 3/3 devices online
[2025-12-12 11:18:27] Status: 3/3 devices online
[2025-12-12 11:19:27] Status: 3/3 devices online
[2025-12-12 11:20:27] Status: 3/3 devices online
[2025-12-12 11:21:27] Status: 3/3 devices online
[2025-12-12 11:22:27] Status: 3/3 devices online
[2025-12-12 11:23:27] Status: 3/3 devices online
[2025-12-12 11:24:27] Status: 3/3 devices online
[2025-12-12 11:25:27] Status: 3/3 devices online
[2025-12-12 11:26:27] Status: 3/3 devices online
[2025-12-12 11:27:27] Status: 3/3 devices online
[2025-12-12 11:28:27] Status: 3/3 devices online
[2025-12-12 11:29:27] Status: 3/3 devices online
[2025-12-12 11:30:27] Status: 3/3 devices online
[2025-12-12 11:31:27] Status: 3/3 devices online
[2025-12-12 11:32:27] Status: 3/3 devices online
[2025-12-12 11:33:27] Status: 3/3 devices online
[2025-12-12 11:34:27] Status: 3/3 devices online
[2025-12-12 11:35:27] Status: 3/3 devices online
[2025-12-12 11:36:27] Status: 3/3 devices online
[2025-12-12 11:37:27] Status: 3/3 devices online
[2025-12-12 11:38:27] Status: 3/3 devices online
[2025-12-12 11:39:27] Status: 3/3 devices online
[2025-12-12 11:40:27] Status: 3/3 devices online
[2025-12-12 11:41:27] Status: 3/3 devices online
[2025-12-12 11:42:27] Status: 3/3 devices online
[2025-12-12 11:43:27] Status: 3/3 devices online
[2025-12-12 11:44:27] Status: 3/3 devices online
[2025-12-12 11:45:27] Status: 3/3 devices online
[2025-12-12 11:46:27] Status: 3/3 devices online
[2025-12-12 11:47:27] Status: 3/3 devices online
[2025-12-12 11:48:27] Status: 3/3 devices online
[2025-12-12 11:49:27] Status: 3/3 devices online
[2025-12-12 11:50:27] Status: 3/3 devices online
[2025-12-12 11:51:27] Status: 3/3 devices online
[2025-12-12 11:52:27] Status: 3/3 devices online
[2025-12-12 11:53:27] Status: 3/3 devices online
[2025-12-12 11:54:27] Status: 3/3 devices online
[2025-12-12 11:55:27] Status: 3/3 devices online
[2025-12-12 11:56:27] Status: 3/3 devices online
[2025-12-12 11:57:27] Status: 3/3 devices online
[2025-12-12 11:58:27] Status: 3/3 devices online
[2025-12-12 11:59:27] Status: 3/3 devices online
[2025-12-12 12:00:27] Status: 3/3 devices online
[2025-12-12 12:01:27] Status: 3/3 devices online
[2025-12-12 12:02:27] Status: 3/3 devices online
[2025-12-12 12:03:27] Status: 3/3 devices online
[2025-12-12 12:04:27] Status: 3/3 devices online
[2025-12-12 12:05:27] Status: 3/3 devices online
[2025-12-12 12:06:27] Status: 3/3 devices online
[2025-12-12 12:07:27] Status: 3/3 devices online
[2025-12-12 12:08:27] Status: 3/3 devices online
[2025-12-12 12:09:27] Status: 3/3 devices online
[2025-12-12 12:10:27] Status: 3/3 devices online
[2025-12-12 12:11:27] Status: 3/3 devices online
[2025-12-12 12:12:27] Status: 3/3 devices online
[2025-12-12 12:13:27] Status: 3/3 devices online
[2025-12-12 12:14:27] Status: 3/3 devices online
[2025-12-12 12:15:27] Status: 3/3 devices online
[2025-12-12 12:16:27] Status: 3/3 devices online
[2025-12-12 12:17:28] Status: 3/3 devices online
[2025-12-12 12:18:28] Status: 3/3 devices online
[2025-12-12 12:19:28] Status: 3/3 devices online
[2025-12-12 12:20:28] Status: 3/3 devices online
[2025-12-12 12:21:28] Status: 3/3 devices online
[2025-12-12 12:22:28] Status: 3/3 devices online
[2025-12-12 12:23:28] Status: 3/3 devices online
[2025-12-12 12:24:28] Status: 3/3 devices online
[2025-12-12 12:25:28] Status: 3/3 devices online
[2025-12-12 12:26:28] Status: 3/3 devices online
[2025-12-12 12:27:28] Status: 3/3 devices online
[2025-12-12 12:28:28] Status: 3/3 devices online
[2025-12-12 12:29:28] Status: 3/3 devices online
[2025-12-12 12:30:28] Status: 3/3 devices online
[2025-12-12 12:31:28] Status: 3/3 devices online
[2025-12-12 12:32:28] Status: 3/3 devices online
[2025-12-12 12:33:28] Status: 3/3 devices online
[2025-12-12 12:34:28] Status: 3/3 devices online
[2025-12-12 12:35:28] Status: 3/3 devices online
[2025-12-12 12:36:28] Status: 3/3 devices online
[2025-12-12 12:37:28] Status: 3/3 devices online
[2025-12-12 12:38:28] Status: 3/3 devices online
[2025-12-12 12:39:28] Status: 3/3 devices online
[2025-12-12 12:40:28] Status: 3/3 devices online
[2025-12-12 12:41:28] Status: 3/3 devices online
[2025-12-12 12:42:28] Status: 3/3 devices online
[2025-12-12 12:43:28] Status: 3/3 devices online
[2025-12-12 12:44:28] Status: 3/3 devices online
[2025-12-12 12:45:28] Status: 3/3 devices online
[2025-12-12 12:46:28] Status: 3/3 devices online
[2025-12-12 12:47:28] Status: 3/3 devices online
[2025-12-12 12:48:28] Status: 3/3 devices online
[2025-12-12 12:49:28] Status: 3/3 devices online
[2025-12-12 12:50:28] Status: 3/3 devices online
[2025-12-12 12:51:28] Status: 3/3 devices online
[2025-12-12 12:52:28] Status: 3/3 devices online
[2025-12-12 12:53:28] Status: 3/3 devices online
[2025-12-12 12:53:53] [2025-12-12 12:53:53] Monitoring engine stopped.
[2025-12-12 12:53:58] Network Monitor Service stopped.
[2025-12-12 12:54:00] [2025-12-12 12:54:00] Monitoring engine started.
[2025-12-12 12:54:00] Network Monitor Service started successfully.
[2025-12-12 12:54:00] [2025-12-12 12:54:00] Starting to monitor 3 devices...
[2025-12-12 12:54:00] Status: 0/3 devices online
[2025-12-12 12:54:00] [2025-12-12 12:54:00] Device Office Router is now Online (Ping: 0ms)
[2025-12-12 12:54:04] [2025-12-12 12:54:04] Device Google DNS is now Online (Ping: 3ms)
[2025-12-12 12:54:05] [2025-12-12 12:54:05] Device Cloudflare DNS is now Online (Ping: 10ms)
[2025-12-12 12:55:00] Status: 3/3 devices online
[2025-12-12 12:56:00] Status: 3/3 devices online
[2025-12-12 12:57:00] Status: 3/3 devices online
[2025-12-12 12:58:00] Status: 3/3 devices online
[2025-12-12 12:59:00] Status: 3/3 devices online
[2025-12-12 13:00:00] Status: 3/3 devices online
[2025-12-12 13:01:00] Status: 3/3 devices online
[2025-12-12 13:02:00] Status: 3/3 devices online
[2025-12-12 13:03:00] Status: 3/3 devices online
[2025-12-12 13:04:00] Status: 3/3 devices online
[2025-12-12 13:05:00] Status: 3/3 devices online
[2025-12-12 13:06:00] Status: 3/3 devices online
[2025-12-12 13:07:00] Status: 3/3 devices online
[2025-12-12 13:08:00] Status: 3/3 devices online
[2025-12-12 13:09:00] Status: 3/3 devices online
[2025-12-12 13:10:00] Status: 3/3 devices online
[2025-12-12 13:11:00] Status: 3/3 devices online
[2025-12-12 13:12:00] Status: 3/3 devices online
[2025-12-12 13:13:00] Status: 3/3 devices online
[2025-12-12 13:14:00] Status: 3/3 devices online
[2025-12-12 13:15:00] Status: 3/3 devices online
[2025-12-12 13:16:00] Status: 3/3 devices online
[2025-12-12 13:17:00] Status: 3/3 devices online
[2025-12-12 13:18:00] Status: 3/3 devices online
[2025-12-12 13:19:00] Status: 3/3 devices online
[2025-12-12 13:20:00] Status: 3/3 devices online
[2025-12-12 13:21:00] Status: 3/3 devices online
[2025-12-12 13:22:00] Status: 3/3 devices online
[2025-12-12 13:23:00] Status: 3/3 devices online
[2025-12-12 13:24:00] Status: 3/3 devices online
[2025-12-12 13:25:00] Status: 3/3 devices online
[2025-12-12 13:26:00] Status: 3/3 devices online
[2025-12-12 13:27:00] Status: 3/3 devices online
[2025-12-12 13:28:00] Status: 3/3 devices online
[2025-12-12 13:29:00] Status: 3/3 devices online
[2025-12-12 13:30:00] Status: 3/3 devices online
[2025-12-12 13:31:00] Status: 3/3 devices online
[2025-12-12 13:32:00] Status: 3/3 devices online
[2025-12-12 13:33:00] Status: 3/3 devices online
[2025-12-12 13:34:00] Status: 3/3 devices online
[2025-12-12 13:35:00] Status: 3/3 devices online
[2025-12-12 13:36:00] Status: 3/3 devices online
[2025-12-12 13:37:00] Status: 3/3 devices online
[2025-12-12 13:38:00] Status: 3/3 devices online
[2025-12-12 13:39:00] Status: 3/3 devices online
[2025-12-12 13:40:01] Status: 3/3 devices online
[2025-12-12 13:41:01] Status: 3/3 devices online
[2025-12-12 13:42:01] Status: 3/3 devices online
[2025-12-12 13:43:01] Status: 3/3 devices online
[2025-12-12 13:44:01] Status: 3/3 devices online
[2025-12-12 13:45:01] Status: 3/3 devices online
[2025-12-12 13:46:01] Status: 3/3 devices online
[2025-12-12 13:47:01] Status: 3/3 devices online
[2025-12-12 13:48:01] Status: 3/3 devices online
[2025-12-12 13:49:01] Status: 3/3 devices online
[2025-12-12 13:50:01] Status: 3/3 devices online
[2025-12-12 13:51:01] Status: 3/3 devices online
[2025-12-12 13:52:01] Status: 3/3 devices online
[2025-12-12 13:53:01] Status: 3/3 devices online
[2025-12-12 13:54:01] Status: 3/3 devices online
[2025-12-12 13:55:01] Status: 3/3 devices online
[2025-12-12 13:56:01] Status: 3/3 devices online
[2025-12-12 13:57:01] Status: 3/3 devices online
[2025-12-12 13:58:01] Status: 3/3 devices online
[2025-12-12 13:59:01] Status: 3/3 devices online
[2025-12-12 14:00:01] Status: 3/3 devices online
[2025-12-12 14:01:01] Status: 3/3 devices online
[2025-12-12 14:02:01] Status: 3/3 devices online
[2025-12-12 14:03:01] Status: 3/3 devices online
[2025-12-12 14:04:01] Status: 3/3 devices online
[2025-12-12 14:05:01] Status: 3/3 devices online
[2025-12-12 14:06:01] Status: 3/3 devices online
[2025-12-12 14:07:01] Status: 3/3 devices online
[2025-12-12 14:08:01] Status: 3/3 devices online
[2025-12-12 14:09:01] Status: 3/3 devices online
[2025-12-12 14:10:01] Status: 3/3 devices online
[2025-12-12 14:11:01] Status: 3/3 devices online
[2025-12-12 14:12:01] Status: 3/3 devices online
[2025-12-12 14:13:01] Status: 3/3 devices online
[2025-12-12 14:14:01] Status: 3/3 devices online
[2025-12-12 14:14:46] [2025-12-12 14:14:46] Monitoring engine stopped.
[2025-12-12 14:14:51] Network Monitor Service stopped.
[2025-12-12 14:14:51] [2025-12-12 14:14:51] Monitoring engine started.
[2025-12-12 14:14:51] Network Monitor Service started successfully.
[2025-12-12 14:14:51] [2025-12-12 14:14:51] Starting to monitor 5 devices...
[2025-12-12 14:14:51] Status: 0/5 devices online
[2025-12-12 14:14:51] [2025-12-12 14:14:51] Device Office Router is now Online (Ping: 0ms)
[2025-12-12 14:14:54] [2025-12-12 14:14:54] Device Google DNS is now Online (Ping: 3ms)
[2025-12-12 14:14:55] [2025-12-12 14:14:55] Device Cloudflare DNS is now Online (Ping: 2ms)
[2025-12-12 14:15:51] Status: 3/5 devices online
[2025-12-12 14:16:51] Status: 3/5 devices online
[2025-12-12 14:17:51] Status: 3/5 devices online
[2025-12-12 14:18:51] Status: 3/5 devices online
[2025-12-12 14:19:51] Status: 3/5 devices online
[2025-12-12 14:20:51] Status: 3/5 devices online
[2025-12-12 14:21:51] Status: 3/5 devices online
[2025-12-12 14:22:51] Status: 3/5 devices online
[2025-12-12 14:23:51] Status: 3/5 devices online
[2025-12-12 14:24:51] Status: 3/5 devices online
[2025-12-12 14:25:51] Status: 3/5 devices online
[2025-12-12 14:26:51] Status: 3/5 devices online
[2025-12-12 14:27:51] Status: 3/5 devices online
[2025-12-12 14:28:51] Status: 3/5 devices online
[2025-12-12 14:29:51] Status: 3/5 devices online
[2025-12-12 14:30:51] Status: 3/5 devices online
[2025-12-12 14:31:51] Status: 3/5 devices online
[2025-12-12 14:32:51] Status: 3/5 devices online
[2025-12-12 14:33:51] Status: 3/5 devices online
[2025-12-12 14:34:51] Status: 3/5 devices online
[2025-12-12 14:35:52] Status: 3/5 devices online
[2025-12-12 14:36:52] Status: 3/5 devices online
[2025-12-12 14:37:37] [2025-12-12 14:37:37] Monitoring engine stopped.
[2025-12-12 14:37:42] Network Monitor Service stopped.
[2025-12-12 14:37:42] [2025-12-12 14:37:42] Monitoring engine started.
[2025-12-12 14:37:42] Network Monitor Service started successfully.
[2025-12-12 14:37:42] [2025-12-12 14:37:42] Starting to monitor 5 devices...
[2025-12-12 14:37:42] Status: 0/5 devices online
[2025-12-12 14:37:42] [2025-12-12 14:37:42] Device Office Router is now Online (Ping: 0ms)
[2025-12-12 14:37:45] [2025-12-12 14:37:45] Device Google DNS is now Online (Ping: 3ms)
[2025-12-12 14:37:46] [2025-12-12 14:37:46] Device Cloudflare DNS is now Online (Ping: 17ms)
[2025-12-12 14:38:42] Status: 3/5 devices online
[2025-12-12 14:39:42] Status: 3/5 devices online
[2025-12-12 14:40:42] Status: 3/5 devices online
[2025-12-12 14:41:42] Status: 3/5 devices online
[2025-12-12 14:42:42] Status: 3/5 devices online
[2025-12-12 14:43:42] Status: 3/5 devices online
[2025-12-12 14:44:42] Status: 3/5 devices online
[2025-12-12 14:45:42] Status: 3/5 devices online
[2025-12-12 14:46:42] Status: 3/5 devices online
[2025-12-12 14:47:42] Status: 3/5 devices online
[2025-12-12 14:48:42] Status: 3/5 devices online
[2025-12-12 14:49:42] Status: 3/5 devices online
[2025-12-12 14:50:42] Status: 3/5 devices online
[2025-12-12 14:51:42] Status: 3/5 devices online
[2025-12-12 14:52:42] Status: 3/5 devices online
[2025-12-12 14:53:42] Status: 3/5 devices online
[2025-12-12 14:54:42] Status: 3/5 devices online
[2025-12-12 14:55:42] Status: 3/5 devices online
[2025-12-12 14:56:42] Status: 3/5 devices online
[2025-12-12 14:57:42] Status: 3/5 devices online
[2025-12-12 14:58:42] Status: 3/5 devices online
[2025-12-12 14:59:42] Status: 3/5 devices online
[2025-12-12 15:00:42] Status: 3/5 devices online
[2025-12-12 15:01:42] Status: 3/5 devices online
[2025-12-12 15:02:42] Status: 3/5 devices online
[2025-12-12 15:03:42] Status: 3/5 devices online
[2025-12-12 15:04:42] Status: 3/5 devices online
[2025-12-12 15:05:42] Status: 3/5 devices online
[2025-12-12 15:06:42] Status: 3/5 devices online
[2025-12-12 15:07:42] Status: 3/5 devices online
[2025-12-12 15:08:42] Status: 3/5 devices online
[2025-12-12 15:09:42] Status: 3/5 devices online
[2025-12-12 15:10:42] Status: 3/5 devices online
[2025-12-12 15:11:42] Status: 3/5 devices online
[2025-12-12 15:12:42] Status: 3/5 devices online
[2025-12-12 15:13:42] Status: 3/5 devices online
[2025-12-12 15:14:42] Status: 3/5 devices online
[2025-12-12 15:15:42] Status: 3/5 devices online
[2025-12-12 15:16:42] Status: 3/5 devices online
[2025-12-12 15:17:42] Status: 3/5 devices online
[2025-12-12 15:18:42] Status: 3/5 devices online
[2025-12-12 15:19:43] Status: 3/5 devices online
[2025-12-12 15:20:43] Status: 3/5 devices online
[2025-12-12 15:21:43] Status: 3/5 devices online
[2025-12-12 15:22:43] Status: 3/5 devices online
[2025-12-12 15:23:43] Status: 3/5 devices online
[2025-12-12 15:24:43] Status: 3/5 devices online
[2025-12-12 15:25:43] Status: 3/5 devices online
[2025-12-12 15:26:43] Status: 3/5 devices online
[2025-12-12 15:27:43] Status: 3/5 devices online
[2025-12-12 15:28:43] Status: 3/5 devices online
[2025-12-12 15:29:43] Status: 3/5 devices online
[2025-12-12 15:30:43] Status: 3/5 devices online
[2025-12-12 15:31:43] Status: 3/5 devices online
[2025-12-12 15:32:43] Status: 3/5 devices online
[2025-12-12 15:33:43] Status: 3/5 devices online
[2025-12-12 15:34:43] Status: 3/5 devices online
[2025-12-12 15:35:43] Status: 3/5 devices online
[2025-12-12 15:36:43] Status: 3/5 devices online
[2025-12-12 15:37:43] Status: 3/5 devices online
[2025-12-12 15:38:43] Status: 3/5 devices online
[2025-12-12 15:39:43] Status: 3/5 devices online
[2025-12-12 15:40:43] Status: 3/5 devices online
[2025-12-12 15:41:43] Status: 3/5 devices online
[2025-12-12 15:42:43] Status: 3/5 devices online
[2025-12-12 15:43:43] Status: 3/5 devices online
[2025-12-12 15:44:43] Status: 3/5 devices online
[2025-12-12 15:45:43] Status: 3/5 devices online
[2025-12-12 15:46:43] Status: 3/5 devices online
[2025-12-12 15:47:43] Status: 3/5 devices online
[2025-12-12 15:48:43] Status: 3/5 devices online
[2025-12-12 15:49:43] Status: 3/5 devices online
[2025-12-12 15:50:43] Status: 3/5 devices online
[2025-12-12 15:51:43] Status: 3/5 devices online
[2025-12-12 15:52:43] Status: 3/5 devices online
[2025-12-12 15:53:43] Status: 3/5 devices online
[2025-12-12 15:54:43] Status: 3/5 devices online
[2025-12-12 15:55:43] Status: 3/5 devices online
[2025-12-12 15:56:43] Status: 3/5 devices online
[2025-12-12 15:57:43] Status: 3/5 devices online
[2025-12-12 15:58:43] Status: 3/5 devices online
[2025-12-12 15:59:43] Status: 3/5 devices online
[2025-12-12 16:00:43] Status: 3/5 devices online
[2025-12-12 16:01:43] Status: 3/5 devices online
[2025-12-12 16:02:43] Status: 3/5 devices online
[2025-12-12 16:03:43] Status: 3/5 devices online
[2025-12-12 16:04:43] Status: 3/5 devices online
[2025-12-12 16:05:43] Status: 3/5 devices online
[2025-12-12 16:06:43] Status: 3/5 devices online
[2025-12-12 16:07:43] Status: 3/5 devices online
[2025-12-12 16:08:43] Status: 3/5 devices online
[2025-12-12 16:09:43] Status: 3/5 devices online
[2025-12-12 16:10:43] Status: 3/5 devices online
[2025-12-12 16:11:43] Status: 3/5 devices online
[2025-12-12 16:12:43] Status: 3/5 devices online
[2025-12-12 16:13:43] Status: 3/5 devices online
[2025-12-12 16:14:43] Status: 3/5 devices online
[2025-12-12 16:15:43] Status: 3/5 devices online
[2025-12-12 16:16:43] Status: 3/5 devices online
[2025-12-12 16:17:43] Status: 3/5 devices online
[2025-12-12 16:18:43] Status: 3/5 devices online
[2025-12-12 16:19:43] Status: 3/5 devices online
[2025-12-12 16:20:43] Status: 3/5 devices online
[2025-12-12 16:21:43] Status: 3/5 devices online
[2025-12-12 16:22:43] Status: 3/5 devices online
[2025-12-12 16:23:43] Status: 3/5 devices online
[2025-12-12 16:24:43] Status: 3/5 devices online
[2025-12-12 16:25:43] Status: 3/5 devices online
[2025-12-12 16:26:43] Status: 3/5 devices online
[2025-12-12 16:27:43] Status: 3/5 devices online
[2025-12-12 16:28:43] Status: 3/5 devices online
[2025-12-12 16:29:43] Status: 3/5 devices online
[2025-12-12 16:30:43] Status: 3/5 devices online
[2025-12-12 16:31:43] Status: 3/5 devices online
[2025-12-12 16:32:43] Status: 3/5 devices online
[2025-12-12 16:33:43] Status: 3/5 devices online
[2025-12-12 16:34:43] Status: 3/5 devices online
[2025-12-12 16:35:43] Status: 3/5 devices online
[2025-12-12 16:36:43] Status: 3/5 devices online
[2025-12-12 16:37:43] Status: 3/5 devices online
[2025-12-12 16:38:43] Status: 3/5 devices online
[2025-12-12 16:39:43] Status: 3/5 devices online
[2025-12-12 16:40:43] Status: 3/5 devices online
[2025-12-12 16:41:43] Status: 3/5 devices online
[2025-12-12 16:42:43] Status: 3/5 devices online
[2025-12-12 16:43:43] Status: 3/5 devices online
[2025-12-12 16:44:43] Status: 3/5 devices online
[2025-12-12 16:45:43] Status: 3/5 devices online
[2025-12-12 16:46:43] Status: 3/5 devices online
[2025-12-12 16:47:43] Status: 3/5 devices online
[2025-12-12 16:48:43] Status: 3/5 devices online
[2025-12-12 16:49:43] Status: 3/5 devices online
[2025-12-12 16:50:43] Status: 3/5 devices online
[2025-12-12 16:51:43] Status: 3/5 devices online
[2025-12-12 16:52:43] Status: 3/5 devices online
[2025-12-12 16:53:43] Status: 3/5 devices online
[2025-12-12 16:54:43] Status: 3/5 devices online
[2025-12-12 16:55:43] Status: 3/5 devices online
[2025-12-12 16:56:43] Status: 3/5 devices online
[2025-12-12 16:57:43] Status: 3/5 devices online
[2025-12-12 16:58:43] Status: 3/5 devices online
[2025-12-12 16:59:43] Status: 3/5 devices online
[2025-12-12 17:00:43] Status: 3/5 devices online
[2025-12-12 17:01:43] Status: 3/5 devices online
[2025-12-12 17:02:43] Status: 3/5 devices online
[2025-12-12 17:03:44] Status: 3/5 devices online
[2025-12-12 17:03:50] [2025-12-12 17:03:50] Monitoring engine stopped.
[2025-12-12 17:03:55] Network Monitor Service stopped.
[2025-12-13 13:23:15] [2025-12-13 13:23:15] Monitoring engine started.
[2025-12-13 13:23:15] Network Monitor Service started successfully.
[2025-12-13 13:23:15] [2025-12-13 13:23:15] Starting to monitor 6 devices...
[2025-12-13 13:23:15] Status: 0/6 devices online
[2025-12-13 13:24:15] Status: 0/6 devices online
[2025-12-13 13:25:15] Status: 0/6 devices online
[2025-12-13 13:26:15] Status: 0/6 devices online
[2025-12-13 13:27:15] Status: 0/6 devices online
[2025-12-13 13:28:15] Status: 0/6 devices online
[2025-12-13 13:29:15] Status: 0/6 devices online
[2025-12-13 13:30:15] Status: 0/6 devices online
[2025-12-13 13:31:15] Status: 0/6 devices online
[2025-12-13 13:32:15] Status: 0/6 devices online
[2025-12-13 13:33:15] Status: 0/6 devices online
[2025-12-13 13:34:15] Status: 0/6 devices online
[2025-12-13 13:35:15] Status: 0/6 devices online
[2025-12-13 13:36:15] Status: 0/6 devices online
[2025-12-13 13:37:15] Status: 0/6 devices online
[2025-12-13 13:38:15] Status: 0/6 devices online
[2025-12-13 13:39:15] Status: 0/6 devices online
[2025-12-13 13:40:15] Status: 0/6 devices online
[2025-12-13 13:41:15] Status: 0/6 devices online
[2025-12-13 13:42:15] Status: 0/6 devices online
[2025-12-13 13:43:15] Status: 0/6 devices online
[2025-12-13 13:44:15] Status: 0/6 devices online
[2025-12-13 13:45:15] Status: 0/6 devices online
[2025-12-13 13:46:15] Status: 0/6 devices online
[2025-12-13 13:47:15] Status: 0/6 devices online
[2025-12-13 13:48:15] Status: 0/6 devices online
[2025-12-13 13:49:15] Status: 0/6 devices online
[2025-12-13 13:50:15] Status: 0/6 devices online
[2025-12-13 13:51:15] Status: 0/6 devices online
[2025-12-13 13:52:15] Status: 0/6 devices online
[2025-12-13 13:53:15] Status: 0/6 devices online
[2025-12-13 13:54:15] Status: 0/6 devices online
[2025-12-13 13:55:15] Status: 0/6 devices online
[2025-12-13 13:56:15] Status: 0/6 devices online
[2025-12-13 13:57:02] [2025-12-13 13:57:02] Monitoring engine stopped.
[2025-12-13 13:57:07] Network Monitor Service stopped.
[2025-12-13 14:02:34] [2025-12-13 14:02:34] Monitoring engine started.
[2025-12-13 14:02:34] Network Monitor Service started successfully.
[2025-12-13 14:02:34] [2025-12-13 14:02:34] Starting to monitor 5 devices...
[2025-12-13 14:02:34] Status: 0/5 devices online
[2025-12-13 14:03:34] Status: 0/5 devices online
[2025-12-13 14:04:34] Status: 0/5 devices online
[2025-12-13 14:05:34] Status: 0/5 devices online
[2025-12-13 14:06:00] [2025-12-13 14:06:00] Monitoring engine stopped.
[2025-12-13 14:06:05] Network Monitor Service stopped.
[2025-12-14 11:41:57] [2025-12-14 11:41:57] Monitoring engine started.
[2025-12-14 11:41:57] Network Monitor Service started successfully.
[2025-12-14 11:41:57] Status: 0/5 devices online
[2025-12-14 11:42:57] Status: 0/5 devices online
[2025-12-14 11:43:57] Status: 0/5 devices online
[2025-12-14 11:44:57] Status: 0/5 devices online
[2025-12-14 11:45:57] Status: 0/5 devices online
[2025-12-14 11:46:57] Status: 0/5 devices online
[2025-12-14 11:47:57] Status: 0/5 devices online
[2025-12-14 11:48:57] Status: 0/5 devices online
[2025-12-14 11:49:57] Status: 0/5 devices online
[2025-12-14 11:50:57] Status: 0/5 devices online
[2025-12-14 11:51:57] Status: 0/5 devices online
[2025-12-14 11:52:57] Status: 0/5 devices online
[2025-12-14 11:53:57] Status: 0/5 devices online
[2025-12-14 11:54:57] Status: 0/5 devices online
[2025-12-14 11:55:57] Status: 0/5 devices online
[2025-12-14 11:56:57] Status: 0/5 devices online
[2025-12-14 11:57:57] Status: 0/5 devices online
[2025-12-14 11:58:57] Status: 0/5 devices online
[2025-12-14 11:59:57] Status: 0/5 devices online
[2025-12-14 12:00:57] Status: 0/5 devices online
[2025-12-14 12:01:57] Status: 0/5 devices online
[2025-12-14 12:02:57] Status: 0/5 devices online
[2025-12-14 12:03:57] Status: 0/5 devices online
[2025-12-14 12:04:57] Status: 0/5 devices online
[2025-12-14 12:05:57] Status: 0/5 devices online
[2025-12-14 12:06:57] Status: 0/5 devices online
[2025-12-14 12:07:57] Status: 0/5 devices online
[2025-12-14 12:08:57] Status: 0/5 devices online
[2025-12-14 12:09:57] Status: 0/5 devices online
[2025-12-14 12:10:57] Status: 0/5 devices online
[2025-12-14 12:11:57] Status: 0/5 devices online
[2025-12-14 12:12:57] Status: 0/5 devices online
[2025-12-14 12:13:57] Status: 0/5 devices online
[2025-12-14 12:14:57] Status: 0/5 devices online
[2025-12-14 12:15:57] Status: 0/5 devices online
[2025-12-14 12:16:57] Status: 0/5 devices online
[2025-12-14 12:17:57] Status: 0/5 devices online
[2025-12-14 12:18:57] Status: 0/5 devices online
[2025-12-14 12:19:57] Status: 0/5 devices online
[2025-12-14 12:20:57] Status: 0/5 devices online
[2025-12-14 12:21:57] Status: 0/5 devices online
[2025-12-14 12:22:57] Status: 0/5 devices online
[2025-12-14 12:23:57] Status: 0/5 devices online
[2025-12-14 12:24:57] Status: 0/5 devices online
[2025-12-14 12:25:57] Status: 0/5 devices online
[2025-12-14 12:26:57] Status: 0/5 devices online
[2025-12-14 12:27:57] Status: 0/5 devices online
[2025-12-14 12:28:57] Status: 0/5 devices online
[2025-12-14 12:29:57] Status: 0/5 devices online
[2025-12-14 12:30:57] Status: 0/5 devices online
[2025-12-14 12:31:57] Status: 0/5 devices online
[2025-12-14 12:32:57] Status: 0/5 devices online
[2025-12-14 12:33:57] Status: 0/5 devices online
[2025-12-14 12:34:57] Status: 0/5 devices online
[2025-12-14 12:35:57] Status: 0/5 devices online
[2025-12-14 12:36:57] Status: 0/5 devices online
[2025-12-14 12:37:57] Status: 0/5 devices online
[2025-12-14 12:38:57] Status: 0/5 devices online
[2025-12-14 12:39:57] Status: 0/5 devices online
[2025-12-14 12:40:57] Status: 0/5 devices online
[2025-12-14 12:41:57] Status: 0/5 devices online
[2025-12-14 12:42:57] Status: 0/5 devices online
[2025-12-14 12:43:57] Status: 0/5 devices online
[2025-12-14 12:44:57] Status: 0/5 devices online
[2025-12-14 12:45:57] Status: 0/5 devices online
[2025-12-14 12:46:58] Status: 0/5 devices online
[2025-12-14 12:47:58] Status: 0/5 devices online
[2025-12-14 12:48:58] Status: 0/5 devices online
[2025-12-14 12:49:58] Status: 0/5 devices online
[2025-12-14 12:50:58] Status: 0/5 devices online
[2025-12-14 12:51:58] Status: 0/5 devices online
[2025-12-14 12:52:58] Status: 0/5 devices online
[2025-12-14 12:53:58] Status: 0/5 devices online
[2025-12-14 12:54:58] Status: 0/5 devices online
[2025-12-14 12:55:58] Status: 0/5 devices online
[2025-12-14 12:56:58] Status: 0/5 devices online
[2025-12-14 12:57:58] Status: 0/5 devices online
[2025-12-14 12:58:58] Status: 0/5 devices online
[2025-12-14 12:59:58] Status: 0/5 devices online
[2025-12-14 13:00:58] Status: 0/5 devices online
[2025-12-14 13:01:58] Status: 0/5 devices online
[2025-12-14 13:02:58] Status: 0/5 devices online
[2025-12-14 13:03:58] Status: 0/5 devices online
[2025-12-14 13:04:58] Status: 0/5 devices online
[2025-12-14 13:05:58] Status: 0/5 devices online
[2025-12-14 13:06:58] Status: 0/5 devices online
[2025-12-14 13:07:58] Status: 0/5 devices online
[2025-12-14 13:08:58] Status: 0/5 devices online
[2025-12-14 13:09:58] Status: 0/5 devices online
[2025-12-14 13:10:58] Status: 0/5 devices online
[2025-12-14 13:11:58] Status: 0/5 devices online
[2025-12-14 13:12:58] Status: 0/5 devices online
[2025-12-14 13:13:58] Status: 0/5 devices online
[2025-12-14 13:14:58] Status: 0/5 devices online
[2025-12-14 13:15:58] Status: 0/5 devices online
[2025-12-14 13:16:58] Status: 0/5 devices online
[2025-12-14 13:17:58] Status: 0/5 devices online
[2025-12-14 13:18:58] Status: 0/5 devices online
[2025-12-14 13:19:58] Status: 0/5 devices online
[2025-12-14 13:20:58] Status: 0/5 devices online
[2025-12-14 13:21:58] Status: 0/5 devices online
[2025-12-14 13:22:58] Status: 0/5 devices online
[2025-12-14 13:23:58] Status: 0/5 devices online
[2025-12-14 13:24:58] Status: 0/5 devices online
[2025-12-14 13:25:58] Status: 0/5 devices online
[2025-12-14 13:26:58] Status: 0/5 devices online
[2025-12-14 13:27:58] Status: 0/5 devices online
[2025-12-14 13:28:58] Status: 0/5 devices online
[2025-12-14 13:29:58] Status: 0/5 devices online
[2025-12-14 13:30:58] Status: 0/5 devices online
[2025-12-14 13:31:58] Status: 0/5 devices online
[2025-12-14 13:32:58] Status: 0/5 devices online
[2025-12-14 13:33:58] Status: 0/5 devices online
[2025-12-14 13:34:58] Status: 0/5 devices online
[2025-12-14 13:35:58] Status: 0/5 devices online
[2025-12-14 13:36:58] Status: 0/5 devices online
[2025-12-14 13:37:58] Status: 0/5 devices online
[2025-12-14 13:38:58] Status: 0/5 devices online
[2025-12-14 13:39:58] Status: 0/5 devices online
[2025-12-14 13:40:58] Status: 0/5 devices online
[2025-12-14 13:41:58] Status: 0/5 devices online
[2025-12-14 13:42:58] Status: 0/5 devices online
[2025-12-14 13:43:58] Status: 0/5 devices online
[2025-12-14 13:44:58] Status: 0/5 devices online
[2025-12-15 02:08:47] Status: 0/5 devices online
[2025-12-15 02:09:47] Status: 0/5 devices online
[2025-12-15 02:10:47] Status: 0/5 devices online
[2025-12-15 02:11:47] Status: 0/5 devices online
[2025-12-15 02:12:47] Status: 0/5 devices online
[2025-12-15 02:13:47] Status: 0/5 devices online
[2025-12-15 02:14:47] Status: 0/5 devices online
[2025-12-15 02:15:47] Status: 0/5 devices online
[2025-12-15 02:16:47] Status: 0/5 devices online
[2025-12-15 02:17:47] Status: 0/5 devices online
[2025-12-15 02:18:47] Status: 0/5 devices online
[2025-12-15 02:19:47] Status: 0/5 devices online
[2025-12-15 02:20:47] Status: 0/5 devices online
[2025-12-15 02:21:47] Status: 0/5 devices online
[2025-12-15 02:22:47] Status: 0/5 devices online
[2025-12-15 02:23:47] Status: 0/5 devices online
[2025-12-15 02:24:47] Status: 0/5 devices online
[2025-12-15 02:25:47] Status: 0/5 devices online
[2025-12-15 02:26:47] Status: 0/5 devices online
[2025-12-15 02:27:47] Status: 0/5 devices online
[2025-12-15 02:28:47] Status: 0/5 devices online
[2025-12-15 02:29:47] Status: 0/5 devices online
[2025-12-15 02:30:47] Status: 0/5 devices online
[2025-12-15 02:31:47] Status: 0/5 devices online
[2025-12-15 02:32:47] Status: 0/5 devices online
[2025-12-15 02:33:47] Status: 0/5 devices online
[2025-12-15 02:34:47] Status: 0/5 devices online
[2025-12-15 02:35:47] Status: 0/5 devices online
[2025-12-15 02:36:47] Status: 0/5 devices online
[2025-12-15 02:37:47] Status: 0/5 devices online
[2025-12-15 02:38:47] Status: 0/5 devices online
[2025-12-15 02:39:47] Status: 0/5 devices online
[2025-12-15 02:40:47] Status: 0/5 devices online
[2025-12-15 02:41:47] Status: 0/5 devices online
[2025-12-15 02:42:47] Status: 0/5 devices online
[2025-12-15 02:43:47] Status: 0/5 devices online
[2025-12-15 02:44:47] Status: 0/5 devices online
[2025-12-15 02:45:47] Status: 0/5 devices online
[2025-12-15 02:46:47] Status: 0/5 devices online
[2025-12-15 02:47:47] Status: 0/5 devices online
[2025-12-15 02:48:47] Status: 0/5 devices online
[2025-12-15 02:49:47] Status: 0/5 devices online
[2025-12-15 02:50:47] Status: 0/5 devices online
[2025-12-15 02:51:47] Status: 0/5 devices online
[2025-12-15 02:52:47] Status: 0/5 devices online
[2025-12-15 02:53:47] Status: 0/5 devices online
[2025-12-15 02:54:47] Status: 0/5 devices online
[2025-12-15 02:55:47] Status: 0/5 devices online
[2025-12-15 02:56:47] Status: 0/5 devices online
[2025-12-15 02:57:47] Status: 0/5 devices online
[2025-12-15 02:58:47] Status: 0/5 devices online
[2025-12-15 02:59:47] Status: 0/5 devices online
[2025-12-15 03:00:47] Status: 0/5 devices online
[2025-12-15 03:01:47] Status: 0/5 devices online
[2025-12-15 03:02:47] Status: 0/5 devices online
[2025-12-15 03:03:47] Status: 0/5 devices online
[2025-12-15 03:04:47] Status: 0/5 devices online
[2025-12-15 03:05:47] Status: 0/5 devices online
[2025-12-15 03:06:47] Status: 0/5 devices online
[2025-12-15 03:07:47] Status: 0/5 devices online
[2025-12-15 03:08:47] Status: 0/5 devices online
[2025-12-15 03:09:47] Status: 0/5 devices online
[2025-12-15 03:10:47] Status: 0/5 devices online
[2025-12-15 03:11:47] Status: 0/5 devices online
[2025-12-15 03:12:47] Status: 0/5 devices online
[2025-12-15 03:13:47] Status: 0/5 devices online
[2025-12-15 03:14:47] Status: 0/5 devices online
[2025-12-15 03:15:47] Status: 0/5 devices online
[2025-12-15 03:16:47] Status: 0/5 devices online
[2025-12-15 03:17:47] Status: 0/5 devices online
[2025-12-15 03:18:47] Status: 0/5 devices online
[2025-12-15 03:19:47] Status: 0/5 devices online
[2025-12-15 03:20:47] Status: 0/5 devices online
[2025-12-15 03:21:47] Status: 0/5 devices online
[2025-12-15 03:22:47] Status: 0/5 devices online
[2025-12-15 03:23:47] Status: 0/5 devices online
[2025-12-15 03:24:47] Status: 0/5 devices online
[2025-12-15 03:25:48] Status: 0/5 devices online
[2025-12-15 03:26:48] Status: 0/5 devices online
[2025-12-15 03:27:48] Status: 0/5 devices online
[2025-12-15 03:28:48] Status: 0/5 devices online
[2025-12-15 03:29:48] Status: 0/5 devices online
[2025-12-15 03:30:48] Status: 0/5 devices online
[2025-12-15 03:31:48] Status: 0/5 devices online
[2025-12-15 03:32:48] Status: 0/5 devices online
[2025-12-15 03:33:48] Status: 0/5 devices online
[2025-12-15 03:34:48] Status: 0/5 devices online
[2025-12-15 03:35:48] Status: 0/5 devices online
[2025-12-15 03:36:48] Status: 0/5 devices online
[2025-12-15 03:37:48] Status: 0/5 devices online
[2025-12-15 03:38:48] Status: 0/5 devices online
[2025-12-15 03:39:48] Status: 0/5 devices online
[2025-12-18 13:14:26] [2025-12-18 13:14:26] Monitoring engine started.
[2025-12-18 13:14:26] Network Monitor Service started successfully.
[2025-12-18 13:14:26] [2025-12-18 13:14:26] Starting to monitor 2 devices...
[2025-12-18 13:14:26] Status: 0/2 devices online
[2025-12-18 13:14:26] [2025-12-18 13:14:26] Device Google DNS is now Online (Ping: 49ms)
[2025-12-18 13:14:26] [2025-12-18 13:14:26] Device Cloudflare DNS is now Online (Ping: 53ms)
[2025-12-18 13:15:26] Status: 2/2 devices online
[2025-12-18 13:16:26] Status: 2/2 devices online
[2025-12-18 13:17:26] Status: 2/2 devices online
[2025-12-18 13:18:26] Status: 2/2 devices online
[2025-12-18 13:19:26] Status: 2/2 devices online
[2025-12-18 13:20:26] Status: 2/2 devices online
[2025-12-18 13:21:26] Status: 2/2 devices online
[2025-12-18 13:22:26] Status: 2/2 devices online
[2025-12-18 13:23:26] Status: 2/2 devices online
[2025-12-18 13:24:26] Status: 2/2 devices online
[2025-12-18 13:25:26] Status: 2/2 devices online
[2025-12-18 13:26:26] Status: 2/2 devices online
[2025-12-18 13:27:26] Status: 2/2 devices online
[2025-12-18 13:28:26] Status: 2/2 devices online
[2025-12-18 13:29:26] Status: 2/2 devices online
[2025-12-18 13:30:26] Status: 2/2 devices online
[2025-12-18 13:31:26] Status: 2/2 devices online
[2025-12-18 13:32:26] Status: 2/2 devices online
[2025-12-18 13:33:26] Status: 2/2 devices online
[2025-12-18 13:34:26] Status: 2/2 devices online
[2025-12-18 13:35:26] Status: 2/2 devices online
[2025-12-18 13:35:40] [2025-12-18 13:35:40] Device Google DNS is now Offline (Ping: 0ms)
[2025-12-18 13:38:16] [2025-12-18 13:38:16] Device Cloudflare DNS is now Offline (Ping: 0ms)
[2025-12-18 13:39:01] Status: 0/2 devices online
[2025-12-18 13:40:01] Status: 0/2 devices online
[2025-12-18 13:41:01] Status: 0/2 devices online
[2025-12-18 13:42:01] Status: 0/2 devices online
[2025-12-18 13:43:01] Status: 0/2 devices online
[2025-12-18 13:44:01] Status: 0/2 devices online
[2025-12-18 13:45:01] Status: 0/2 devices online
[2025-12-18 13:46:01] Status: 0/2 devices online
[2025-12-18 13:47:02] Status: 0/2 devices online
[2025-12-18 13:48:02] Status: 0/2 devices online
[2025-12-18 13:49:02] Status: 0/2 devices online
[2025-12-18 13:50:02] Status: 0/2 devices online
[2025-12-18 13:51:02] Status: 0/2 devices online
[2025-12-18 13:52:02] Status: 0/2 devices online
[2025-12-18 13:53:02] Status: 0/2 devices online
[2025-12-18 13:54:02] Status: 0/2 devices online
[2025-12-18 13:55:02] Status: 0/2 devices online
[2025-12-18 13:56:02] Status: 0/2 devices online
[2025-12-18 13:57:02] Status: 0/2 devices online
[2025-12-18 13:58:02] Status: 0/2 devices online
[2025-12-18 13:59:02] Status: 0/2 devices online
[2025-12-18 14:00:02] Status: 0/2 devices online
[2025-12-18 14:01:02] Status: 0/2 devices online
[2025-12-18 14:02:02] Status: 0/2 devices online
[2025-12-18 14:03:02] Status: 0/2 devices online
[2025-12-18 14:04:02] Status: 0/2 devices online
[2025-12-18 14:05:02] Status: 0/2 devices online
[2025-12-18 14:06:02] Status: 0/2 devices online
[2025-12-18 14:07:02] Status: 0/2 devices online
[2025-12-18 14:08:02] Status: 0/2 devices online
[2025-12-18 14:09:02] Status: 0/2 devices online
[2025-12-18 14:10:02] Status: 0/2 devices online
[2025-12-18 14:11:02] Status: 0/2 devices online
[2025-12-18 14:12:02] Status: 0/2 devices online
[2025-12-18 14:13:02] Status: 0/2 devices online
[2025-12-18 14:14:02] Status: 0/2 devices online
[2025-12-18 14:15:02] Status: 0/2 devices online
[2025-12-18 14:16:02] Status: 0/2 devices online
[2025-12-18 14:17:02] Status: 0/2 devices online
[2025-12-18 14:18:02] Status: 0/2 devices online
[2025-12-18 14:19:02] Status: 0/2 devices online
[2025-12-18 14:20:02] Status: 0/2 devices online
[2025-12-18 14:21:02] Status: 0/2 devices online
[2025-12-18 14:22:02] Status: 0/2 devices online
[2025-12-18 14:23:02] Status: 0/2 devices online
[2025-12-18 14:24:02] Status: 0/2 devices online
[2025-12-18 14:25:02] Status: 0/2 devices online
[2025-12-18 14:26:02] Status: 0/2 devices online
[2025-12-18 14:27:02] Status: 0/2 devices online
[2025-12-18 14:28:02] Status: 0/2 devices online
[2025-12-18 14:28:23] [2025-12-18 14:28:23] Error pinging Google DNS (8.8.8.8): An exception occurred during a Ping request.
[2025-12-18 14:28:23] [2025-12-18 14:28:23] Error pinging Cloudflare DNS (1.1.1.1): An exception occurred during a Ping request.
[2025-12-18 14:28:53] [2025-12-18 14:28:53] Error pinging Google DNS (8.8.8.8): An exception occurred during a Ping request.
[2025-12-18 14:28:53] [2025-12-18 14:28:53] Error pinging Cloudflare DNS (1.1.1.1): An exception occurred during a Ping request.
[2025-12-18 14:29:02] Status: 0/2 devices online
[2025-12-18 14:29:23] [2025-12-18 14:29:23] Error pinging Google DNS (8.8.8.8): An exception occurred during a Ping request.
[2025-12-18 14:29:23] [2025-12-18 14:29:23] Error pinging Cloudflare DNS (1.1.1.1): An exception occurred during a Ping request.
[2025-12-18 14:29:53] [2025-12-18 14:29:53] Error pinging Google DNS (8.8.8.8): An exception occurred during a Ping request.
[2025-12-18 14:29:53] [2025-12-18 14:29:53] Error pinging Cloudflare DNS (1.1.1.1): An exception occurred during a Ping request.
[2025-12-18 14:30:02] Status: 0/2 devices online
[2025-12-18 14:30:24] [2025-12-18 14:30:24] Error pinging Google DNS (8.8.8.8): An exception occurred during a Ping request.
[2025-12-18 14:30:24] [2025-12-18 14:30:24] Error pinging Cloudflare DNS (1.1.1.1): An exception occurred during a Ping request.
[2025-12-18 14:30:54] [2025-12-18 14:30:54] Error pinging Google DNS (8.8.8.8): An exception occurred during a Ping request.
[2025-12-18 14:30:54] [2025-12-18 14:30:54] Error pinging Cloudflare DNS (1.1.1.1): An exception occurred during a Ping request.
[2025-12-18 14:31:02] Status: 0/2 devices online
[2025-12-18 14:31:24] [2025-12-18 14:31:24] Error pinging Google DNS (8.8.8.8): An exception occurred during a Ping request.
[2025-12-18 14:31:24] [2025-12-18 14:31:24] Error pinging Cloudflare DNS (1.1.1.1): An exception occurred during a Ping request.
[2025-12-18 14:31:54] [2025-12-18 14:31:54] Error pinging Google DNS (8.8.8.8): An exception occurred during a Ping request.
[2025-12-18 14:31:54] [2025-12-18 14:31:54] Error pinging Cloudflare DNS (1.1.1.1): An exception occurred during a Ping request.
[2025-12-18 14:32:02] Status: 0/2 devices online
[2025-12-18 14:32:25] [2025-12-18 14:32:25] Error pinging Google DNS (8.8.8.8): An exception occurred during a Ping request.
[2025-12-18 14:32:25] [2025-12-18 14:32:25] Error pinging Cloudflare DNS (1.1.1.1): An exception occurred during a Ping request.
[2025-12-18 14:32:55] [2025-12-18 14:32:55] Error pinging Google DNS (8.8.8.8): An exception occurred during a Ping request.
[2025-12-18 14:32:55] [2025-12-18 14:32:55] Error pinging Cloudflare DNS (1.1.1.1): An exception occurred during a Ping request.
[2025-12-18 14:33:02] Status: 0/2 devices online
[2025-12-18 14:33:25] [2025-12-18 14:33:25] Error pinging Google DNS (8.8.8.8): An exception occurred during a Ping request.
[2025-12-18 14:33:25] [2025-12-18 14:33:25] Error pinging Cloudflare DNS (1.1.1.1): An exception occurred during a Ping request.
[2025-12-18 14:33:55] [2025-12-18 14:33:55] Error pinging Google DNS (8.8.8.8): An exception occurred during a Ping request.
[2025-12-18 14:33:55] [2025-12-18 14:33:55] Error pinging Cloudflare DNS (1.1.1.1): An exception occurred during a Ping request.
[2025-12-18 14:34:02] Status: 0/2 devices online
[2025-12-18 14:34:25] [2025-12-18 14:34:25] Error pinging Google DNS (8.8.8.8): An exception occurred during a Ping request.
[2025-12-18 14:34:26] [2025-12-18 14:34:26] Error pinging Cloudflare DNS (1.1.1.1): An exception occurred during a Ping request.
[2025-12-18 14:34:56] [2025-12-18 14:34:56] Error pinging Google DNS (8.8.8.8): An exception occurred during a Ping request.
[2025-12-18 14:34:56] [2025-12-18 14:34:56] Error pinging Cloudflare DNS (1.1.1.1): An exception occurred during a Ping request.
[2025-12-18 14:35:02] Status: 0/2 devices online
[2025-12-18 14:35:26] [2025-12-18 14:35:26] Error pinging Google DNS (8.8.8.8): An exception occurred during a Ping request.
[2025-12-18 14:35:26] [2025-12-18 14:35:26] Error pinging Cloudflare DNS (1.1.1.1): An exception occurred during a Ping request.
[2025-12-18 14:35:56] [2025-12-18 14:35:56] Error pinging Google DNS (8.8.8.8): An exception occurred during a Ping request.
[2025-12-18 14:35:56] [2025-12-18 14:35:56] Error pinging Cloudflare DNS (1.1.1.1): An exception occurred during a Ping request.
[2025-12-18 14:36:02] Status: 0/2 devices online
[2025-12-18 14:36:26] [2025-12-18 14:36:26] Error pinging Google DNS (8.8.8.8): An exception occurred during a Ping request.
[2025-12-18 14:36:27] [2025-12-18 14:36:27] Error pinging Cloudflare DNS (1.1.1.1): An exception occurred during a Ping request.
[2025-12-18 14:36:57] [2025-12-18 14:36:57] Error pinging Google DNS (8.8.8.8): An exception occurred during a Ping request.
[2025-12-18 14:36:57] [2025-12-18 14:36:57] Error pinging Cloudflare DNS (1.1.1.1): An exception occurred during a Ping request.
[2025-12-18 14:37:02] Status: 0/2 devices online
[2025-12-18 14:37:27] [2025-12-18 14:37:27] Error pinging Google DNS (8.8.8.8): An exception occurred during a Ping request.
[2025-12-18 14:37:27] [2025-12-18 14:37:27] Error pinging Cloudflare DNS (1.1.1.1): An exception occurred during a Ping request.
[2025-12-18 14:37:57] [2025-12-18 14:37:57] Error pinging Google DNS (8.8.8.8): An exception occurred during a Ping request.
[2025-12-18 14:37:57] [2025-12-18 14:37:57] Error pinging Cloudflare DNS (1.1.1.1): An exception occurred during a Ping request.
[2025-12-18 14:38:02] Status: 0/2 devices online
[2025-12-18 14:38:27] [2025-12-18 14:38:27] Error pinging Google DNS (8.8.8.8): An exception occurred during a Ping request.
[2025-12-18 14:38:28] [2025-12-18 14:38:28] Error pinging Cloudflare DNS (1.1.1.1): An exception occurred during a Ping request.
[2025-12-18 14:38:58] [2025-12-18 14:38:58] Error pinging Google DNS (8.8.8.8): An exception occurred during a Ping request.
[2025-12-18 14:38:58] [2025-12-18 14:38:58] Error pinging Cloudflare DNS (1.1.1.1): An exception occurred during a Ping request.
[2025-12-18 14:39:02] Status: 0/2 devices online
[2025-12-18 14:39:28] [2025-12-18 14:39:28] Error pinging Google DNS (8.8.8.8): An exception occurred during a Ping request.
[2025-12-18 14:39:28] [2025-12-18 14:39:28] Error pinging Cloudflare DNS (1.1.1.1): An exception occurred during a Ping request.
[2025-12-18 14:39:58] [2025-12-18 14:39:58] Error pinging Google DNS (8.8.8.8): An exception occurred during a Ping request.
[2025-12-18 14:39:58] [2025-12-18 14:39:58] Error pinging Cloudflare DNS (1.1.1.1): An exception occurred during a Ping request.
[2025-12-18 14:40:02] Status: 0/2 devices online
[2025-12-18 14:40:28] [2025-12-18 14:40:28] Error pinging Google DNS (8.8.8.8): An exception occurred during a Ping request.
[2025-12-18 14:40:29] [2025-12-18 14:40:29] Error pinging Cloudflare DNS (1.1.1.1): An exception occurred during a Ping request.
[2025-12-18 14:40:59] [2025-12-18 14:40:59] Error pinging Google DNS (8.8.8.8): An exception occurred during a Ping request.
[2025-12-18 14:40:59] [2025-12-18 14:40:59] Error pinging Cloudflare DNS (1.1.1.1): An exception occurred during a Ping request.
[2025-12-18 14:41:02] Status: 0/2 devices online
[2025-12-18 14:41:29] [2025-12-18 14:41:29] Error pinging Google DNS (8.8.8.8): An exception occurred during a Ping request.
[2025-12-18 14:41:29] [2025-12-18 14:41:29] Error pinging Cloudflare DNS (1.1.1.1): An exception occurred during a Ping request.
[2025-12-18 14:41:59] [2025-12-18 14:41:59] Error pinging Google DNS (8.8.8.8): An exception occurred during a Ping request.
[2025-12-18 14:41:59] [2025-12-18 14:41:59] Error pinging Cloudflare DNS (1.1.1.1): An exception occurred during a Ping request.
[2025-12-18 14:42:02] Status: 0/2 devices online
[2025-12-18 14:42:29] [2025-12-18 14:42:29] Error pinging Google DNS (8.8.8.8): An exception occurred during a Ping request.
[2025-12-18 14:42:30] [2025-12-18 14:42:30] Error pinging Cloudflare DNS (1.1.1.1): An exception occurred during a Ping request.
[2025-12-18 14:43:00] [2025-12-18 14:43:00] Error pinging Google DNS (8.8.8.8): An exception occurred during a Ping request.
[2025-12-18 14:43:00] [2025-12-18 14:43:00] Error pinging Cloudflare DNS (1.1.1.1): An exception occurred during a Ping request.
[2025-12-18 14:43:02] Status: 0/2 devices online
[2025-12-18 14:43:30] [2025-12-18 14:43:30] Error pinging Google DNS (8.8.8.8): An exception occurred during a Ping request.
[2025-12-18 14:43:30] [2025-12-18 14:43:30] Error pinging Cloudflare DNS (1.1.1.1): An exception occurred during a Ping request.
[2025-12-18 14:44:00] [2025-12-18 14:44:00] Error pinging Google DNS (8.8.8.8): An exception occurred during a Ping request.
[2025-12-18 14:44:00] [2025-12-18 14:44:00] Error pinging Cloudflare DNS (1.1.1.1): An exception occurred during a Ping request.
[2025-12-18 14:44:02] Status: 0/2 devices online
[2025-12-18 14:44:30] [2025-12-18 14:44:30] Error pinging Google DNS (8.8.8.8): An exception occurred during a Ping request.
[2025-12-18 14:44:31] [2025-12-18 14:44:31] Error pinging Cloudflare DNS (1.1.1.1): An exception occurred during a Ping request.
[2025-12-18 14:45:01] [2025-12-18 14:45:01] Error pinging Google DNS (8.8.8.8): An exception occurred during a Ping request.
[2025-12-18 14:45:01] [2025-12-18 14:45:01] Error pinging Cloudflare DNS (1.1.1.1): An exception occurred during a Ping request.
[2025-12-18 14:45:02] Status: 0/2 devices online
[2025-12-18 14:45:31] [2025-12-18 14:45:31] Error pinging Google DNS (8.8.8.8): An exception occurred during a Ping request.
[2025-12-18 14:45:31] [2025-12-18 14:45:31] Error pinging Cloudflare DNS (1.1.1.1): An exception occurred during a Ping request.
[2025-12-18 14:46:01] [2025-12-18 14:46:01] Error pinging Google DNS (8.8.8.8): An exception occurred during a Ping request.
[2025-12-18 14:46:01] [2025-12-18 14:46:01] Error pinging Cloudflare DNS (1.1.1.1): An exception occurred during a Ping request.
[2025-12-18 14:46:02] Status: 0/2 devices online
[2025-12-18 14:46:31] [2025-12-18 14:46:31] Error pinging Google DNS (8.8.8.8): An exception occurred during a Ping request.
[2025-12-18 14:46:31] [2025-12-18 14:46:31] Error pinging Cloudflare DNS (1.1.1.1): An exception occurred during a Ping request.
[2025-12-18 14:47:02] [2025-12-18 14:47:02] Error pinging Google DNS (8.8.8.8): An exception occurred during a Ping request.
[2025-12-18 14:47:02] [2025-12-18 14:47:02] Error pinging Cloudflare DNS (1.1.1.1): An exception occurred during a Ping request.
[2025-12-18 14:47:02] Status: 0/2 devices online
[2025-12-18 14:47:32] [2025-12-18 14:47:32] Error pinging Google DNS (8.8.8.8): An exception occurred during a Ping request.
[2025-12-18 14:47:32] [2025-12-18 14:47:32] Error pinging Cloudflare DNS (1.1.1.1): An exception occurred during a Ping request.
[2025-12-18 14:48:02] [2025-12-18 14:48:02] Error pinging Google DNS (8.8.8.8): An exception occurred during a Ping request.
[2025-12-18 14:48:02] Status: 0/2 devices online
[2025-12-18 14:48:02] [2025-12-18 14:48:02] Error pinging Cloudflare DNS (1.1.1.1): An exception occurred during a Ping request.
[2025-12-18 14:48:32] [2025-12-18 14:48:32] Error pinging Google DNS (8.8.8.8): An exception occurred during a Ping request.
[2025-12-18 14:48:32] [2025-12-18 14:48:32] Error pinging Cloudflare DNS (1.1.1.1): An exception occurred during a Ping request.
[2025-12-18 14:49:02] Status: 0/2 devices online
[2025-12-18 14:49:03] [2025-12-18 14:49:03] Error pinging Google DNS (8.8.8.8): An exception occurred during a Ping request.
[2025-12-18 14:49:03] [2025-12-18 14:49:03] Error pinging Cloudflare DNS (1.1.1.1): An exception occurred during a Ping request.
[2025-12-18 14:49:33] [2025-12-18 14:49:33] Error pinging Google DNS (8.8.8.8): An exception occurred during a Ping request.
[2025-12-18 14:49:33] [2025-12-18 14:49:33] Error pinging Cloudflare DNS (1.1.1.1): An exception occurred during a Ping request.
[2025-12-18 14:50:02] Status: 0/2 devices online
[2025-12-18 14:50:03] [2025-12-18 14:50:03] Error pinging Google DNS (8.8.8.8): An exception occurred during a Ping request.
[2025-12-18 14:50:03] [2025-12-18 14:50:03] Error pinging Cloudflare DNS (1.1.1.1): An exception occurred during a Ping request.
[2025-12-18 14:50:33] [2025-12-18 14:50:33] Error pinging Google DNS (8.8.8.8): An exception occurred during a Ping request.
[2025-12-18 14:50:33] [2025-12-18 14:50:33] Error pinging Cloudflare DNS (1.1.1.1): An exception occurred during a Ping request.
[2025-12-18 14:51:02] Status: 0/2 devices online
[2025-12-18 14:51:04] [2025-12-18 14:51:04] Error pinging Google DNS (8.8.8.8): An exception occurred during a Ping request.
[2025-12-18 14:51:04] [2025-12-18 14:51:04] Error pinging Cloudflare DNS (1.1.1.1): An exception occurred during a Ping request.
[2025-12-18 14:51:34] [2025-12-18 14:51:34] Error pinging Google DNS (8.8.8.8): An exception occurred during a Ping request.
[2025-12-18 14:51:34] [2025-12-18 14:51:34] Error pinging Cloudflare DNS (1.1.1.1): An exception occurred during a Ping request.
[2025-12-18 14:52:02] Status: 0/2 devices online
[2025-12-18 14:52:04] [2025-12-18 14:52:04] Error pinging Google DNS (8.8.8.8): An exception occurred during a Ping request.
[2025-12-18 14:52:04] [2025-12-18 14:52:04] Error pinging Cloudflare DNS (1.1.1.1): An exception occurred during a Ping request.
[2025-12-18 14:52:34] [2025-12-18 14:52:34] Error pinging Google DNS (8.8.8.8): An exception occurred during a Ping request.
[2025-12-18 14:52:34] [2025-12-18 14:52:34] Error pinging Cloudflare DNS (1.1.1.1): An exception occurred during a Ping request.
[2025-12-18 14:53:02] Status: 0/2 devices online
[2025-12-18 14:53:04] [2025-12-18 14:53:04] Error pinging Google DNS (8.8.8.8): An exception occurred during a Ping request.
[2025-12-18 14:53:05] [2025-12-18 14:53:05] Error pinging Cloudflare DNS (1.1.1.1): An exception occurred during a Ping request.
[2025-12-18 14:53:35] [2025-12-18 14:53:35] Error pinging Google DNS (8.8.8.8): An exception occurred during a Ping request.
[2025-12-18 14:53:35] [2025-12-18 14:53:35] Error pinging Cloudflare DNS (1.1.1.1): An exception occurred during a Ping request.
[2025-12-18 14:54:02] Status: 0/2 devices online
[2025-12-18 14:54:05] [2025-12-18 14:54:05] Error pinging Google DNS (8.8.8.8): An exception occurred during a Ping request.
[2025-12-18 14:54:05] [2025-12-18 14:54:05] Error pinging Cloudflare DNS (1.1.1.1): An exception occurred during a Ping request.
[2025-12-18 14:54:35] [2025-12-18 14:54:35] Error pinging Google DNS (8.8.8.8): An exception occurred during a Ping request.
[2025-12-18 14:54:35] [2025-12-18 14:54:35] Error pinging Cloudflare DNS (1.1.1.1): An exception occurred during a Ping request.
[2025-12-18 14:55:02] Status: 0/2 devices online
[2025-12-18 14:55:05] [2025-12-18 14:55:05] Error pinging Google DNS (8.8.8.8): An exception occurred during a Ping request.
[2025-12-18 14:55:06] [2025-12-18 14:55:06] Error pinging Cloudflare DNS (1.1.1.1): An exception occurred during a Ping request.
[2025-12-18 14:55:36] [2025-12-18 14:55:36] Error pinging Google DNS (8.8.8.8): An exception occurred during a Ping request.
[2025-12-18 14:55:36] [2025-12-18 14:55:36] Error pinging Cloudflare DNS (1.1.1.1): An exception occurred during a Ping request.
[2025-12-18 14:56:02] Status: 0/2 devices online
[2025-12-18 14:56:06] [2025-12-18 14:56:06] Error pinging Google DNS (8.8.8.8): An exception occurred during a Ping request.
[2025-12-18 14:56:06] [2025-12-18 14:56:06] Error pinging Cloudflare DNS (1.1.1.1): An exception occurred during a Ping request.
[2025-12-18 14:56:36] [2025-12-18 14:56:36] Error pinging Google DNS (8.8.8.8): An exception occurred during a Ping request.
[2025-12-18 14:56:36] [2025-12-18 14:56:36] Error pinging Cloudflare DNS (1.1.1.1): An exception occurred during a Ping request.
[2025-12-18 14:57:02] Status: 0/2 devices online
[2025-12-18 14:57:06] [2025-12-18 14:57:06] Error pinging Google DNS (8.8.8.8): An exception occurred during a Ping request.
[2025-12-18 14:57:07] [2025-12-18 14:57:07] Error pinging Cloudflare DNS (1.1.1.1): An exception occurred during a Ping request.
[2025-12-18 14:57:37] [2025-12-18 14:57:37] Error pinging Google DNS (8.8.8.8): An exception occurred during a Ping request.
[2025-12-18 14:57:37] [2025-12-18 14:57:37] Error pinging Cloudflare DNS (1.1.1.1): An exception occurred during a Ping request.
[2025-12-18 14:58:02] Status: 0/2 devices online
[2025-12-18 14:58:07] [2025-12-18 14:58:07] Error pinging Google DNS (8.8.8.8): An exception occurred during a Ping request.
[2025-12-18 14:58:07] [2025-12-18 14:58:07] Error pinging Cloudflare DNS (1.1.1.1): An exception occurred during a Ping request.
[2025-12-18 14:58:37] [2025-12-18 14:58:37] Error pinging Google DNS (8.8.8.8): An exception occurred during a Ping request.
[2025-12-18 14:58:37] [2025-12-18 14:58:37] Error pinging Cloudflare DNS (1.1.1.1): An exception occurred during a Ping request.
[2025-12-18 14:59:02] Status: 0/2 devices online
[2025-12-18 14:59:07] [2025-12-18 14:59:07] Error pinging Google DNS (8.8.8.8): An exception occurred during a Ping request.
[2025-12-18 14:59:08] [2025-12-18 14:59:08] Error pinging Cloudflare DNS (1.1.1.1): An exception occurred during a Ping request.
[2025-12-18 14:59:38] [2025-12-18 14:59:38] Error pinging Google DNS (8.8.8.8): An exception occurred during a Ping request.
[2025-12-18 14:59:38] [2025-12-18 14:59:38] Error pinging Cloudflare DNS (1.1.1.1): An exception occurred during a Ping request.
[2025-12-18 15:00:02] Status: 0/2 devices online
[2025-12-18 15:00:08] [2025-12-18 15:00:08] Error pinging Google DNS (8.8.8.8): An exception occurred during a Ping request.
[2025-12-18 15:00:08] [2025-12-18 15:00:08] Error pinging Cloudflare DNS (1.1.1.1): An exception occurred during a Ping request.
[2025-12-18 15:00:38] [2025-12-18 15:00:38] Error pinging Google DNS (8.8.8.8): An exception occurred during a Ping request.
[2025-12-18 15:00:38] [2025-12-18 15:00:38] Error pinging Cloudflare DNS (1.1.1.1): An exception occurred during a Ping request.
[2025-12-18 15:01:02] Status: 0/2 devices online
[2025-12-18 15:01:08] [2025-12-18 15:01:08] Error pinging Google DNS (8.8.8.8): An exception occurred during a Ping request.
[2025-12-18 15:01:08] [2025-12-18 15:01:08] Error pinging Cloudflare DNS (1.1.1.1): An exception occurred during a Ping request.
[2025-12-18 15:01:39] [2025-12-18 15:01:39] Error pinging Google DNS (8.8.8.8): An exception occurred during a Ping request.
[2025-12-18 15:01:39] [2025-12-18 15:01:39] Error pinging Cloudflare DNS (1.1.1.1): An exception occurred during a Ping request.
[2025-12-18 15:02:02] Status: 0/2 devices online
[2025-12-18 15:02:09] [2025-12-18 15:02:09] Error pinging Google DNS (8.8.8.8): An exception occurred during a Ping request.
[2025-12-18 15:02:09] [2025-12-18 15:02:09] Error pinging Cloudflare DNS (1.1.1.1): An exception occurred during a Ping request.
[2025-12-18 15:02:39] [2025-12-18 15:02:39] Error pinging Google DNS (8.8.8.8): An exception occurred during a Ping request.
[2025-12-18 15:02:39] [2025-12-18 15:02:39] Error pinging Cloudflare DNS (1.1.1.1): An exception occurred during a Ping request.
[2025-12-18 15:03:02] Status: 0/2 devices online
[2025-12-18 15:03:09] [2025-12-18 15:03:09] Error pinging Google DNS (8.8.8.8): An exception occurred during a Ping request.
[2025-12-18 15:03:09] [2025-12-18 15:03:09] Error pinging Cloudflare DNS (1.1.1.1): An exception occurred during a Ping request.
[2025-12-18 15:03:40] [2025-12-18 15:03:40] Error pinging Google DNS (8.8.8.8): An exception occurred during a Ping request.
[2025-12-18 15:03:40] [2025-12-18 15:03:40] Error pinging Cloudflare DNS (1.1.1.1): An exception occurred during a Ping request.
[2025-12-18 15:04:02] Status: 0/2 devices online
[2025-12-18 15:04:10] [2025-12-18 15:04:10] Error pinging Google DNS (8.8.8.8): An exception occurred during a Ping request.
[2025-12-18 15:04:10] [2025-12-18 15:04:10] Error pinging Cloudflare DNS (1.1.1.1): An exception occurred during a Ping request.
[2025-12-18 15:04:40] [2025-12-18 15:04:40] Error pinging Google DNS (8.8.8.8): An exception occurred during a Ping request.
[2025-12-18 15:04:40] [2025-12-18 15:04:40] Error pinging Cloudflare DNS (1.1.1.1): An exception occurred during a Ping request.
[2025-12-18 15:05:02] Status: 0/2 devices online
[2025-12-18 15:05:10] [2025-12-18 15:05:10] Error pinging Google DNS (8.8.8.8): An exception occurred during a Ping request.
[2025-12-18 15:05:10] [2025-12-18 15:05:10] Error pinging Cloudflare DNS (1.1.1.1): An exception occurred during a Ping request.
[2025-12-18 15:05:40] [2025-12-18 15:05:40] Error pinging Google DNS (8.8.8.8): An exception occurred during a Ping request.
[2025-12-18 15:05:41] [2025-12-18 15:05:41] Error pinging Cloudflare DNS (1.1.1.1): An exception occurred during a Ping request.
[2025-12-18 15:06:02] Status: 0/2 devices online
[2025-12-18 15:06:11] [2025-12-18 15:06:11] Error pinging Google DNS (8.8.8.8): An exception occurred during a Ping request.
[2025-12-18 15:06:11] [2025-12-18 15:06:11] Error pinging Cloudflare DNS (1.1.1.1): An exception occurred during a Ping request.
[2025-12-18 15:06:41] [2025-12-18 15:06:41] Error pinging Google DNS (8.8.8.8): An exception occurred during a Ping request.
[2025-12-18 15:06:41] [2025-12-18 15:06:41] Error pinging Cloudflare DNS (1.1.1.1): An exception occurred during a Ping request.
[2025-12-18 15:07:02] Status: 0/2 devices online
[2025-12-18 15:07:11] [2025-12-18 15:07:11] Error pinging Google DNS (8.8.8.8): An exception occurred during a Ping request.
[2025-12-18 15:07:11] [2025-12-18 15:07:11] Error pinging Cloudflare DNS (1.1.1.1): An exception occurred during a Ping request.
[2025-12-18 15:07:41] [2025-12-18 15:07:41] Error pinging Google DNS (8.8.8.8): An exception occurred during a Ping request.
[2025-12-18 15:07:42] [2025-12-18 15:07:42] Error pinging Cloudflare DNS (1.1.1.1): An exception occurred during a Ping request.
[2025-12-18 15:08:02] Status: 0/2 devices online
[2025-12-18 15:08:12] [2025-12-18 15:08:12] Error pinging Google DNS (8.8.8.8): An exception occurred during a Ping request.
[2025-12-18 15:08:12] [2025-12-18 15:08:12] Error pinging Cloudflare DNS (1.1.1.1): An exception occurred during a Ping request.
[2025-12-18 15:08:42] [2025-12-18 15:08:42] Error pinging Google DNS (8.8.8.8): An exception occurred during a Ping request.
[2025-12-18 15:08:42] [2025-12-18 15:08:42] Error pinging Cloudflare DNS (1.1.1.1): An exception occurred during a Ping request.
[2025-12-18 15:09:02] Status: 0/2 devices online
[2025-12-18 15:09:12] [2025-12-18 15:09:12] Error pinging Google DNS (8.8.8.8): An exception occurred during a Ping request.
[2025-12-18 15:09:12] [2025-12-18 15:09:12] Error pinging Cloudflare DNS (1.1.1.1): An exception occurred during a Ping request.
[2025-12-18 15:09:42] [2025-12-18 15:09:42] Error pinging Google DNS (8.8.8.8): An exception occurred during a Ping request.
[2025-12-18 15:09:43] [2025-12-18 15:09:43] Error pinging Cloudflare DNS (1.1.1.1): An exception occurred during a Ping request.
[2025-12-18 15:10:02] Status: 0/2 devices online
[2025-12-18 15:10:13] [2025-12-18 15:10:13] Error pinging Google DNS (8.8.8.8): An exception occurred during a Ping request.
[2025-12-18 15:10:13] [2025-12-18 15:10:13] Error pinging Cloudflare DNS (1.1.1.1): An exception occurred during a Ping request.
[2025-12-18 15:10:43] [2025-12-18 15:10:43] Error pinging Google DNS (8.8.8.8): An exception occurred during a Ping request.
[2025-12-18 15:10:43] [2025-12-18 15:10:43] Error pinging Cloudflare DNS (1.1.1.1): An exception occurred during a Ping request.
[2025-12-18 15:11:02] Status: 0/2 devices online
[2025-12-18 15:11:13] [2025-12-18 15:11:13] Error pinging Google DNS (8.8.8.8): An exception occurred during a Ping request.
[2025-12-18 15:11:13] [2025-12-18 15:11:13] Error pinging Cloudflare DNS (1.1.1.1): An exception occurred during a Ping request.
[2025-12-18 15:11:43] [2025-12-18 15:11:43] Error pinging Google DNS (8.8.8.8): An exception occurred during a Ping request.
[2025-12-18 15:11:44] [2025-12-18 15:11:44] Error pinging Cloudflare DNS (1.1.1.1): An exception occurred during a Ping request.
[2025-12-18 15:12:02] Status: 0/2 devices online
[2025-12-18 15:12:14] [2025-12-18 15:12:14] Error pinging Google DNS (8.8.8.8): An exception occurred during a Ping request.
[2025-12-18 15:12:14] [2025-12-18 15:12:14] Error pinging Cloudflare DNS (1.1.1.1): An exception occurred during a Ping request.
[2025-12-18 15:12:44] [2025-12-18 15:12:44] Error pinging Google DNS (8.8.8.8): An exception occurred during a Ping request.
[2025-12-18 15:12:44] [2025-12-18 15:12:44] Error pinging Cloudflare DNS (1.1.1.1): An exception occurred during a Ping request.
[2025-12-18 15:13:02] Status: 0/2 devices online
[2025-12-18 15:13:14] [2025-12-18 15:13:14] Error pinging Google DNS (8.8.8.8): An exception occurred during a Ping request.
[2025-12-18 15:13:14] [2025-12-18 15:13:14] Error pinging Cloudflare DNS (1.1.1.1): An exception occurred during a Ping request.
[2025-12-18 15:13:44] [2025-12-18 15:13:44] Error pinging Google DNS (8.8.8.8): An exception occurred during a Ping request.
[2025-12-18 15:13:45] [2025-12-18 15:13:45] Error pinging Cloudflare DNS (1.1.1.1): An exception occurred during a Ping request.
[2025-12-18 15:14:02] Status: 0/2 devices online
[2025-12-18 15:14:15] [2025-12-18 15:14:15] Error pinging Google DNS (8.8.8.8): An exception occurred during a Ping request.
[2025-12-18 15:14:15] [2025-12-18 15:14:15] Error pinging Cloudflare DNS (1.1.1.1): An exception occurred during a Ping request.
[2025-12-18 15:14:45] [2025-12-18 15:14:45] Error pinging Google DNS (8.8.8.8): An exception occurred during a Ping request.
[2025-12-18 15:14:45] [2025-12-18 15:14:45] Error pinging Cloudflare DNS (1.1.1.1): An exception occurred during a Ping request.
[2025-12-18 15:15:02] Status: 0/2 devices online
[2025-12-18 15:15:15] [2025-12-18 15:15:15] Error pinging Google DNS (8.8.8.8): An exception occurred during a Ping request.
[2025-12-18 15:15:15] [2025-12-18 15:15:15] Error pinging Cloudflare DNS (1.1.1.1): An exception occurred during a Ping request.
[2025-12-18 15:15:45] [2025-12-18 15:15:45] Error pinging Google DNS (8.8.8.8): An exception occurred during a Ping request.
[2025-12-18 15:15:45] [2025-12-18 15:15:45] Error pinging Cloudflare DNS (1.1.1.1): An exception occurred during a Ping request.
[2025-12-18 15:16:02] Status: 0/2 devices online
[2025-12-18 15:16:16] [2025-12-18 15:16:16] Error pinging Google DNS (8.8.8.8): An exception occurred during a Ping request.
[2025-12-18 15:16:16] [2025-12-18 15:16:16] Error pinging Cloudflare DNS (1.1.1.1): An exception occurred during a Ping request.
[2025-12-18 15:16:46] [2025-12-18 15:16:46] Error pinging Google DNS (8.8.8.8): An exception occurred during a Ping request.
[2025-12-18 15:16:46] [2025-12-18 15:16:46] Error pinging Cloudflare DNS (1.1.1.1): An exception occurred during a Ping request.
[2025-12-18 15:17:02] Status: 0/2 devices online
[2025-12-18 15:17:16] [2025-12-18 15:17:16] Error pinging Google DNS (8.8.8.8): An exception occurred during a Ping request.
[2025-12-18 15:17:16] [2025-12-18 15:17:16] Error pinging Cloudflare DNS (1.1.1.1): An exception occurred during a Ping request.
[2025-12-18 15:17:46] [2025-12-18 15:17:46] Error pinging Google DNS (8.8.8.8): An exception occurred during a Ping request.
[2025-12-18 15:17:46] [2025-12-18 15:17:46] Error pinging Cloudflare DNS (1.1.1.1): An exception occurred during a Ping request.
[2025-12-18 15:18:02] Status: 0/2 devices online
[2025-12-18 15:18:17] [2025-12-18 15:18:17] Error pinging Google DNS (8.8.8.8): An exception occurred during a Ping request.
[2025-12-18 15:18:17] [2025-12-18 15:18:17] Error pinging Cloudflare DNS (1.1.1.1): An exception occurred during a Ping request.
[2025-12-18 15:18:47] [2025-12-18 15:18:47] Error pinging Google DNS (8.8.8.8): An exception occurred during a Ping request.
[2025-12-18 15:18:47] [2025-12-18 15:18:47] Error pinging Cloudflare DNS (1.1.1.1): An exception occurred during a Ping request.
[2025-12-18 15:19:02] Status: 0/2 devices online
[2025-12-18 15:19:17] [2025-12-18 15:19:17] Error pinging Google DNS (8.8.8.8): An exception occurred during a Ping request.
[2025-12-18 15:19:17] [2025-12-18 15:19:17] Error pinging Cloudflare DNS (1.1.1.1): An exception occurred during a Ping request.
[2025-12-18 15:19:47] [2025-12-18 15:19:47] Error pinging Google DNS (8.8.8.8): An exception occurred during a Ping request.
[2025-12-18 15:19:47] [2025-12-18 15:19:47] Error pinging Cloudflare DNS (1.1.1.1): An exception occurred during a Ping request.
[2025-12-18 15:20:02] Status: 0/2 devices online
[2025-12-18 15:20:18] [2025-12-18 15:20:18] Error pinging Google DNS (8.8.8.8): An exception occurred during a Ping request.
[2025-12-18 15:20:18] [2025-12-18 15:20:18] Error pinging Cloudflare DNS (1.1.1.1): An exception occurred during a Ping request.
[2025-12-18 15:20:48] [2025-12-18 15:20:48] Error pinging Google DNS (8.8.8.8): An exception occurred during a Ping request.
[2025-12-18 15:20:48] [2025-12-18 15:20:48] Error pinging Cloudflare DNS (1.1.1.1): An exception occurred during a Ping request.
[2025-12-18 15:21:02] Status: 0/2 devices online
[2025-12-18 15:21:18] [2025-12-18 15:21:18] Error pinging Google DNS (8.8.8.8): An exception occurred during a Ping request.
[2025-12-18 15:21:18] [2025-12-18 15:21:18] Error pinging Cloudflare DNS (1.1.1.1): An exception occurred during a Ping request.
[2025-12-18 15:21:48] [2025-12-18 15:21:48] Error pinging Google DNS (8.8.8.8): An exception occurred during a Ping request.
[2025-12-18 15:21:48] [2025-12-18 15:21:48] Error pinging Cloudflare DNS (1.1.1.1): An exception occurred during a Ping request.
[2025-12-18 15:22:02] Status: 0/2 devices online
[2025-12-18 15:22:19] [2025-12-18 15:22:19] Error pinging Google DNS (8.8.8.8): An exception occurred during a Ping request.
[2025-12-18 15:22:19] [2025-12-18 15:22:19] Error pinging Cloudflare DNS (1.1.1.1): An exception occurred during a Ping request.
[2025-12-18 15:22:49] [2025-12-18 15:22:49] Error pinging Google DNS (8.8.8.8): An exception occurred during a Ping request.
[2025-12-18 15:22:49] [2025-12-18 15:22:49] Error pinging Cloudflare DNS (1.1.1.1): An exception occurred during a Ping request.
[2025-12-18 15:23:02] Status: 0/2 devices online
[2025-12-18 15:23:19] [2025-12-18 15:23:19] Error pinging Google DNS (8.8.8.8): An exception occurred during a Ping request.
[2025-12-18 15:23:19] [2025-12-18 15:23:19] Error pinging Cloudflare DNS (1.1.1.1): An exception occurred during a Ping request.
[2025-12-18 15:23:49] [2025-12-18 15:23:49] Error pinging Google DNS (8.8.8.8): An exception occurred during a Ping request.
[2025-12-18 15:23:49] [2025-12-18 15:23:49] Error pinging Cloudflare DNS (1.1.1.1): An exception occurred during a Ping request.
[2025-12-18 15:24:02] Status: 0/2 devices online
[2025-12-18 15:24:19] [2025-12-18 15:24:19] Error pinging Google DNS (8.8.8.8): An exception occurred during a Ping request.
[2025-12-18 15:24:20] [2025-12-18 15:24:20] Error pinging Cloudflare DNS (1.1.1.1): An exception occurred during a Ping request.
[2025-12-18 15:24:50] [2025-12-18 15:24:50] Error pinging Google DNS (8.8.8.8): An exception occurred during a Ping request.
[2025-12-18 15:24:50] [2025-12-18 15:24:50] Error pinging Cloudflare DNS (1.1.1.1): An exception occurred during a Ping request.
[2025-12-18 15:25:02] Status: 0/2 devices online
[2025-12-18 15:25:20] [2025-12-18 15:25:20] Error pinging Google DNS (8.8.8.8): An exception occurred during a Ping request.
[2025-12-18 15:25:20] [2025-12-18 15:25:20] Error pinging Cloudflare DNS (1.1.1.1): An exception occurred during a Ping request.
[2025-12-18 15:25:50] [2025-12-18 15:25:50] Error pinging Google DNS (8.8.8.8): An exception occurred during a Ping request.
[2025-12-18 15:25:50] [2025-12-18 15:25:50] Error pinging Cloudflare DNS (1.1.1.1): An exception occurred during a Ping request.
[2025-12-18 15:26:02] Status: 0/2 devices online
[2025-12-18 15:26:20] [2025-12-18 15:26:20] Error pinging Google DNS (8.8.8.8): An exception occurred during a Ping request.
[2025-12-18 15:26:21] [2025-12-18 15:26:21] Error pinging Cloudflare DNS (1.1.1.1): An exception occurred during a Ping request.
[2025-12-18 15:26:51] [2025-12-18 15:26:51] Error pinging Google DNS (8.8.8.8): An exception occurred during a Ping request.
[2025-12-18 15:26:51] [2025-12-18 15:26:51] Error pinging Cloudflare DNS (1.1.1.1): An exception occurred during a Ping request.
[2025-12-18 15:27:02] Status: 0/2 devices online
[2025-12-18 15:27:21] [2025-12-18 15:27:21] Error pinging Google DNS (8.8.8.8): An exception occurred during a Ping request.
[2025-12-18 15:27:21] [2025-12-18 15:27:21] Error pinging Cloudflare DNS (1.1.1.1): An exception occurred during a Ping request.
[2025-12-18 15:27:51] [2025-12-18 15:27:51] Error pinging Google DNS (8.8.8.8): An exception occurred during a Ping request.
[2025-12-18 15:27:51] [2025-12-18 15:27:51] Error pinging Cloudflare DNS (1.1.1.1): An exception occurred during a Ping request.
[2025-12-18 15:28:03] Status: 0/2 devices online
[2025-12-18 15:28:21] [2025-12-18 15:28:21] Error pinging Google DNS (8.8.8.8): An exception occurred during a Ping request.
[2025-12-18 15:28:22] [2025-12-18 15:28:22] Error pinging Cloudflare DNS (1.1.1.1): An exception occurred during a Ping request.
[2025-12-18 15:28:52] [2025-12-18 15:28:52] Error pinging Google DNS (8.8.8.8): An exception occurred during a Ping request.
[2025-12-18 15:28:52] [2025-12-18 15:28:52] Error pinging Cloudflare DNS (1.1.1.1): An exception occurred during a Ping request.
[2025-12-18 15:29:03] Status: 0/2 devices online
[2025-12-18 15:29:22] [2025-12-18 15:29:22] Error pinging Google DNS (8.8.8.8): An exception occurred during a Ping request.
[2025-12-18 15:29:22] [2025-12-18 15:29:22] Error pinging Cloudflare DNS (1.1.1.1): An exception occurred during a Ping request.
[2025-12-18 15:29:52] [2025-12-18 15:29:52] Error pinging Google DNS (8.8.8.8): An exception occurred during a Ping request.
[2025-12-18 15:29:52] [2025-12-18 15:29:52] Error pinging Cloudflare DNS (1.1.1.1): An exception occurred during a Ping request.
[2025-12-18 15:30:03] Status: 0/2 devices online
[2025-12-18 15:30:22] [2025-12-18 15:30:22] Error pinging Google DNS (8.8.8.8): An exception occurred during a Ping request.
[2025-12-18 15:30:23] [2025-12-18 15:30:23] Error pinging Cloudflare DNS (1.1.1.1): An exception occurred during a Ping request.
[2025-12-18 15:30:53] [2025-12-18 15:30:53] Error pinging Google DNS (8.8.8.8): An exception occurred during a Ping request.
[2025-12-18 15:30:53] [2025-12-18 15:30:53] Error pinging Cloudflare DNS (1.1.1.1): An exception occurred during a Ping request.
[2025-12-18 15:31:03] Status: 0/2 devices online
[2025-12-18 15:31:23] [2025-12-18 15:31:23] Error pinging Google DNS (8.8.8.8): An exception occurred during a Ping request.
[2025-12-18 15:31:23] [2025-12-18 15:31:23] Error pinging Cloudflare DNS (1.1.1.1): An exception occurred during a Ping request.
[2025-12-18 15:31:53] [2025-12-18 15:31:53] Error pinging Google DNS (8.8.8.8): An exception occurred during a Ping request.
[2025-12-18 15:31:53] [2025-12-18 15:31:53] Error pinging Cloudflare DNS (1.1.1.1): An exception occurred during a Ping request.
[2025-12-18 15:32:03] Status: 0/2 devices online
[2025-12-18 15:32:23] [2025-12-18 15:32:23] Error pinging Google DNS (8.8.8.8): An exception occurred during a Ping request.
[2025-12-18 15:32:24] [2025-12-18 15:32:24] Error pinging Cloudflare DNS (1.1.1.1): An exception occurred during a Ping request.
[2025-12-18 15:32:54] [2025-12-18 15:32:54] Error pinging Google DNS (8.8.8.8): An exception occurred during a Ping request.
[2025-12-18 15:32:54] [2025-12-18 15:32:54] Error pinging Cloudflare DNS (1.1.1.1): An exception occurred during a Ping request.
[2025-12-18 15:33:03] Status: 0/2 devices online
[2025-12-18 15:33:24] [2025-12-18 15:33:24] Error pinging Google DNS (8.8.8.8): An exception occurred during a Ping request.
[2025-12-18 15:33:24] [2025-12-18 15:33:24] Error pinging Cloudflare DNS (1.1.1.1): An exception occurred during a Ping request.
[2025-12-18 15:33:54] [2025-12-18 15:33:54] Error pinging Google DNS (8.8.8.8): An exception occurred during a Ping request.
[2025-12-18 15:33:54] [2025-12-18 15:33:54] Error pinging Cloudflare DNS (1.1.1.1): An exception occurred during a Ping request.
[2025-12-18 15:34:03] Status: 0/2 devices online
[2025-12-18 15:34:24] [2025-12-18 15:34:24] Error pinging Google DNS (8.8.8.8): An exception occurred during a Ping request.
[2025-12-18 15:34:24] [2025-12-18 15:34:24] Error pinging Cloudflare DNS (1.1.1.1): An exception occurred during a Ping request.
[2025-12-18 15:34:55] [2025-12-18 15:34:55] Error pinging Google DNS (8.8.8.8): An exception occurred during a Ping request.
[2025-12-18 15:34:55] [2025-12-18 15:34:55] Error pinging Cloudflare DNS (1.1.1.1): An exception occurred during a Ping request.
[2025-12-18 15:35:03] Status: 0/2 devices online
[2025-12-18 15:35:25] [2025-12-18 15:35:25] Error pinging Google DNS (8.8.8.8): An exception occurred during a Ping request.
[2025-12-18 15:35:25] [2025-12-18 15:35:25] Error pinging Cloudflare DNS (1.1.1.1): An exception occurred during a Ping request.
[2025-12-18 15:35:55] [2025-12-18 15:35:55] Error pinging Google DNS (8.8.8.8): An exception occurred during a Ping request.
[2025-12-18 15:35:55] [2025-12-18 15:35:55] Error pinging Cloudflare DNS (1.1.1.1): An exception occurred during a Ping request.
[2025-12-18 15:36:03] Status: 0/2 devices online
[2025-12-18 15:36:25] [2025-12-18 15:36:25] Error pinging Google DNS (8.8.8.8): An exception occurred during a Ping request.
[2025-12-18 15:36:25] [2025-12-18 15:36:25] Error pinging Cloudflare DNS (1.1.1.1): An exception occurred during a Ping request.
[2025-12-18 15:36:56] [2025-12-18 15:36:56] Error pinging Google DNS (8.8.8.8): An exception occurred during a Ping request.
[2025-12-18 15:36:56] [2025-12-18 15:36:56] Error pinging Cloudflare DNS (1.1.1.1): An exception occurred during a Ping request.
[2025-12-18 15:37:03] Status: 0/2 devices online
[2025-12-18 15:37:26] [2025-12-18 15:37:26] Error pinging Google DNS (8.8.8.8): An exception occurred during a Ping request.
[2025-12-18 15:37:26] [2025-12-18 15:37:26] Error pinging Cloudflare DNS (1.1.1.1): An exception occurred during a Ping request.
[2025-12-18 15:37:56] [2025-12-18 15:37:56] Error pinging Google DNS (8.8.8.8): An exception occurred during a Ping request.
[2025-12-18 15:37:56] [2025-12-18 15:37:56] Error pinging Cloudflare DNS (1.1.1.1): An exception occurred during a Ping request.
[2025-12-18 15:38:03] Status: 0/2 devices online
[2025-12-18 15:38:26] [2025-12-18 15:38:26] Error pinging Google DNS (8.8.8.8): An exception occurred during a Ping request.
[2025-12-18 15:38:26] [2025-12-18 15:38:26] Error pinging Cloudflare DNS (1.1.1.1): An exception occurred during a Ping request.
[2025-12-18 15:38:57] [2025-12-18 15:38:57] Error pinging Google DNS (8.8.8.8): An exception occurred during a Ping request.
[2025-12-18 15:38:57] [2025-12-18 15:38:57] Error pinging Cloudflare DNS (1.1.1.1): An exception occurred during a Ping request.
[2025-12-18 15:39:03] Status: 0/2 devices online
[2025-12-18 15:39:27] [2025-12-18 15:39:27] Error pinging Google DNS (8.8.8.8): An exception occurred during a Ping request.
[2025-12-18 15:39:27] [2025-12-18 15:39:27] Error pinging Cloudflare DNS (1.1.1.1): An exception occurred during a Ping request.
[2025-12-18 15:39:57] [2025-12-18 15:39:57] Error pinging Google DNS (8.8.8.8): An exception occurred during a Ping request.
[2025-12-18 15:39:57] [2025-12-18 15:39:57] Error pinging Cloudflare DNS (1.1.1.1): An exception occurred during a Ping request.
[2025-12-18 15:40:03] Status: 0/2 devices online
[2025-12-18 15:40:27] [2025-12-18 15:40:27] Error pinging Google DNS (8.8.8.8): An exception occurred during a Ping request.
[2025-12-18 15:40:27] [2025-12-18 15:40:27] Error pinging Cloudflare DNS (1.1.1.1): An exception occurred during a Ping request.
[2025-12-18 15:40:58] [2025-12-18 15:40:58] Error pinging Google DNS (8.8.8.8): An exception occurred during a Ping request.
[2025-12-18 15:40:58] [2025-12-18 15:40:58] Error pinging Cloudflare DNS (1.1.1.1): An exception occurred during a Ping request.
[2025-12-18 15:41:03] Status: 0/2 devices online
[2025-12-18 15:41:28] [2025-12-18 15:41:28] Error pinging Google DNS (8.8.8.8): An exception occurred during a Ping request.
[2025-12-18 15:41:28] [2025-12-18 15:41:28] Error pinging Cloudflare DNS (1.1.1.1): An exception occurred during a Ping request.
[2025-12-18 15:41:58] [2025-12-18 15:41:58] Error pinging Google DNS (8.8.8.8): An exception occurred during a Ping request.
[2025-12-18 15:41:58] [2025-12-18 15:41:58] Error pinging Cloudflare DNS (1.1.1.1): An exception occurred during a Ping request.
[2025-12-18 15:42:03] Status: 0/2 devices online
[2025-12-18 15:42:28] [2025-12-18 15:42:28] Error pinging Google DNS (8.8.8.8): An exception occurred during a Ping request.
[2025-12-18 15:42:28] [2025-12-18 15:42:28] Error pinging Cloudflare DNS (1.1.1.1): An exception occurred during a Ping request.
[2025-12-18 15:42:58] [2025-12-18 15:42:58] Error pinging Google DNS (8.8.8.8): An exception occurred during a Ping request.
[2025-12-18 15:42:59] [2025-12-18 15:42:59] Error pinging Cloudflare DNS (1.1.1.1): An exception occurred during a Ping request.
[2025-12-18 15:43:03] Status: 0/2 devices online
[2025-12-18 15:43:29] [2025-12-18 15:43:29] Error pinging Google DNS (8.8.8.8): An exception occurred during a Ping request.
[2025-12-18 15:43:29] [2025-12-18 15:43:29] Error pinging Cloudflare DNS (1.1.1.1): An exception occurred during a Ping request.
[2025-12-18 15:43:59] [2025-12-18 15:43:59] Error pinging Google DNS (8.8.8.8): An exception occurred during a Ping request.
[2025-12-18 15:43:59] [2025-12-18 15:43:59] Error pinging Cloudflare DNS (1.1.1.1): An exception occurred during a Ping request.
[2025-12-18 15:44:03] Status: 0/2 devices online
[2025-12-18 15:44:29] [2025-12-18 15:44:29] Error pinging Google DNS (8.8.8.8): An exception occurred during a Ping request.
[2025-12-18 15:44:29] [2025-12-18 15:44:29] Error pinging Cloudflare DNS (1.1.1.1): An exception occurred during a Ping request.
[2025-12-18 15:44:59] [2025-12-18 15:44:59] Error pinging Google DNS (8.8.8.8): An exception occurred during a Ping request.
[2025-12-18 15:45:00] [2025-12-18 15:45:00] Error pinging Cloudflare DNS (1.1.1.1): An exception occurred during a Ping request.
[2025-12-18 15:45:03] Status: 0/2 devices online
[2025-12-18 15:45:30] [2025-12-18 15:45:30] Error pinging Google DNS (8.8.8.8): An exception occurred during a Ping request.
[2025-12-18 15:45:30] [2025-12-18 15:45:30] Error pinging Cloudflare DNS (1.1.1.1): An exception occurred during a Ping request.
[2025-12-18 15:46:00] [2025-12-18 15:46:00] Error pinging Google DNS (8.8.8.8): An exception occurred during a Ping request.
[2025-12-18 15:46:00] [2025-12-18 15:46:00] Error pinging Cloudflare DNS (1.1.1.1): An exception occurred during a Ping request.
[2025-12-18 15:46:03] Status: 0/2 devices online
[2025-12-18 15:46:30] [2025-12-18 15:46:30] Error pinging Google DNS (8.8.8.8): An exception occurred during a Ping request.
[2025-12-18 15:46:30] [2025-12-18 15:46:30] Error pinging Cloudflare DNS (1.1.1.1): An exception occurred during a Ping request.
[2025-12-18 15:47:00] [2025-12-18 15:47:00] Error pinging Google DNS (8.8.8.8): An exception occurred during a Ping request.
[2025-12-18 15:47:01] [2025-12-18 15:47:01] Error pinging Cloudflare DNS (1.1.1.1): An exception occurred during a Ping request.
[2025-12-18 15:47:03] Status: 0/2 devices online
[2025-12-18 15:47:31] [2025-12-18 15:47:31] Error pinging Google DNS (8.8.8.8): An exception occurred during a Ping request.
[2025-12-18 15:47:31] [2025-12-18 15:47:31] Error pinging Cloudflare DNS (1.1.1.1): An exception occurred during a Ping request.
[2025-12-18 15:48:01] [2025-12-18 15:48:01] Error pinging Google DNS (8.8.8.8): An exception occurred during a Ping request.
[2025-12-18 15:48:01] [2025-12-18 15:48:01] Error pinging Cloudflare DNS (1.1.1.1): An exception occurred during a Ping request.
[2025-12-18 15:48:03] Status: 0/2 devices online
[2025-12-18 15:48:31] [2025-12-18 15:48:31] Error pinging Google DNS (8.8.8.8): An exception occurred during a Ping request.
[2025-12-18 15:48:31] [2025-12-18 15:48:31] Error pinging Cloudflare DNS (1.1.1.1): An exception occurred during a Ping request.
[2025-12-18 15:49:01] [2025-12-18 15:49:01] Error pinging Google DNS (8.8.8.8): An exception occurred during a Ping request.
[2025-12-18 15:49:02] [2025-12-18 15:49:02] Error pinging Cloudflare DNS (1.1.1.1): An exception occurred during a Ping request.
[2025-12-18 15:49:03] Status: 0/2 devices online
[2025-12-18 15:49:32] [2025-12-18 15:49:32] Error pinging Google DNS (8.8.8.8): An exception occurred during a Ping request.
[2025-12-18 15:49:32] [2025-12-18 15:49:32] Error pinging Cloudflare DNS (1.1.1.1): An exception occurred during a Ping request.
[2025-12-18 15:50:02] [2025-12-18 15:50:02] Error pinging Google DNS (8.8.8.8): An exception occurred during a Ping request.
[2025-12-18 15:50:02] [2025-12-18 15:50:02] Error pinging Cloudflare DNS (1.1.1.1): An exception occurred during a Ping request.
[2025-12-18 15:50:03] Status: 0/2 devices online
[2025-12-18 15:50:32] [2025-12-18 15:50:32] Error pinging Google DNS (8.8.8.8): An exception occurred during a Ping request.
[2025-12-18 15:50:32] [2025-12-18 15:50:32] Error pinging Cloudflare DNS (1.1.1.1): An exception occurred during a Ping request.
[2025-12-18 15:51:02] [2025-12-18 15:51:02] Error pinging Google DNS (8.8.8.8): An exception occurred during a Ping request.
[2025-12-18 15:51:02] [2025-12-18 15:51:02] Error pinging Cloudflare DNS (1.1.1.1): An exception occurred during a Ping request.
[2025-12-18 15:51:03] Status: 0/2 devices online
[2025-12-18 15:51:33] [2025-12-18 15:51:33] Error pinging Google DNS (8.8.8.8): An exception occurred during a Ping request.
[2025-12-18 15:51:33] [2025-12-18 15:51:33] Error pinging Cloudflare DNS (1.1.1.1): An exception occurred during a Ping request.
[2025-12-18 15:52:03] Status: 0/2 devices online
[2025-12-18 15:52:03] [2025-12-18 15:52:03] Error pinging Google DNS (8.8.8.8): An exception occurred during a Ping request.
[2025-12-18 15:52:03] [2025-12-18 15:52:03] Error pinging Cloudflare DNS (1.1.1.1): An exception occurred during a Ping request.
[2025-12-18 15:52:33] [2025-12-18 15:52:33] Error pinging Google DNS (8.8.8.8): An exception occurred during a Ping request.
[2025-12-18 15:52:33] [2025-12-18 15:52:33] Error pinging Cloudflare DNS (1.1.1.1): An exception occurred during a Ping request.
[2025-12-18 15:53:03] Status: 0/2 devices online
[2025-12-18 15:53:03] [2025-12-18 15:53:03] Error pinging Google DNS (8.8.8.8): An exception occurred during a Ping request.
[2025-12-18 15:53:03] [2025-12-18 15:53:03] Error pinging Cloudflare DNS (1.1.1.1): An exception occurred during a Ping request.
[2025-12-18 15:53:34] [2025-12-18 15:53:34] Error pinging Google DNS (8.8.8.8): An exception occurred during a Ping request.
[2025-12-18 15:53:34] [2025-12-18 15:53:34] Error pinging Cloudflare DNS (1.1.1.1): An exception occurred during a Ping request.
[2025-12-18 15:54:03] Status: 0/2 devices online
[2025-12-18 15:54:04] [2025-12-18 15:54:04] Error pinging Google DNS (8.8.8.8): An exception occurred during a Ping request.
[2025-12-18 15:54:04] [2025-12-18 15:54:04] Error pinging Cloudflare DNS (1.1.1.1): An exception occurred during a Ping request.
[2025-12-18 15:54:34] [2025-12-18 15:54:34] Error pinging Google DNS (8.8.8.8): An exception occurred during a Ping request.
[2025-12-18 15:54:34] [2025-12-18 15:54:34] Error pinging Cloudflare DNS (1.1.1.1): An exception occurred during a Ping request.
[2025-12-18 15:55:03] Status: 0/2 devices online
[2025-12-18 15:55:04] [2025-12-18 15:55:04] Error pinging Google DNS (8.8.8.8): An exception occurred during a Ping request.
[2025-12-18 15:55:04] [2025-12-18 15:55:04] Error pinging Cloudflare DNS (1.1.1.1): An exception occurred during a Ping request.
[2025-12-18 15:55:35] [2025-12-18 15:55:35] Error pinging Google DNS (8.8.8.8): An exception occurred during a Ping request.
[2025-12-18 15:55:35] [2025-12-18 15:55:35] Error pinging Cloudflare DNS (1.1.1.1): An exception occurred during a Ping request.
[2025-12-18 15:56:03] Status: 0/2 devices online
[2025-12-18 15:56:05] [2025-12-18 15:56:05] Error pinging Google DNS (8.8.8.8): An exception occurred during a Ping request.
[2025-12-18 15:56:05] [2025-12-18 15:56:05] Error pinging Cloudflare DNS (1.1.1.1): An exception occurred during a Ping request.
[2025-12-18 15:56:35] [2025-12-18 15:56:35] Error pinging Google DNS (8.8.8.8): An exception occurred during a Ping request.
[2025-12-18 15:56:35] [2025-12-18 15:56:35] Error pinging Cloudflare DNS (1.1.1.1): An exception occurred during a Ping request.
[2025-12-18 15:57:03] Status: 0/2 devices online
[2025-12-18 15:57:05] [2025-12-18 15:57:05] Error pinging Google DNS (8.8.8.8): An exception occurred during a Ping request.
[2025-12-18 15:57:05] [2025-12-18 15:57:05] Error pinging Cloudflare DNS (1.1.1.1): An exception occurred during a Ping request.
[2025-12-18 15:57:36] [2025-12-18 15:57:36] Error pinging Google DNS (8.8.8.8): An exception occurred during a Ping request.
[2025-12-18 15:57:36] [2025-12-18 15:57:36] Error pinging Cloudflare DNS (1.1.1.1): An exception occurred during a Ping request.
[2025-12-18 15:58:03] Status: 0/2 devices online
[2025-12-18 15:58:06] [2025-12-18 15:58:06] Error pinging Google DNS (8.8.8.8): An exception occurred during a Ping request.
[2025-12-18 15:58:06] [2025-12-18 15:58:06] Error pinging Cloudflare DNS (1.1.1.1): An exception occurred during a Ping request.
[2025-12-18 15:58:36] [2025-12-18 15:58:36] Error pinging Google DNS (8.8.8.8): An exception occurred during a Ping request.
[2025-12-18 15:58:36] [2025-12-18 15:58:36] Error pinging Cloudflare DNS (1.1.1.1): An exception occurred during a Ping request.
[2025-12-18 15:59:03] Status: 0/2 devices online
[2025-12-18 15:59:06] [2025-12-18 15:59:06] Error pinging Google DNS (8.8.8.8): An exception occurred during a Ping request.
[2025-12-18 15:59:06] [2025-12-18 15:59:06] Error pinging Cloudflare DNS (1.1.1.1): An exception occurred during a Ping request.
[2025-12-18 15:59:36] [2025-12-18 15:59:36] Error pinging Google DNS (8.8.8.8): An exception occurred during a Ping request.
[2025-12-18 15:59:37] [2025-12-18 15:59:37] Error pinging Cloudflare DNS (1.1.1.1): An exception occurred during a Ping request.
[2025-12-18 16:00:03] Status: 0/2 devices online
[2025-12-18 16:00:07] [2025-12-18 16:00:07] Error pinging Google DNS (8.8.8.8): An exception occurred during a Ping request.
[2025-12-18 16:00:07] [2025-12-18 16:00:07] Error pinging Cloudflare DNS (1.1.1.1): An exception occurred during a Ping request.
[2025-12-18 16:00:37] [2025-12-18 16:00:37] Error pinging Google DNS (8.8.8.8): An exception occurred during a Ping request.
[2025-12-18 16:00:37] [2025-12-18 16:00:37] Error pinging Cloudflare DNS (1.1.1.1): An exception occurred during a Ping request.
[2025-12-18 16:01:03] Status: 0/2 devices online
[2025-12-18 16:01:07] [2025-12-18 16:01:07] Error pinging Google DNS (8.8.8.8): An exception occurred during a Ping request.
[2025-12-18 16:01:07] [2025-12-18 16:01:07] Error pinging Cloudflare DNS (1.1.1.1): An exception occurred during a Ping request.
[2025-12-18 16:01:37] [2025-12-18 16:01:37] Error pinging Google DNS (8.8.8.8): An exception occurred during a Ping request.
[2025-12-18 16:01:38] [2025-12-18 16:01:38] Error pinging Cloudflare DNS (1.1.1.1): An exception occurred during a Ping request.
[2025-12-18 16:02:03] Status: 0/2 devices online
[2025-12-18 16:02:08] [2025-12-18 16:02:08] Error pinging Google DNS (8.8.8.8): An exception occurred during a Ping request.
[2025-12-18 16:02:08] [2025-12-18 16:02:08] Error pinging Cloudflare DNS (1.1.1.1): An exception occurred during a Ping request.
[2025-12-18 16:02:38] [2025-12-18 16:02:38] Error pinging Google DNS (8.8.8.8): An exception occurred during a Ping request.
[2025-12-18 16:02:38] [2025-12-18 16:02:38] Error pinging Cloudflare DNS (1.1.1.1): An exception occurred during a Ping request.
[2025-12-18 16:03:03] Status: 0/2 devices online
[2025-12-18 16:03:08] [2025-12-18 16:03:08] Error pinging Google DNS (8.8.8.8): An exception occurred during a Ping request.
[2025-12-18 16:03:08] [2025-12-18 16:03:08] Error pinging Cloudflare DNS (1.1.1.1): An exception occurred during a Ping request.
[2025-12-18 16:03:38] [2025-12-18 16:03:38] Error pinging Google DNS (8.8.8.8): An exception occurred during a Ping request.
[2025-12-18 16:03:39] [2025-12-18 16:03:39] Error pinging Cloudflare DNS (1.1.1.1): An exception occurred during a Ping request.
[2025-12-18 16:04:03] Status: 0/2 devices online
[2025-12-18 16:04:09] [2025-12-18 16:04:09] Error pinging Google DNS (8.8.8.8): An exception occurred during a Ping request.
[2025-12-18 16:04:09] [2025-12-18 16:04:09] Error pinging Cloudflare DNS (1.1.1.1): An exception occurred during a Ping request.
[2025-12-18 16:04:39] [2025-12-18 16:04:39] Error pinging Google DNS (8.8.8.8): An exception occurred during a Ping request.
[2025-12-18 16:04:39] [2025-12-18 16:04:39] Error pinging Cloudflare DNS (1.1.1.1): An exception occurred during a Ping request.
[2025-12-18 16:05:03] Status: 0/2 devices online
[2025-12-18 16:05:09] [2025-12-18 16:05:09] Error pinging Google DNS (8.8.8.8): An exception occurred during a Ping request.
[2025-12-18 16:05:09] [2025-12-18 16:05:09] Error pinging Cloudflare DNS (1.1.1.1): An exception occurred during a Ping request.
[2025-12-18 16:05:39] [2025-12-18 16:05:39] Error pinging Google DNS (8.8.8.8): An exception occurred during a Ping request.
[2025-12-18 16:05:40] [2025-12-18 16:05:40] Error pinging Cloudflare DNS (1.1.1.1): An exception occurred during a Ping request.
[2025-12-18 16:06:03] Status: 0/2 devices online
[2025-12-18 16:06:10] [2025-12-18 16:06:10] Error pinging Google DNS (8.8.8.8): An exception occurred during a Ping request.
[2025-12-18 16:06:10] [2025-12-18 16:06:10] Error pinging Cloudflare DNS (1.1.1.1): An exception occurred during a Ping request.
[2025-12-18 16:06:40] [2025-12-18 16:06:40] Error pinging Google DNS (8.8.8.8): An exception occurred during a Ping request.
[2025-12-18 16:06:40] [2025-12-18 16:06:40] Error pinging Cloudflare DNS (1.1.1.1): An exception occurred during a Ping request.
[2025-12-18 16:07:03] Status: 0/2 devices online
[2025-12-18 16:07:10] [2025-12-18 16:07:10] Error pinging Google DNS (8.8.8.8): An exception occurred during a Ping request.
[2025-12-18 16:07:10] [2025-12-18 16:07:10] Error pinging Cloudflare DNS (1.1.1.1): An exception occurred during a Ping request.
[2025-12-18 16:07:40] [2025-12-18 16:07:40] Error pinging Google DNS (8.8.8.8): An exception occurred during a Ping request.
[2025-12-18 16:07:40] [2025-12-18 16:07:40] Error pinging Cloudflare DNS (1.1.1.1): An exception occurred during a Ping request.
[2025-12-18 16:08:03] Status: 0/2 devices online
[2025-12-18 16:08:11] [2025-12-18 16:08:11] Error pinging Google DNS (8.8.8.8): An exception occurred during a Ping request.
[2025-12-18 16:08:11] [2025-12-18 16:08:11] Error pinging Cloudflare DNS (1.1.1.1): An exception occurred during a Ping request.
[2025-12-18 16:08:41] [2025-12-18 16:08:41] Error pinging Google DNS (8.8.8.8): An exception occurred during a Ping request.
[2025-12-18 16:08:41] [2025-12-18 16:08:41] Error pinging Cloudflare DNS (1.1.1.1): An exception occurred during a Ping request.
[2025-12-18 16:09:03] Status: 0/2 devices online
[2025-12-18 16:09:11] [2025-12-18 16:09:11] Error pinging Google DNS (8.8.8.8): An exception occurred during a Ping request.
[2025-12-18 16:09:11] [2025-12-18 16:09:11] Error pinging Cloudflare DNS (1.1.1.1): An exception occurred during a Ping request.
[2025-12-18 16:09:41] [2025-12-18 16:09:41] Error pinging Google DNS (8.8.8.8): An exception occurred during a Ping request.
[2025-12-18 16:09:41] [2025-12-18 16:09:41] Error pinging Cloudflare DNS (1.1.1.1): An exception occurred during a Ping request.
[2025-12-18 16:10:03] Status: 0/2 devices online
[2025-12-18 16:10:12] [2025-12-18 16:10:12] Error pinging Google DNS (8.8.8.8): An exception occurred during a Ping request.
[2025-12-18 16:10:12] [2025-12-18 16:10:12] Error pinging Cloudflare DNS (1.1.1.1): An exception occurred during a Ping request.
[2025-12-18 16:10:42] [2025-12-18 16:10:42] Error pinging Google DNS (8.8.8.8): An exception occurred during a Ping request.
[2025-12-18 16:10:42] [2025-12-18 16:10:42] Error pinging Cloudflare DNS (1.1.1.1): An exception occurred during a Ping request.
[2025-12-18 16:11:03] Status: 0/2 devices online
[2025-12-18 16:11:12] [2025-12-18 16:11:12] Error pinging Google DNS (8.8.8.8): An exception occurred during a Ping request.
[2025-12-18 16:11:12] [2025-12-18 16:11:12] Error pinging Cloudflare DNS (1.1.1.1): An exception occurred during a Ping request.
[2025-12-18 16:11:42] [2025-12-18 16:11:42] Error pinging Google DNS (8.8.8.8): An exception occurred during a Ping request.
[2025-12-18 16:11:42] [2025-12-18 16:11:42] Error pinging Cloudflare DNS (1.1.1.1): An exception occurred during a Ping request.
[2025-12-18 16:12:03] Status: 0/2 devices online
[2025-12-18 16:12:13] [2025-12-18 16:12:13] Error pinging Google DNS (8.8.8.8): An exception occurred during a Ping request.
[2025-12-18 16:12:13] [2025-12-18 16:12:13] Error pinging Cloudflare DNS (1.1.1.1): An exception occurred during a Ping request.
[2025-12-18 16:12:43] [2025-12-18 16:12:43] Error pinging Google DNS (8.8.8.8): An exception occurred during a Ping request.
[2025-12-18 16:12:43] [2025-12-18 16:12:43] Error pinging Cloudflare DNS (1.1.1.1): An exception occurred during a Ping request.
[2025-12-18 16:13:03] Status: 0/2 devices online
[2025-12-18 16:13:13] [2025-12-18 16:13:13] Error pinging Google DNS (8.8.8.8): An exception occurred during a Ping request.
[2025-12-18 16:13:13] [2025-12-18 16:13:13] Error pinging Cloudflare DNS (1.1.1.1): An exception occurred during a Ping request.
[2025-12-18 16:13:43] [2025-12-18 16:13:43] Error pinging Google DNS (8.8.8.8): An exception occurred during a Ping request.
[2025-12-18 16:13:43] [2025-12-18 16:13:43] Error pinging Cloudflare DNS (1.1.1.1): An exception occurred during a Ping request.
[2025-12-18 16:14:03] Status: 0/2 devices online
[2025-12-18 16:14:14] [2025-12-18 16:14:14] Error pinging Google DNS (8.8.8.8): An exception occurred during a Ping request.
[2025-12-18 16:14:14] [2025-12-18 16:14:14] Error pinging Cloudflare DNS (1.1.1.1): An exception occurred during a Ping request.
[2025-12-18 16:14:44] [2025-12-18 16:14:44] Error pinging Google DNS (8.8.8.8): An exception occurred during a Ping request.
[2025-12-18 16:14:44] [2025-12-18 16:14:44] Error pinging Cloudflare DNS (1.1.1.1): An exception occurred during a Ping request.
[2025-12-18 16:15:03] Status: 0/2 devices online
[2025-12-18 16:15:14] [2025-12-18 16:15:14] Error pinging Google DNS (8.8.8.8): An exception occurred during a Ping request.
[2025-12-18 16:15:14] [2025-12-18 16:15:14] Error pinging Cloudflare DNS (1.1.1.1): An exception occurred during a Ping request.
[2025-12-18 16:15:44] [2025-12-18 16:15:44] Error pinging Google DNS (8.8.8.8): An exception occurred during a Ping request.
[2025-12-18 16:15:44] [2025-12-18 16:15:44] Error pinging Cloudflare DNS (1.1.1.1): An exception occurred during a Ping request.
[2025-12-18 16:16:03] Status: 0/2 devices online
[2025-12-18 16:16:15] [2025-12-18 16:16:15] Error pinging Google DNS (8.8.8.8): An exception occurred during a Ping request.
[2025-12-18 16:16:15] [2025-12-18 16:16:15] Error pinging Cloudflare DNS (1.1.1.1): An exception occurred during a Ping request.
[2025-12-18 16:16:45] [2025-12-18 16:16:45] Error pinging Google DNS (8.8.8.8): An exception occurred during a Ping request.
[2025-12-18 16:16:45] [2025-12-18 16:16:45] Error pinging Cloudflare DNS (1.1.1.1): An exception occurred during a Ping request.
[2025-12-18 16:17:03] Status: 0/2 devices online
[2025-12-18 16:17:15] [2025-12-18 16:17:15] Error pinging Google DNS (8.8.8.8): An exception occurred during a Ping request.
[2025-12-18 16:17:15] [2025-12-18 16:17:15] Error pinging Cloudflare DNS (1.1.1.1): An exception occurred during a Ping request.
[2025-12-18 16:17:45] [2025-12-18 16:17:45] Error pinging Google DNS (8.8.8.8): An exception occurred during a Ping request.
[2025-12-18 16:17:45] [2025-12-18 16:17:45] Error pinging Cloudflare DNS (1.1.1.1): An exception occurred during a Ping request.
[2025-12-18 16:18:03] Status: 0/2 devices online
[2025-12-18 16:18:16] [2025-12-18 16:18:16] Error pinging Google DNS (8.8.8.8): An exception occurred during a Ping request.
[2025-12-18 16:18:16] [2025-12-18 16:18:16] Error pinging Cloudflare DNS (1.1.1.1): An exception occurred during a Ping request.
[2025-12-18 16:18:46] [2025-12-18 16:18:46] Error pinging Google DNS (8.8.8.8): An exception occurred during a Ping request.
[2025-12-18 16:18:46] [2025-12-18 16:18:46] Error pinging Cloudflare DNS (1.1.1.1): An exception occurred during a Ping request.
[2025-12-18 16:19:03] Status: 0/2 devices online
[2025-12-18 16:19:16] [2025-12-18 16:19:16] Error pinging Google DNS (8.8.8.8): An exception occurred during a Ping request.
[2025-12-18 16:19:16] [2025-12-18 16:19:16] Error pinging Cloudflare DNS (1.1.1.1): An exception occurred during a Ping request.
[2025-12-18 16:19:46] [2025-12-18 16:19:46] Error pinging Google DNS (8.8.8.8): An exception occurred during a Ping request.
[2025-12-18 16:19:46] [2025-12-18 16:19:46] Error pinging Cloudflare DNS (1.1.1.1): An exception occurred during a Ping request.
[2025-12-18 16:20:03] Status: 0/2 devices online
[2025-12-18 16:20:17] [2025-12-18 16:20:17] Error pinging Google DNS (8.8.8.8): An exception occurred during a Ping request.
[2025-12-18 16:20:17] [2025-12-18 16:20:17] Error pinging Cloudflare DNS (1.1.1.1): An exception occurred during a Ping request.
[2025-12-18 16:20:47] [2025-12-18 16:20:47] Error pinging Google DNS (8.8.8.8): An exception occurred during a Ping request.
[2025-12-18 16:20:47] [2025-12-18 16:20:47] Error pinging Cloudflare DNS (1.1.1.1): An exception occurred during a Ping request.
[2025-12-18 16:21:03] Status: 0/2 devices online
[2025-12-18 16:21:17] [2025-12-18 16:21:17] Error pinging Google DNS (8.8.8.8): An exception occurred during a Ping request.
[2025-12-18 16:21:17] [2025-12-18 16:21:17] Error pinging Cloudflare DNS (1.1.1.1): An exception occurred during a Ping request.
[2025-12-18 16:21:47] [2025-12-18 16:21:47] Error pinging Google DNS (8.8.8.8): An exception occurred during a Ping request.
[2025-12-18 16:21:47] [2025-12-18 16:21:47] Error pinging Cloudflare DNS (1.1.1.1): An exception occurred during a Ping request.
[2025-12-18 16:22:03] Status: 0/2 devices online
[2025-12-18 16:22:17] [2025-12-18 16:22:17] Error pinging Google DNS (8.8.8.8): An exception occurred during a Ping request.
[2025-12-18 16:22:18] [2025-12-18 16:22:18] Error pinging Cloudflare DNS (1.1.1.1): An exception occurred during a Ping request.
[2025-12-18 16:22:48] [2025-12-18 16:22:48] Error pinging Google DNS (8.8.8.8): An exception occurred during a Ping request.
[2025-12-18 16:22:48] [2025-12-18 16:22:48] Error pinging Cloudflare DNS (1.1.1.1): An exception occurred during a Ping request.
[2025-12-18 16:23:03] Status: 0/2 devices online
[2025-12-18 16:23:18] [2025-12-18 16:23:18] Error pinging Google DNS (8.8.8.8): An exception occurred during a Ping request.
[2025-12-18 16:23:18] [2025-12-18 16:23:18] Error pinging Cloudflare DNS (1.1.1.1): An exception occurred during a Ping request.
[2025-12-18 16:23:48] [2025-12-18 16:23:48] Error pinging Google DNS (8.8.8.8): An exception occurred during a Ping request.
[2025-12-18 16:23:48] [2025-12-18 16:23:48] Error pinging Cloudflare DNS (1.1.1.1): An exception occurred during a Ping request.
[2025-12-18 16:24:03] Status: 0/2 devices online
[2025-12-18 16:24:18] [2025-12-18 16:24:18] Error pinging Google DNS (8.8.8.8): An exception occurred during a Ping request.
[2025-12-18 16:24:19] [2025-12-18 16:24:19] Error pinging Cloudflare DNS (1.1.1.1): An exception occurred during a Ping request.
[2025-12-18 16:24:49] [2025-12-18 16:24:49] Error pinging Google DNS (8.8.8.8): An exception occurred during a Ping request.
[2025-12-18 16:24:49] [2025-12-18 16:24:49] Error pinging Cloudflare DNS (1.1.1.1): An exception occurred during a Ping request.
[2025-12-18 16:25:03] Status: 0/2 devices online
[2025-12-18 16:25:19] [2025-12-18 16:25:19] Error pinging Google DNS (8.8.8.8): An exception occurred during a Ping request.
[2025-12-18 16:25:19] [2025-12-18 16:25:19] Error pinging Cloudflare DNS (1.1.1.1): An exception occurred during a Ping request.
[2025-12-18 16:25:49] [2025-12-18 16:25:49] Error pinging Google DNS (8.8.8.8): An exception occurred during a Ping request.
[2025-12-18 16:25:49] [2025-12-18 16:25:49] Error pinging Cloudflare DNS (1.1.1.1): An exception occurred during a Ping request.
[2025-12-18 16:26:03] Status: 0/2 devices online
[2025-12-18 16:26:19] [2025-12-18 16:26:19] Error pinging Google DNS (8.8.8.8): An exception occurred during a Ping request.
[2025-12-18 16:26:20] [2025-12-18 16:26:20] Error pinging Cloudflare DNS (1.1.1.1): An exception occurred during a Ping request.
[2025-12-18 16:26:50] [2025-12-18 16:26:50] Error pinging Google DNS (8.8.8.8): An exception occurred during a Ping request.
[2025-12-18 16:26:50] [2025-12-18 16:26:50] Error pinging Cloudflare DNS (1.1.1.1): An exception occurred during a Ping request.
[2025-12-18 16:27:03] Status: 0/2 devices online
[2025-12-18 16:27:20] [2025-12-18 16:27:20] Error pinging Google DNS (8.8.8.8): An exception occurred during a Ping request.
[2025-12-18 16:27:20] [2025-12-18 16:27:20] Error pinging Cloudflare DNS (1.1.1.1): An exception occurred during a Ping request.
[2025-12-18 16:27:50] [2025-12-18 16:27:50] Error pinging Google DNS (8.8.8.8): An exception occurred during a Ping request.
[2025-12-18 16:27:50] [2025-12-18 16:27:50] Error pinging Cloudflare DNS (1.1.1.1): An exception occurred during a Ping request.
[2025-12-18 16:28:03] Status: 0/2 devices online
[2025-12-18 16:28:20] [2025-12-18 16:28:20] Error pinging Google DNS (8.8.8.8): An exception occurred during a Ping request.
[2025-12-18 16:28:20] [2025-12-18 16:28:20] Error pinging Cloudflare DNS (1.1.1.1): An exception occurred during a Ping request.
[2025-12-18 16:28:51] [2025-12-18 16:28:51] Error pinging Google DNS (8.8.8.8): An exception occurred during a Ping request.
[2025-12-18 16:28:51] [2025-12-18 16:28:51] Error pinging Cloudflare DNS (1.1.1.1): An exception occurred during a Ping request.
[2025-12-18 16:29:03] Status: 0/2 devices online
[2025-12-18 16:29:21] [2025-12-18 16:29:21] Error pinging Google DNS (8.8.8.8): An exception occurred during a Ping request.
[2025-12-18 16:29:21] [2025-12-18 16:29:21] Error pinging Cloudflare DNS (1.1.1.1): An exception occurred during a Ping request.
[2025-12-18 16:29:51] [2025-12-18 16:29:51] Error pinging Google DNS (8.8.8.8): An exception occurred during a Ping request.
[2025-12-18 16:29:51] [2025-12-18 16:29:51] Error pinging Cloudflare DNS (1.1.1.1): An exception occurred during a Ping request.
[2025-12-18 16:30:03] Status: 0/2 devices online
[2025-12-18 16:30:21] [2025-12-18 16:30:21] Error pinging Google DNS (8.8.8.8): An exception occurred during a Ping request.
[2025-12-18 16:30:21] [2025-12-18 16:30:21] Error pinging Cloudflare DNS (1.1.1.1): An exception occurred during a Ping request.
[2025-12-18 16:30:52] [2025-12-18 16:30:52] Error pinging Google DNS (8.8.8.8): An exception occurred during a Ping request.
[2025-12-18 16:30:52] [2025-12-18 16:30:52] Error pinging Cloudflare DNS (1.1.1.1): An exception occurred during a Ping request.
[2025-12-18 16:31:03] Status: 0/2 devices online
[2025-12-18 16:31:22] [2025-12-18 16:31:22] Error pinging Google DNS (8.8.8.8): An exception occurred during a Ping request.
[2025-12-18 16:31:22] [2025-12-18 16:31:22] Error pinging Cloudflare DNS (1.1.1.1): An exception occurred during a Ping request.
[2025-12-18 16:31:52] [2025-12-18 16:31:52] Error pinging Google DNS (8.8.8.8): An exception occurred during a Ping request.
[2025-12-18 16:31:52] [2025-12-18 16:31:52] Error pinging Cloudflare DNS (1.1.1.1): An exception occurred during a Ping request.
[2025-12-18 16:32:03] Status: 0/2 devices online
[2025-12-18 16:32:22] [2025-12-18 16:32:22] Error pinging Google DNS (8.8.8.8): An exception occurred during a Ping request.
[2025-12-18 16:32:22] [2025-12-18 16:32:22] Error pinging Cloudflare DNS (1.1.1.1): An exception occurred during a Ping request.
[2025-12-18 16:32:53] [2025-12-18 16:32:53] Error pinging Google DNS (8.8.8.8): An exception occurred during a Ping request.
[2025-12-18 16:32:53] [2025-12-18 16:32:53] Error pinging Cloudflare DNS (1.1.1.1): An exception occurred during a Ping request.
[2025-12-18 16:33:03] Status: 0/2 devices online
[2025-12-18 16:33:23] [2025-12-18 16:33:23] Error pinging Google DNS (8.8.8.8): An exception occurred during a Ping request.
[2025-12-18 16:33:23] [2025-12-18 16:33:23] Error pinging Cloudflare DNS (1.1.1.1): An exception occurred during a Ping request.
[2025-12-18 16:33:53] [2025-12-18 16:33:53] Error pinging Google DNS (8.8.8.8): An exception occurred during a Ping request.
[2025-12-18 16:33:53] [2025-12-18 16:33:53] Error pinging Cloudflare DNS (1.1.1.1): An exception occurred during a Ping request.
[2025-12-18 16:34:03] Status: 0/2 devices online
[2025-12-18 16:34:23] [2025-12-18 16:34:23] Error pinging Google DNS (8.8.8.8): An exception occurred during a Ping request.
[2025-12-18 16:34:23] [2025-12-18 16:34:23] Error pinging Cloudflare DNS (1.1.1.1): An exception occurred during a Ping request.
[2025-12-18 16:34:53] [2025-12-18 16:34:53] Error pinging Google DNS (8.8.8.8): An exception occurred during a Ping request.
[2025-12-18 16:34:54] [2025-12-18 16:34:54] Error pinging Cloudflare DNS (1.1.1.1): An exception occurred during a Ping request.
[2025-12-18 16:35:03] Status: 0/2 devices online
[2025-12-18 16:35:24] [2025-12-18 16:35:24] Error pinging Google DNS (8.8.8.8): An exception occurred during a Ping request.
[2025-12-18 16:35:24] [2025-12-18 16:35:24] Error pinging Cloudflare DNS (1.1.1.1): An exception occurred during a Ping request.
[2025-12-18 16:35:54] [2025-12-18 16:35:54] Error pinging Google DNS (8.8.8.8): An exception occurred during a Ping request.
[2025-12-18 16:35:54] [2025-12-18 16:35:54] Error pinging Cloudflare DNS (1.1.1.1): An exception occurred during a Ping request.
[2025-12-18 16:36:03] Status: 0/2 devices online
[2025-12-18 16:36:24] [2025-12-18 16:36:24] Error pinging Google DNS (8.8.8.8): An exception occurred during a Ping request.
[2025-12-18 16:36:24] [2025-12-18 16:36:24] Error pinging Cloudflare DNS (1.1.1.1): An exception occurred during a Ping request.
[2025-12-18 16:36:54] [2025-12-18 16:36:54] Error pinging Google DNS (8.8.8.8): An exception occurred during a Ping request.
[2025-12-18 16:36:55] [2025-12-18 16:36:55] Error pinging Cloudflare DNS (1.1.1.1): An exception occurred during a Ping request.
[2025-12-18 16:37:03] Status: 0/2 devices online
[2025-12-18 16:37:25] [2025-12-18 16:37:25] Error pinging Google DNS (8.8.8.8): An exception occurred during a Ping request.
[2025-12-18 16:37:25] [2025-12-18 16:37:25] Error pinging Cloudflare DNS (1.1.1.1): An exception occurred during a Ping request.
[2025-12-18 16:37:55] [2025-12-18 16:37:55] Error pinging Google DNS (8.8.8.8): An exception occurred during a Ping request.
[2025-12-18 16:37:55] [2025-12-18 16:37:55] Error pinging Cloudflare DNS (1.1.1.1): An exception occurred during a Ping request.
[2025-12-18 16:38:03] Status: 0/2 devices online
[2025-12-18 16:38:25] [2025-12-18 16:38:25] Error pinging Google DNS (8.8.8.8): An exception occurred during a Ping request.
[2025-12-18 16:38:25] [2025-12-18 16:38:25] Error pinging Cloudflare DNS (1.1.1.1): An exception occurred during a Ping request.
[2025-12-18 16:38:55] [2025-12-18 16:38:55] Error pinging Google DNS (8.8.8.8): An exception occurred during a Ping request.
[2025-12-18 16:38:56] [2025-12-18 16:38:56] Error pinging Cloudflare DNS (1.1.1.1): An exception occurred during a Ping request.
[2025-12-18 16:39:03] Status: 0/2 devices online
[2025-12-18 16:39:26] [2025-12-18 16:39:26] Error pinging Google DNS (8.8.8.8): An exception occurred during a Ping request.
[2025-12-18 16:39:26] [2025-12-18 16:39:26] Error pinging Cloudflare DNS (1.1.1.1): An exception occurred during a Ping request.
[2025-12-18 16:39:56] [2025-12-18 16:39:56] Error pinging Google DNS (8.8.8.8): An exception occurred during a Ping request.
[2025-12-18 16:39:56] [2025-12-18 16:39:56] Error pinging Cloudflare DNS (1.1.1.1): An exception occurred during a Ping request.
[2025-12-18 16:40:03] Status: 0/2 devices online
[2025-12-18 16:40:26] [2025-12-18 16:40:26] Error pinging Google DNS (8.8.8.8): An exception occurred during a Ping request.
[2025-12-18 16:40:26] [2025-12-18 16:40:26] Error pinging Cloudflare DNS (1.1.1.1): An exception occurred during a Ping request.
[2025-12-18 16:40:56] [2025-12-18 16:40:56] Error pinging Google DNS (8.8.8.8): An exception occurred during a Ping request.
[2025-12-18 16:40:57] [2025-12-18 16:40:57] Error pinging Cloudflare DNS (1.1.1.1): An exception occurred during a Ping request.
[2025-12-18 16:41:03] Status: 0/2 devices online
[2025-12-18 16:41:27] [2025-12-18 16:41:27] Error pinging Google DNS (8.8.8.8): An exception occurred during a Ping request.
[2025-12-18 16:41:27] [2025-12-18 16:41:27] Error pinging Cloudflare DNS (1.1.1.1): An exception occurred during a Ping request.
[2025-12-18 16:41:57] [2025-12-18 16:41:57] Error pinging Google DNS (8.8.8.8): An exception occurred during a Ping request.
[2025-12-18 16:41:57] [2025-12-18 16:41:57] Error pinging Cloudflare DNS (1.1.1.1): An exception occurred during a Ping request.
[2025-12-18 16:42:03] Status: 0/2 devices online
[2025-12-18 16:42:27] [2025-12-18 16:42:27] Error pinging Google DNS (8.8.8.8): An exception occurred during a Ping request.
[2025-12-18 16:42:27] [2025-12-18 16:42:27] Error pinging Cloudflare DNS (1.1.1.1): An exception occurred during a Ping request.
[2025-12-18 16:42:57] [2025-12-18 16:42:57] Error pinging Google DNS (8.8.8.8): An exception occurred during a Ping request.
[2025-12-18 16:42:57] [2025-12-18 16:42:57] Error pinging Cloudflare DNS (1.1.1.1): An exception occurred during a Ping request.
[2025-12-18 16:43:03] Status: 0/2 devices online
[2025-12-18 16:43:28] [2025-12-18 16:43:28] Error pinging Google DNS (8.8.8.8): An exception occurred during a Ping request.
[2025-12-18 16:43:28] [2025-12-18 16:43:28] Error pinging Cloudflare DNS (1.1.1.1): An exception occurred during a Ping request.
[2025-12-18 16:43:58] [2025-12-18 16:43:58] Error pinging Google DNS (8.8.8.8): An exception occurred during a Ping request.
[2025-12-18 16:43:58] [2025-12-18 16:43:58] Error pinging Cloudflare DNS (1.1.1.1): An exception occurred during a Ping request.
[2025-12-18 16:44:03] Status: 0/2 devices online
[2025-12-18 16:44:28] [2025-12-18 16:44:28] Error pinging Google DNS (8.8.8.8): An exception occurred during a Ping request.
[2025-12-18 16:44:28] [2025-12-18 16:44:28] Error pinging Cloudflare DNS (1.1.1.1): An exception occurred during a Ping request.
[2025-12-18 16:44:58] [2025-12-18 16:44:58] Error pinging Google DNS (8.8.8.8): An exception occurred during a Ping request.
[2025-12-18 16:44:58] [2025-12-18 16:44:58] Error pinging Cloudflare DNS (1.1.1.1): An exception occurred during a Ping request.
[2025-12-18 16:45:03] Status: 0/2 devices online
[2025-12-18 16:45:29] [2025-12-18 16:45:29] Error pinging Google DNS (8.8.8.8): An exception occurred during a Ping request.
[2025-12-18 16:45:29] [2025-12-18 16:45:29] Error pinging Cloudflare DNS (1.1.1.1): An exception occurred during a Ping request.
[2025-12-18 16:45:59] [2025-12-18 16:45:59] Error pinging Google DNS (8.8.8.8): An exception occurred during a Ping request.
[2025-12-18 16:45:59] [2025-12-18 16:45:59] Error pinging Cloudflare DNS (1.1.1.1): An exception occurred during a Ping request.
[2025-12-18 16:46:03] Status: 0/2 devices online
[2025-12-18 16:46:29] [2025-12-18 16:46:29] Error pinging Google DNS (8.8.8.8): An exception occurred during a Ping request.
[2025-12-18 16:46:29] [2025-12-18 16:46:29] Error pinging Cloudflare DNS (1.1.1.1): An exception occurred during a Ping request.
[2025-12-18 16:46:59] [2025-12-18 16:46:59] Error pinging Google DNS (8.8.8.8): An exception occurred during a Ping request.
[2025-12-18 16:46:59] [2025-12-18 16:46:59] Error pinging Cloudflare DNS (1.1.1.1): An exception occurred during a Ping request.
[2025-12-18 16:47:03] Status: 0/2 devices online
[2025-12-18 16:47:30] [2025-12-18 16:47:30] Error pinging Google DNS (8.8.8.8): An exception occurred during a Ping request.
[2025-12-18 16:47:30] [2025-12-18 16:47:30] Error pinging Cloudflare DNS (1.1.1.1): An exception occurred during a Ping request.
[2025-12-18 16:48:00] [2025-12-18 16:48:00] Error pinging Google DNS (8.8.8.8): An exception occurred during a Ping request.
[2025-12-18 16:48:00] [2025-12-18 16:48:00] Error pinging Cloudflare DNS (1.1.1.1): An exception occurred during a Ping request.
[2025-12-18 16:48:03] Status: 0/2 devices online
[2025-12-18 16:48:30] [2025-12-18 16:48:30] Error pinging Google DNS (8.8.8.8): An exception occurred during a Ping request.
[2025-12-18 16:48:30] [2025-12-18 16:48:30] Error pinging Cloudflare DNS (1.1.1.1): An exception occurred during a Ping request.
[2025-12-18 16:49:00] [2025-12-18 16:49:00] Error pinging Google DNS (8.8.8.8): An exception occurred during a Ping request.
[2025-12-18 16:49:00] [2025-12-18 16:49:00] Error pinging Cloudflare DNS (1.1.1.1): An exception occurred during a Ping request.
[2025-12-18 16:49:03] Status: 0/2 devices online
[2025-12-18 16:49:30] [2025-12-18 16:49:30] Error pinging Google DNS (8.8.8.8): An exception occurred during a Ping request.
[2025-12-18 16:49:31] [2025-12-18 16:49:31] Error pinging Cloudflare DNS (1.1.1.1): An exception occurred during a Ping request.
[2025-12-18 16:50:01] [2025-12-18 16:50:01] Error pinging Google DNS (8.8.8.8): An exception occurred during a Ping request.
[2025-12-18 16:50:01] [2025-12-18 16:50:01] Error pinging Cloudflare DNS (1.1.1.1): An exception occurred during a Ping request.
[2025-12-18 16:50:03] Status: 0/2 devices online
[2025-12-18 16:50:31] [2025-12-18 16:50:31] Error pinging Google DNS (8.8.8.8): An exception occurred during a Ping request.
[2025-12-18 16:50:31] [2025-12-18 16:50:31] Error pinging Cloudflare DNS (1.1.1.1): An exception occurred during a Ping request.
[2025-12-18 16:51:01] [2025-12-18 16:51:01] Error pinging Google DNS (8.8.8.8): An exception occurred during a Ping request.
[2025-12-18 16:51:01] [2025-12-18 16:51:01] Error pinging Cloudflare DNS (1.1.1.1): An exception occurred during a Ping request.
[2025-12-18 16:51:03] Status: 0/2 devices online
[2025-12-18 16:51:31] [2025-12-18 16:51:31] Error pinging Google DNS (8.8.8.8): An exception occurred during a Ping request.
[2025-12-18 16:51:32] [2025-12-18 16:51:32] Error pinging Cloudflare DNS (1.1.1.1): An exception occurred during a Ping request.
[2025-12-18 16:52:02] [2025-12-18 16:52:02] Error pinging Google DNS (8.8.8.8): An exception occurred during a Ping request.
[2025-12-18 16:52:02] [2025-12-18 16:52:02] Error pinging Cloudflare DNS (1.1.1.1): An exception occurred during a Ping request.
[2025-12-18 16:52:03] Status: 0/2 devices online
[2025-12-18 16:52:32] [2025-12-18 16:52:32] Error pinging Google DNS (8.8.8.8): An exception occurred during a Ping request.
[2025-12-18 16:52:32] [2025-12-18 16:52:32] Error pinging Cloudflare DNS (1.1.1.1): An exception occurred during a Ping request.
[2025-12-18 16:53:02] [2025-12-18 16:53:02] Error pinging Google DNS (8.8.8.8): An exception occurred during a Ping request.
[2025-12-18 16:53:02] [2025-12-18 16:53:02] Error pinging Cloudflare DNS (1.1.1.1): An exception occurred during a Ping request.
[2025-12-18 16:53:03] Status: 0/2 devices online
[2025-12-18 16:53:32] [2025-12-18 16:53:32] Error pinging Google DNS (8.8.8.8): An exception occurred during a Ping request.
[2025-12-18 16:53:33] [2025-12-18 16:53:33] Error pinging Cloudflare DNS (1.1.1.1): An exception occurred during a Ping request.
[2025-12-18 16:54:03] [2025-12-18 16:54:03] Error pinging Google DNS (8.8.8.8): An exception occurred during a Ping request.
[2025-12-18 16:54:03] [2025-12-18 16:54:03] Error pinging Cloudflare DNS (1.1.1.1): An exception occurred during a Ping request.
[2025-12-18 16:54:03] Status: 0/2 devices online
[2025-12-18 16:54:33] [2025-12-18 16:54:33] Error pinging Google DNS (8.8.8.8): An exception occurred during a Ping request.
[2025-12-18 16:54:33] [2025-12-18 16:54:33] Error pinging Cloudflare DNS (1.1.1.1): An exception occurred during a Ping request.
[2025-12-18 16:55:03] [2025-12-18 16:55:03] Error pinging Google DNS (8.8.8.8): An exception occurred during a Ping request.
[2025-12-18 16:55:03] [2025-12-18 16:55:03] Error pinging Cloudflare DNS (1.1.1.1): An exception occurred during a Ping request.
[2025-12-18 16:55:03] Status: 0/2 devices online
[2025-12-18 16:55:33] [2025-12-18 16:55:33] Error pinging Google DNS (8.8.8.8): An exception occurred during a Ping request.
[2025-12-18 16:55:33] [2025-12-18 16:55:33] Error pinging Cloudflare DNS (1.1.1.1): An exception occurred during a Ping request.
[2025-12-18 16:56:03] Status: 0/2 devices online
[2025-12-18 16:56:04] [2025-12-18 16:56:04] Error pinging Google DNS (8.8.8.8): An exception occurred during a Ping request.
[2025-12-18 16:56:04] [2025-12-18 16:56:04] Error pinging Cloudflare DNS (1.1.1.1): An exception occurred during a Ping request.
[2025-12-18 16:56:34] [2025-12-18 16:56:34] Error pinging Google DNS (8.8.8.8): An exception occurred during a Ping request.
[2025-12-18 16:56:34] [2025-12-18 16:56:34] Error pinging Cloudflare DNS (1.1.1.1): An exception occurred during a Ping request.
[2025-12-18 16:57:03] Status: 0/2 devices online
[2025-12-18 16:57:04] [2025-12-18 16:57:04] Error pinging Google DNS (8.8.8.8): An exception occurred during a Ping request.
[2025-12-18 16:57:04] [2025-12-18 16:57:04] Error pinging Cloudflare DNS (1.1.1.1): An exception occurred during a Ping request.
[2025-12-18 16:57:34] [2025-12-18 16:57:34] Error pinging Google DNS (8.8.8.8): An exception occurred during a Ping request.
[2025-12-18 16:57:34] [2025-12-18 16:57:34] Error pinging Cloudflare DNS (1.1.1.1): An exception occurred during a Ping request.
[2025-12-18 16:58:03] Status: 0/2 devices online
[2025-12-18 16:58:05] [2025-12-18 16:58:05] Error pinging Google DNS (8.8.8.8): An exception occurred during a Ping request.
[2025-12-18 16:58:05] [2025-12-18 16:58:05] Error pinging Cloudflare DNS (1.1.1.1): An exception occurred during a Ping request.
[2025-12-18 16:58:35] [2025-12-18 16:58:35] Error pinging Google DNS (8.8.8.8): An exception occurred during a Ping request.
[2025-12-18 16:58:35] [2025-12-18 16:58:35] Error pinging Cloudflare DNS (1.1.1.1): An exception occurred during a Ping request.
[2025-12-18 16:59:03] Status: 0/2 devices online
[2025-12-18 16:59:05] [2025-12-18 16:59:05] Error pinging Google DNS (8.8.8.8): An exception occurred during a Ping request.
[2025-12-18 16:59:05] [2025-12-18 16:59:05] Error pinging Cloudflare DNS (1.1.1.1): An exception occurred during a Ping request.
[2025-12-18 16:59:35] [2025-12-18 16:59:35] Error pinging Google DNS (8.8.8.8): An exception occurred during a Ping request.
[2025-12-18 16:59:35] [2025-12-18 16:59:35] Error pinging Cloudflare DNS (1.1.1.1): An exception occurred during a Ping request.
[2025-12-18 17:00:03] Status: 0/2 devices online
[2025-12-18 17:00:06] [2025-12-18 17:00:06] Error pinging Google DNS (8.8.8.8): An exception occurred during a Ping request.
[2025-12-18 17:00:06] [2025-12-18 17:00:06] Error pinging Cloudflare DNS (1.1.1.1): An exception occurred during a Ping request.
[2025-12-18 17:00:36] [2025-12-18 17:00:36] Error pinging Google DNS (8.8.8.8): An exception occurred during a Ping request.
[2025-12-18 17:00:36] [2025-12-18 17:00:36] Error pinging Cloudflare DNS (1.1.1.1): An exception occurred during a Ping request.
[2025-12-18 17:01:03] Status: 0/2 devices online
[2025-12-18 17:01:06] [2025-12-18 17:01:06] Error pinging Google DNS (8.8.8.8): An exception occurred during a Ping request.
[2025-12-18 17:01:06] [2025-12-18 17:01:06] Error pinging Cloudflare DNS (1.1.1.1): An exception occurred during a Ping request.
[2025-12-18 17:01:36] [2025-12-18 17:01:36] Error pinging Google DNS (8.8.8.8): An exception occurred during a Ping request.
[2025-12-18 17:01:36] [2025-12-18 17:01:36] Error pinging Cloudflare DNS (1.1.1.1): An exception occurred during a Ping request.
[2025-12-18 17:02:03] Status: 0/2 devices online
[2025-12-18 17:02:07] [2025-12-18 17:02:07] Error pinging Google DNS (8.8.8.8): An exception occurred during a Ping request.
[2025-12-18 17:02:07] [2025-12-18 17:02:07] Error pinging Cloudflare DNS (1.1.1.1): An exception occurred during a Ping request.
[2025-12-18 17:02:37] [2025-12-18 17:02:37] Error pinging Google DNS (8.8.8.8): An exception occurred during a Ping request.
[2025-12-18 17:02:37] [2025-12-18 17:02:37] Error pinging Cloudflare DNS (1.1.1.1): An exception occurred during a Ping request.
[2025-12-18 17:03:03] Status: 0/2 devices online
[2025-12-18 17:03:07] [2025-12-18 17:03:07] Error pinging Google DNS (8.8.8.8): An exception occurred during a Ping request.
[2025-12-18 17:03:07] [2025-12-18 17:03:07] Error pinging Cloudflare DNS (1.1.1.1): An exception occurred during a Ping request.
[2025-12-18 17:03:37] [2025-12-18 17:03:37] Error pinging Google DNS (8.8.8.8): An exception occurred during a Ping request.
[2025-12-18 17:03:37] [2025-12-18 17:03:37] Error pinging Cloudflare DNS (1.1.1.1): An exception occurred during a Ping request.
[2025-12-18 17:04:03] Status: 0/2 devices online
[2025-12-18 17:04:07] [2025-12-18 17:04:07] Error pinging Google DNS (8.8.8.8): An exception occurred during a Ping request.
[2025-12-18 17:04:08] [2025-12-18 17:04:08] Error pinging Cloudflare DNS (1.1.1.1): An exception occurred during a Ping request.
[2025-12-18 17:04:38] [2025-12-18 17:04:38] Error pinging Google DNS (8.8.8.8): An exception occurred during a Ping request.
[2025-12-18 17:04:38] [2025-12-18 17:04:38] Error pinging Cloudflare DNS (1.1.1.1): An exception occurred during a Ping request.
[2025-12-18 17:05:04] Status: 0/2 devices online
[2025-12-18 17:05:08] [2025-12-18 17:05:08] Error pinging Google DNS (8.8.8.8): An exception occurred during a Ping request.
[2025-12-18 17:05:08] [2025-12-18 17:05:08] Error pinging Cloudflare DNS (1.1.1.1): An exception occurred during a Ping request.
[2025-12-18 17:05:38] [2025-12-18 17:05:38] Error pinging Google DNS (8.8.8.8): An exception occurred during a Ping request.
[2025-12-18 17:05:38] [2025-12-18 17:05:38] Error pinging Cloudflare DNS (1.1.1.1): An exception occurred during a Ping request.
[2025-12-18 17:06:04] Status: 0/2 devices online
[2025-12-18 17:06:08] [2025-12-18 17:06:08] Error pinging Google DNS (8.8.8.8): An exception occurred during a Ping request.
[2025-12-18 17:06:09] [2025-12-18 17:06:09] Error pinging Cloudflare DNS (1.1.1.1): An exception occurred during a Ping request.
[2025-12-18 17:06:39] [2025-12-18 17:06:39] Error pinging Google DNS (8.8.8.8): An exception occurred during a Ping request.
[2025-12-18 17:06:39] [2025-12-18 17:06:39] Error pinging Cloudflare DNS (1.1.1.1): An exception occurred during a Ping request.
[2025-12-18 17:07:04] Status: 0/2 devices online
[2025-12-18 17:07:09] [2025-12-18 17:07:09] Error pinging Google DNS (8.8.8.8): An exception occurred during a Ping request.
[2025-12-18 17:07:09] [2025-12-18 17:07:09] Error pinging Cloudflare DNS (1.1.1.1): An exception occurred during a Ping request.
[2025-12-18 17:07:39] [2025-12-18 17:07:39] Error pinging Google DNS (8.8.8.8): An exception occurred during a Ping request.
[2025-12-18 17:07:39] [2025-12-18 17:07:39] Error pinging Cloudflare DNS (1.1.1.1): An exception occurred during a Ping request.
[2025-12-18 17:08:04] Status: 0/2 devices online
[2025-12-18 17:08:09] [2025-12-18 17:08:09] Error pinging Google DNS (8.8.8.8): An exception occurred during a Ping request.
[2025-12-18 17:08:10] [2025-12-18 17:08:10] Error pinging Cloudflare DNS (1.1.1.1): An exception occurred during a Ping request.
[2025-12-18 17:08:40] [2025-12-18 17:08:40] Error pinging Google DNS (8.8.8.8): An exception occurred during a Ping request.
[2025-12-18 17:08:40] [2025-12-18 17:08:40] Error pinging Cloudflare DNS (1.1.1.1): An exception occurred during a Ping request.
[2025-12-18 17:09:04] Status: 0/2 devices online
[2025-12-18 17:09:10] [2025-12-18 17:09:10] Error pinging Google DNS (8.8.8.8): An exception occurred during a Ping request.
[2025-12-18 17:09:10] [2025-12-18 17:09:10] Error pinging Cloudflare DNS (1.1.1.1): An exception occurred during a Ping request.
[2025-12-18 17:09:40] [2025-12-18 17:09:40] Error pinging Google DNS (8.8.8.8): An exception occurred during a Ping request.
[2025-12-18 17:09:40] [2025-12-18 17:09:40] Error pinging Cloudflare DNS (1.1.1.1): An exception occurred during a Ping request.
[2025-12-18 17:10:04] Status: 0/2 devices online
[2025-12-18 17:10:10] [2025-12-18 17:10:10] Error pinging Google DNS (8.8.8.8): An exception occurred during a Ping request.
[2025-12-18 17:10:11] [2025-12-18 17:10:11] Error pinging Cloudflare DNS (1.1.1.1): An exception occurred during a Ping request.
[2025-12-18 17:10:41] [2025-12-18 17:10:41] Error pinging Google DNS (8.8.8.8): An exception occurred during a Ping request.
[2025-12-18 17:10:41] [2025-12-18 17:10:41] Error pinging Cloudflare DNS (1.1.1.1): An exception occurred during a Ping request.
[2025-12-18 17:11:04] Status: 0/2 devices online
[2025-12-18 17:11:11] [2025-12-18 17:11:11] Error pinging Google DNS (8.8.8.8): An exception occurred during a Ping request.
[2025-12-18 17:11:11] [2025-12-18 17:11:11] Error pinging Cloudflare DNS (1.1.1.1): An exception occurred during a Ping request.
[2025-12-18 17:11:41] [2025-12-18 17:11:41] Error pinging Google DNS (8.8.8.8): An exception occurred during a Ping request.
[2025-12-18 17:11:41] [2025-12-18 17:11:41] Error pinging Cloudflare DNS (1.1.1.1): An exception occurred during a Ping request.
[2025-12-18 17:12:04] Status: 0/2 devices online
[2025-12-18 17:12:11] [2025-12-18 17:12:11] Error pinging Google DNS (8.8.8.8): An exception occurred during a Ping request.
[2025-12-18 17:12:11] [2025-12-18 17:12:11] Error pinging Cloudflare DNS (1.1.1.1): An exception occurred during a Ping request.
[2025-12-18 17:12:42] [2025-12-18 17:12:42] Error pinging Google DNS (8.8.8.8): An exception occurred during a Ping request.
[2025-12-18 17:12:42] [2025-12-18 17:12:42] Error pinging Cloudflare DNS (1.1.1.1): An exception occurred during a Ping request.
[2025-12-18 17:13:04] Status: 0/2 devices online
[2025-12-18 17:13:12] [2025-12-18 17:13:12] Error pinging Google DNS (8.8.8.8): An exception occurred during a Ping request.
[2025-12-18 17:13:12] [2025-12-18 17:13:12] Error pinging Cloudflare DNS (1.1.1.1): An exception occurred during a Ping request.
[2025-12-18 17:13:42] [2025-12-18 17:13:42] Error pinging Google DNS (8.8.8.8): An exception occurred during a Ping request.
[2025-12-18 17:13:42] [2025-12-18 17:13:42] Error pinging Cloudflare DNS (1.1.1.1): An exception occurred during a Ping request.
[2025-12-18 17:14:04] Status: 0/2 devices online
[2025-12-18 17:14:12] [2025-12-18 17:14:12] Error pinging Google DNS (8.8.8.8): An exception occurred during a Ping request.
[2025-12-18 17:14:12] [2025-12-18 17:14:12] Error pinging Cloudflare DNS (1.1.1.1): An exception occurred during a Ping request.
[2025-12-18 17:14:43] [2025-12-18 17:14:43] Error pinging Google DNS (8.8.8.8): An exception occurred during a Ping request.
[2025-12-18 17:14:43] [2025-12-18 17:14:43] Error pinging Cloudflare DNS (1.1.1.1): An exception occurred during a Ping request.
[2025-12-18 17:15:04] Status: 0/2 devices online
[2025-12-18 17:15:13] [2025-12-18 17:15:13] Error pinging Google DNS (8.8.8.8): An exception occurred during a Ping request.
[2025-12-18 17:15:13] [2025-12-18 17:15:13] Error pinging Cloudflare DNS (1.1.1.1): An exception occurred during a Ping request.
[2025-12-18 17:15:43] [2025-12-18 17:15:43] Error pinging Google DNS (8.8.8.8): An exception occurred during a Ping request.
[2025-12-18 17:15:43] [2025-12-18 17:15:43] Error pinging Cloudflare DNS (1.1.1.1): An exception occurred during a Ping request.
[2025-12-18 17:16:04] Status: 0/2 devices online
[2025-12-18 17:16:13] [2025-12-18 17:16:13] Error pinging Google DNS (8.8.8.8): An exception occurred during a Ping request.
[2025-12-18 17:16:13] [2025-12-18 17:16:13] Error pinging Cloudflare DNS (1.1.1.1): An exception occurred during a Ping request.
[2025-12-18 17:16:44] [2025-12-18 17:16:44] Error pinging Google DNS (8.8.8.8): An exception occurred during a Ping request.
[2025-12-18 17:16:44] [2025-12-18 17:16:44] Error pinging Cloudflare DNS (1.1.1.1): An exception occurred during a Ping request.
[2025-12-18 17:17:04] Status: 0/2 devices online
[2025-12-18 17:17:14] [2025-12-18 17:17:14] Error pinging Google DNS (8.8.8.8): An exception occurred during a Ping request.
[2025-12-18 17:17:14] [2025-12-18 17:17:14] Error pinging Cloudflare DNS (1.1.1.1): An exception occurred during a Ping request.
[2025-12-18 17:17:44] [2025-12-18 17:17:44] Error pinging Google DNS (8.8.8.8): An exception occurred during a Ping request.
[2025-12-18 17:17:44] [2025-12-18 17:17:44] Error pinging Cloudflare DNS (1.1.1.1): An exception occurred during a Ping request.
[2025-12-18 17:18:04] Status: 0/2 devices online
[2025-12-18 17:18:14] [2025-12-18 17:18:14] Error pinging Google DNS (8.8.8.8): An exception occurred during a Ping request.
[2025-12-18 17:18:14] [2025-12-18 17:18:14] Error pinging Cloudflare DNS (1.1.1.1): An exception occurred during a Ping request.
[2025-12-18 17:18:44] [2025-12-18 17:18:44] Error pinging Google DNS (8.8.8.8): An exception occurred during a Ping request.
[2025-12-18 17:18:45] [2025-12-18 17:18:45] Error pinging Cloudflare DNS (1.1.1.1): An exception occurred during a Ping request.
[2025-12-18 17:19:04] Status: 0/2 devices online
[2025-12-18 17:19:15] [2025-12-18 17:19:15] Error pinging Google DNS (8.8.8.8): An exception occurred during a Ping request.
[2025-12-18 17:19:15] [2025-12-18 17:19:15] Error pinging Cloudflare DNS (1.1.1.1): An exception occurred during a Ping request.
[2025-12-18 17:19:45] [2025-12-18 17:19:45] Error pinging Google DNS (8.8.8.8): An exception occurred during a Ping request.
[2025-12-18 17:19:45] [2025-12-18 17:19:45] Error pinging Cloudflare DNS (1.1.1.1): An exception occurred during a Ping request.
[2025-12-18 17:20:04] Status: 0/2 devices online
[2025-12-18 17:20:15] [2025-12-18 17:20:15] Error pinging Google DNS (8.8.8.8): An exception occurred during a Ping request.
[2025-12-18 17:20:15] [2025-12-18 17:20:15] Error pinging Cloudflare DNS (1.1.1.1): An exception occurred during a Ping request.
[2025-12-18 17:20:45] [2025-12-18 17:20:45] Error pinging Google DNS (8.8.8.8): An exception occurred during a Ping request.
[2025-12-18 17:20:45] [2025-12-18 17:20:45] Error pinging Cloudflare DNS (1.1.1.1): An exception occurred during a Ping request.
[2025-12-18 17:21:04] Status: 0/2 devices online
[2025-12-18 17:21:16] [2025-12-18 17:21:16] Error pinging Google DNS (8.8.8.8): An exception occurred during a Ping request.
[2025-12-18 17:21:16] [2025-12-18 17:21:16] Error pinging Cloudflare DNS (1.1.1.1): An exception occurred during a Ping request.
[2025-12-18 17:21:46] [2025-12-18 17:21:46] Error pinging Google DNS (8.8.8.8): An exception occurred during a Ping request.
[2025-12-18 17:21:46] [2025-12-18 17:21:46] Error pinging Cloudflare DNS (1.1.1.1): An exception occurred during a Ping request.
[2025-12-18 17:22:04] Status: 0/2 devices online
[2025-12-18 17:22:16] [2025-12-18 17:22:16] Error pinging Google DNS (8.8.8.8): An exception occurred during a Ping request.
[2025-12-18 17:22:16] [2025-12-18 17:22:16] Error pinging Cloudflare DNS (1.1.1.1): An exception occurred during a Ping request.
[2025-12-18 17:22:46] [2025-12-18 17:22:46] Error pinging Google DNS (8.8.8.8): An exception occurred during a Ping request.
[2025-12-18 17:22:46] [2025-12-18 17:22:46] Error pinging Cloudflare DNS (1.1.1.1): An exception occurred during a Ping request.
[2025-12-18 17:23:04] Status: 0/2 devices online
[2025-12-18 17:23:17] [2025-12-18 17:23:17] Error pinging Google DNS (8.8.8.8): An exception occurred during a Ping request.
[2025-12-18 17:23:17] [2025-12-18 17:23:17] Error pinging Cloudflare DNS (1.1.1.1): An exception occurred during a Ping request.
[2025-12-18 17:23:47] [2025-12-18 17:23:47] Error pinging Google DNS (8.8.8.8): An exception occurred during a Ping request.
[2025-12-18 17:23:47] [2025-12-18 17:23:47] Error pinging Cloudflare DNS (1.1.1.1): An exception occurred during a Ping request.
[2025-12-18 17:24:04] Status: 0/2 devices online
[2025-12-18 17:24:17] [2025-12-18 17:24:17] Error pinging Google DNS (8.8.8.8): An exception occurred during a Ping request.
[2025-12-18 17:24:17] [2025-12-18 17:24:17] Error pinging Cloudflare DNS (1.1.1.1): An exception occurred during a Ping request.
[2025-12-18 17:24:47] [2025-12-18 17:24:47] Error pinging Google DNS (8.8.8.8): An exception occurred during a Ping request.
[2025-12-18 17:24:47] [2025-12-18 17:24:47] Error pinging Cloudflare DNS (1.1.1.1): An exception occurred during a Ping request.
[2025-12-18 17:25:04] Status: 0/2 devices online
[2025-12-18 17:25:18] [2025-12-18 17:25:18] Error pinging Google DNS (8.8.8.8): An exception occurred during a Ping request.
[2025-12-18 17:25:18] [2025-12-18 17:25:18] Error pinging Cloudflare DNS (1.1.1.1): An exception occurred during a Ping request.
[2025-12-18 17:25:48] [2025-12-18 17:25:48] Error pinging Google DNS (8.8.8.8): An exception occurred during a Ping request.
[2025-12-18 17:25:48] [2025-12-18 17:25:48] Error pinging Cloudflare DNS (1.1.1.1): An exception occurred during a Ping request.
[2025-12-18 17:26:04] Status: 0/2 devices online
[2025-12-18 17:26:18] [2025-12-18 17:26:18] Error pinging Google DNS (8.8.8.8): An exception occurred during a Ping request.
[2025-12-18 17:26:18] [2025-12-18 17:26:18] Error pinging Cloudflare DNS (1.1.1.1): An exception occurred during a Ping request.
[2025-12-18 17:26:48] [2025-12-18 17:26:48] Error pinging Google DNS (8.8.8.8): An exception occurred during a Ping request.
[2025-12-18 17:26:48] [2025-12-18 17:26:48] Error pinging Cloudflare DNS (1.1.1.1): An exception occurred during a Ping request.
[2025-12-18 17:27:04] Status: 0/2 devices online
[2025-12-18 17:27:18] [2025-12-18 17:27:18] Error pinging Google DNS (8.8.8.8): An exception occurred during a Ping request.
[2025-12-18 17:27:19] [2025-12-18 17:27:19] Error pinging Cloudflare DNS (1.1.1.1): An exception occurred during a Ping request.
[2025-12-18 17:27:49] [2025-12-18 17:27:49] Error pinging Google DNS (8.8.8.8): An exception occurred during a Ping request.
[2025-12-18 17:27:49] [2025-12-18 17:27:49] Error pinging Cloudflare DNS (1.1.1.1): An exception occurred during a Ping request.
[2025-12-18 17:28:04] Status: 0/2 devices online
[2025-12-18 17:28:19] [2025-12-18 17:28:19] Error pinging Google DNS (8.8.8.8): An exception occurred during a Ping request.
[2025-12-18 17:28:19] [2025-12-18 17:28:19] Error pinging Cloudflare DNS (1.1.1.1): An exception occurred during a Ping request.
[2025-12-18 17:28:49] [2025-12-18 17:28:49] Error pinging Google DNS (8.8.8.8): An exception occurred during a Ping request.
[2025-12-18 17:28:49] [2025-12-18 17:28:49] Error pinging Cloudflare DNS (1.1.1.1): An exception occurred during a Ping request.
[2025-12-18 17:29:04] Status: 0/2 devices online
[2025-12-18 17:29:19] [2025-12-18 17:29:19] Error pinging Google DNS (8.8.8.8): An exception occurred during a Ping request.
[2025-12-18 17:29:20] [2025-12-18 17:29:20] Error pinging Cloudflare DNS (1.1.1.1): An exception occurred during a Ping request.
[2025-12-18 17:29:50] [2025-12-18 17:29:50] Error pinging Google DNS (8.8.8.8): An exception occurred during a Ping request.
[2025-12-18 17:29:50] [2025-12-18 17:29:50] Error pinging Cloudflare DNS (1.1.1.1): An exception occurred during a Ping request.
[2025-12-18 17:30:04] Status: 0/2 devices online
[2025-12-18 17:30:20] [2025-12-18 17:30:20] Error pinging Google DNS (8.8.8.8): An exception occurred during a Ping request.
[2025-12-18 17:30:20] [2025-12-18 17:30:20] Error pinging Cloudflare DNS (1.1.1.1): An exception occurred during a Ping request.
[2025-12-18 17:30:50] [2025-12-18 17:30:50] Error pinging Google DNS (8.8.8.8): An exception occurred during a Ping request.
[2025-12-18 17:30:50] [2025-12-18 17:30:50] Error pinging Cloudflare DNS (1.1.1.1): An exception occurred during a Ping request.
[2025-12-18 17:31:04] Status: 0/2 devices online
[2025-12-18 17:31:20] [2025-12-18 17:31:20] Error pinging Google DNS (8.8.8.8): An exception occurred during a Ping request.
[2025-12-18 17:31:21] [2025-12-18 17:31:21] Error pinging Cloudflare DNS (1.1.1.1): An exception occurred during a Ping request.
[2025-12-18 17:31:51] [2025-12-18 17:31:51] Error pinging Google DNS (8.8.8.8): An exception occurred during a Ping request.
[2025-12-18 17:31:51] [2025-12-18 17:31:51] Error pinging Cloudflare DNS (1.1.1.1): An exception occurred during a Ping request.
[2025-12-18 17:32:04] Status: 0/2 devices online
[2025-12-18 17:32:21] [2025-12-18 17:32:21] Error pinging Google DNS (8.8.8.8): An exception occurred during a Ping request.
[2025-12-18 17:32:21] [2025-12-18 17:32:21] Error pinging Cloudflare DNS (1.1.1.1): An exception occurred during a Ping request.
[2025-12-18 17:32:51] [2025-12-18 17:32:51] Error pinging Google DNS (8.8.8.8): An exception occurred during a Ping request.
[2025-12-18 17:32:51] [2025-12-18 17:32:51] Error pinging Cloudflare DNS (1.1.1.1): An exception occurred during a Ping request.
[2025-12-18 17:33:04] Status: 0/2 devices online
[2025-12-18 17:33:21] [2025-12-18 17:33:21] Error pinging Google DNS (8.8.8.8): An exception occurred during a Ping request.
[2025-12-18 17:33:21] [2025-12-18 17:33:21] Error pinging Cloudflare DNS (1.1.1.1): An exception occurred during a Ping request.
[2025-12-18 17:33:52] [2025-12-18 17:33:52] Error pinging Google DNS (8.8.8.8): An exception occurred during a Ping request.
[2025-12-18 17:33:52] [2025-12-18 17:33:52] Error pinging Cloudflare DNS (1.1.1.1): An exception occurred during a Ping request.
[2025-12-18 17:34:04] Status: 0/2 devices online
[2025-12-18 17:34:22] [2025-12-18 17:34:22] Error pinging Google DNS (8.8.8.8): An exception occurred during a Ping request.
[2025-12-18 17:34:22] [2025-12-18 17:34:22] Error pinging Cloudflare DNS (1.1.1.1): An exception occurred during a Ping request.
[2025-12-18 17:34:52] [2025-12-18 17:34:52] Error pinging Google DNS (8.8.8.8): An exception occurred during a Ping request.
[2025-12-18 17:34:52] [2025-12-18 17:34:52] Error pinging Cloudflare DNS (1.1.1.1): An exception occurred during a Ping request.
[2025-12-18 17:35:04] Status: 0/2 devices online
[2025-12-18 17:35:22] [2025-12-18 17:35:22] Error pinging Google DNS (8.8.8.8): An exception occurred during a Ping request.
[2025-12-18 17:35:22] [2025-12-18 17:35:22] Error pinging Cloudflare DNS (1.1.1.1): An exception occurred during a Ping request.
[2025-12-18 17:35:53] [2025-12-18 17:35:53] Error pinging Google DNS (8.8.8.8): An exception occurred during a Ping request.
[2025-12-18 17:35:53] [2025-12-18 17:35:53] Error pinging Cloudflare DNS (1.1.1.1): An exception occurred during a Ping request.
[2025-12-18 17:36:04] Status: 0/2 devices online
[2025-12-18 17:36:23] [2025-12-18 17:36:23] Error pinging Google DNS (8.8.8.8): An exception occurred during a Ping request.
[2025-12-18 17:36:23] [2025-12-18 17:36:23] Error pinging Cloudflare DNS (1.1.1.1): An exception occurred during a Ping request.
[2025-12-18 17:36:53] [2025-12-18 17:36:53] Error pinging Google DNS (8.8.8.8): An exception occurred during a Ping request.
[2025-12-18 17:36:53] [2025-12-18 17:36:53] Error pinging Cloudflare DNS (1.1.1.1): An exception occurred during a Ping request.
[2025-12-18 17:37:04] Status: 0/2 devices online
[2025-12-18 17:37:23] [2025-12-18 17:37:23] Error pinging Google DNS (8.8.8.8): An exception occurred during a Ping request.
[2025-12-18 17:37:23] [2025-12-18 17:37:23] Error pinging Cloudflare DNS (1.1.1.1): An exception occurred during a Ping request.
[2025-12-18 17:37:53] [2025-12-18 17:37:53] Error pinging Google DNS (8.8.8.8): An exception occurred during a Ping request.
[2025-12-18 17:37:54] [2025-12-18 17:37:54] Error pinging Cloudflare DNS (1.1.1.1): An exception occurred during a Ping request.
[2025-12-18 17:38:04] Status: 0/2 devices online
[2025-12-18 17:38:24] [2025-12-18 17:38:24] Error pinging Google DNS (8.8.8.8): An exception occurred during a Ping request.
[2025-12-18 17:38:24] [2025-12-18 17:38:24] Error pinging Cloudflare DNS (1.1.1.1): An exception occurred during a Ping request.
[2025-12-18 17:38:54] [2025-12-18 17:38:54] Error pinging Google DNS (8.8.8.8): An exception occurred during a Ping request.
[2025-12-18 17:38:54] [2025-12-18 17:38:54] Error pinging Cloudflare DNS (1.1.1.1): An exception occurred during a Ping request.
[2025-12-18 17:39:04] Status: 0/2 devices online
[2025-12-18 17:39:24] [2025-12-18 17:39:24] Error pinging Google DNS (8.8.8.8): An exception occurred during a Ping request.
[2025-12-18 17:39:24] [2025-12-18 17:39:24] Error pinging Cloudflare DNS (1.1.1.1): An exception occurred during a Ping request.
[2025-12-18 17:39:54] [2025-12-18 17:39:54] Error pinging Google DNS (8.8.8.8): An exception occurred during a Ping request.
[2025-12-18 17:39:55] [2025-12-18 17:39:55] Error pinging Cloudflare DNS (1.1.1.1): An exception occurred during a Ping request.
[2025-12-18 17:40:04] Status: 0/2 devices online
[2025-12-18 17:40:25] [2025-12-18 17:40:25] Error pinging Google DNS (8.8.8.8): An exception occurred during a Ping request.
[2025-12-18 17:40:25] [2025-12-18 17:40:25] Error pinging Cloudflare DNS (1.1.1.1): An exception occurred during a Ping request.
[2025-12-18 17:40:55] [2025-12-18 17:40:55] Error pinging Google DNS (8.8.8.8): An exception occurred during a Ping request.
[2025-12-18 17:40:55] [2025-12-18 17:40:55] Error pinging Cloudflare DNS (1.1.1.1): An exception occurred during a Ping request.
[2025-12-18 17:41:04] Status: 0/2 devices online
[2025-12-18 17:41:25] [2025-12-18 17:41:25] Error pinging Google DNS (8.8.8.8): An exception occurred during a Ping request.
[2025-12-18 17:41:25] [2025-12-18 17:41:25] Error pinging Cloudflare DNS (1.1.1.1): An exception occurred during a Ping request.
[2025-12-18 17:41:55] [2025-12-18 17:41:55] Error pinging Google DNS (8.8.8.8): An exception occurred during a Ping request.
[2025-12-18 17:41:56] [2025-12-18 17:41:56] Error pinging Cloudflare DNS (1.1.1.1): An exception occurred during a Ping request.
[2025-12-18 17:42:04] Status: 0/2 devices online
[2025-12-18 17:42:26] [2025-12-18 17:42:26] Error pinging Google DNS (8.8.8.8): An exception occurred during a Ping request.
[2025-12-18 17:42:26] [2025-12-18 17:42:26] Error pinging Cloudflare DNS (1.1.1.1): An exception occurred during a Ping request.
[2025-12-18 17:42:56] [2025-12-18 17:42:56] Error pinging Google DNS (8.8.8.8): An exception occurred during a Ping request.
[2025-12-18 17:42:56] [2025-12-18 17:42:56] Error pinging Cloudflare DNS (1.1.1.1): An exception occurred during a Ping request.
[2025-12-18 17:43:04] Status: 0/2 devices online
[2025-12-18 17:43:26] [2025-12-18 17:43:26] Error pinging Google DNS (8.8.8.8): An exception occurred during a Ping request.
[2025-12-18 17:43:26] [2025-12-18 17:43:26] Error pinging Cloudflare DNS (1.1.1.1): An exception occurred during a Ping request.
[2025-12-18 17:43:56] [2025-12-18 17:43:56] Error pinging Google DNS (8.8.8.8): An exception occurred during a Ping request.
[2025-12-18 17:43:57] [2025-12-18 17:43:57] Error pinging Cloudflare DNS (1.1.1.1): An exception occurred during a Ping request.
[2025-12-18 17:44:04] Status: 0/2 devices online
[2025-12-18 17:44:27] [2025-12-18 17:44:27] Error pinging Google DNS (8.8.8.8): An exception occurred during a Ping request.
[2025-12-18 17:44:27] [2025-12-18 17:44:27] Error pinging Cloudflare DNS (1.1.1.1): An exception occurred during a Ping request.
[2025-12-18 17:44:57] [2025-12-18 17:44:57] Error pinging Google DNS (8.8.8.8): An exception occurred during a Ping request.
[2025-12-18 17:44:57] [2025-12-18 17:44:57] Error pinging Cloudflare DNS (1.1.1.1): An exception occurred during a Ping request.
[2025-12-18 17:45:04] Status: 0/2 devices online
[2025-12-18 17:45:27] [2025-12-18 17:45:27] Error pinging Google DNS (8.8.8.8): An exception occurred during a Ping request.
[2025-12-18 17:45:27] [2025-12-18 17:45:27] Error pinging Cloudflare DNS (1.1.1.1): An exception occurred during a Ping request.
[2025-12-18 17:45:57] [2025-12-18 17:45:57] Error pinging Google DNS (8.8.8.8): An exception occurred during a Ping request.
[2025-12-18 17:45:57] [2025-12-18 17:45:57] Error pinging Cloudflare DNS (1.1.1.1): An exception occurred during a Ping request.
[2025-12-18 17:46:04] Status: 0/2 devices online
[2025-12-18 17:46:28] [2025-12-18 17:46:28] Error pinging Google DNS (8.8.8.8): An exception occurred during a Ping request.
[2025-12-18 17:46:28] [2025-12-18 17:46:28] Error pinging Cloudflare DNS (1.1.1.1): An exception occurred during a Ping request.
[2025-12-18 17:46:58] [2025-12-18 17:46:58] Error pinging Google DNS (8.8.8.8): An exception occurred during a Ping request.
[2025-12-18 17:46:58] [2025-12-18 17:46:58] Error pinging Cloudflare DNS (1.1.1.1): An exception occurred during a Ping request.
[2025-12-18 17:47:04] Status: 0/2 devices online
[2025-12-18 17:47:28] [2025-12-18 17:47:28] Error pinging Google DNS (8.8.8.8): An exception occurred during a Ping request.
[2025-12-18 17:47:28] [2025-12-18 17:47:28] Error pinging Cloudflare DNS (1.1.1.1): An exception occurred during a Ping request.
[2025-12-18 17:47:58] [2025-12-18 17:47:58] Error pinging Google DNS (8.8.8.8): An exception occurred during a Ping request.
[2025-12-18 17:47:58] [2025-12-18 17:47:58] Error pinging Cloudflare DNS (1.1.1.1): An exception occurred during a Ping request.
[2025-12-18 17:48:04] Status: 0/2 devices online
[2025-12-18 17:48:29] [2025-12-18 17:48:29] Error pinging Google DNS (8.8.8.8): An exception occurred during a Ping request.
[2025-12-18 17:48:29] [2025-12-18 17:48:29] Error pinging Cloudflare DNS (1.1.1.1): An exception occurred during a Ping request.
[2025-12-18 17:48:59] [2025-12-18 17:48:59] Error pinging Google DNS (8.8.8.8): An exception occurred during a Ping request.
[2025-12-18 17:48:59] [2025-12-18 17:48:59] Error pinging Cloudflare DNS (1.1.1.1): An exception occurred during a Ping request.
[2025-12-18 17:49:04] Status: 0/2 devices online
[2025-12-18 17:49:29] [2025-12-18 17:49:29] Error pinging Google DNS (8.8.8.8): An exception occurred during a Ping request.
[2025-12-18 17:49:29] [2025-12-18 17:49:29] Error pinging Cloudflare DNS (1.1.1.1): An exception occurred during a Ping request.
[2025-12-18 17:49:59] [2025-12-18 17:49:59] Error pinging Google DNS (8.8.8.8): An exception occurred during a Ping request.
[2025-12-18 17:49:59] [2025-12-18 17:49:59] Error pinging Cloudflare DNS (1.1.1.1): An exception occurred during a Ping request.
[2025-12-18 17:50:04] Status: 0/2 devices online
[2025-12-18 17:50:30] [2025-12-18 17:50:30] Error pinging Google DNS (8.8.8.8): An exception occurred during a Ping request.
[2025-12-18 17:50:30] [2025-12-18 17:50:30] Error pinging Cloudflare DNS (1.1.1.1): An exception occurred during a Ping request.
[2025-12-18 17:51:00] [2025-12-18 17:51:00] Error pinging Google DNS (8.8.8.8): An exception occurred during a Ping request.
[2025-12-18 17:51:00] [2025-12-18 17:51:00] Error pinging Cloudflare DNS (1.1.1.1): An exception occurred during a Ping request.
[2025-12-18 17:51:04] Status: 0/2 devices online
[2025-12-18 17:51:30] [2025-12-18 17:51:30] Error pinging Google DNS (8.8.8.8): An exception occurred during a Ping request.
[2025-12-18 17:51:30] [2025-12-18 17:51:30] Error pinging Cloudflare DNS (1.1.1.1): An exception occurred during a Ping request.
[2025-12-18 17:52:00] [2025-12-18 17:52:00] Error pinging Google DNS (8.8.8.8): An exception occurred during a Ping request.
[2025-12-18 17:52:00] [2025-12-18 17:52:00] Error pinging Cloudflare DNS (1.1.1.1): An exception occurred during a Ping request.
[2025-12-18 17:52:04] Status: 0/2 devices online
[2025-12-18 17:52:31] [2025-12-18 17:52:31] Error pinging Google DNS (8.8.8.8): An exception occurred during a Ping request.
[2025-12-18 17:52:31] [2025-12-18 17:52:31] Error pinging Cloudflare DNS (1.1.1.1): An exception occurred during a Ping request.
[2025-12-18 17:53:01] [2025-12-18 17:53:01] Error pinging Google DNS (8.8.8.8): An exception occurred during a Ping request.
[2025-12-18 17:53:01] [2025-12-18 17:53:01] Error pinging Cloudflare DNS (1.1.1.1): An exception occurred during a Ping request.
[2025-12-18 17:53:04] Status: 0/2 devices online
[2025-12-18 17:53:31] [2025-12-18 17:53:31] Error pinging Google DNS (8.8.8.8): An exception occurred during a Ping request.
[2025-12-18 17:53:31] [2025-12-18 17:53:31] Error pinging Cloudflare DNS (1.1.1.1): An exception occurred during a Ping request.
[2025-12-18 17:54:01] [2025-12-18 17:54:01] Error pinging Google DNS (8.8.8.8): An exception occurred during a Ping request.
[2025-12-18 17:54:01] [2025-12-18 17:54:01] Error pinging Cloudflare DNS (1.1.1.1): An exception occurred during a Ping request.
[2025-12-18 17:54:04] Status: 0/2 devices online
[2025-12-18 17:54:31] [2025-12-18 17:54:31] Error pinging Google DNS (8.8.8.8): An exception occurred during a Ping request.
[2025-12-18 17:54:32] [2025-12-18 17:54:32] Error pinging Cloudflare DNS (1.1.1.1): An exception occurred during a Ping request.
[2025-12-18 17:55:02] [2025-12-18 17:55:02] Error pinging Google DNS (8.8.8.8): An exception occurred during a Ping request.
[2025-12-18 17:55:02] [2025-12-18 17:55:02] Error pinging Cloudflare DNS (1.1.1.1): An exception occurred during a Ping request.
[2025-12-18 17:55:04] Status: 0/2 devices online
[2025-12-18 17:55:32] [2025-12-18 17:55:32] Error pinging Google DNS (8.8.8.8): An exception occurred during a Ping request.
[2025-12-18 17:55:32] [2025-12-18 17:55:32] Error pinging Cloudflare DNS (1.1.1.1): An exception occurred during a Ping request.
[2025-12-18 17:56:02] [2025-12-18 17:56:02] Error pinging Google DNS (8.8.8.8): An exception occurred during a Ping request.
[2025-12-18 17:56:02] [2025-12-18 17:56:02] Error pinging Cloudflare DNS (1.1.1.1): An exception occurred during a Ping request.
[2025-12-18 17:56:04] Status: 0/2 devices online
[2025-12-18 17:56:32] [2025-12-18 17:56:32] Error pinging Google DNS (8.8.8.8): An exception occurred during a Ping request.
[2025-12-18 17:56:33] [2025-12-18 17:56:33] Error pinging Cloudflare DNS (1.1.1.1): An exception occurred during a Ping request.
[2025-12-18 17:57:03] [2025-12-18 17:57:03] Error pinging Google DNS (8.8.8.8): An exception occurred during a Ping request.
[2025-12-18 17:57:03] [2025-12-18 17:57:03] Error pinging Cloudflare DNS (1.1.1.1): An exception occurred during a Ping request.
[2025-12-18 17:57:04] Status: 0/2 devices online
[2025-12-18 17:57:33] [2025-12-18 17:57:33] Error pinging Google DNS (8.8.8.8): An exception occurred during a Ping request.
[2025-12-18 17:57:33] [2025-12-18 17:57:33] Error pinging Cloudflare DNS (1.1.1.1): An exception occurred during a Ping request.
[2025-12-18 17:58:03] [2025-12-18 17:58:03] Error pinging Google DNS (8.8.8.8): An exception occurred during a Ping request.
[2025-12-18 17:58:03] [2025-12-18 17:58:03] Error pinging Cloudflare DNS (1.1.1.1): An exception occurred during a Ping request.
[2025-12-18 17:58:04] Status: 0/2 devices online
[2025-12-18 17:58:33] [2025-12-18 17:58:33] Error pinging Google DNS (8.8.8.8): An exception occurred during a Ping request.
[2025-12-18 17:58:34] [2025-12-18 17:58:34] Error pinging Cloudflare DNS (1.1.1.1): An exception occurred during a Ping request.
[2025-12-18 17:59:04] [2025-12-18 17:59:04] Error pinging Google DNS (8.8.8.8): An exception occurred during a Ping request.
[2025-12-18 17:59:04] [2025-12-18 17:59:04] Error pinging Cloudflare DNS (1.1.1.1): An exception occurred during a Ping request.
[2025-12-18 17:59:04] Status: 0/2 devices online
[2025-12-18 17:59:34] [2025-12-18 17:59:34] Error pinging Google DNS (8.8.8.8): An exception occurred during a Ping request.
[2025-12-18 17:59:34] [2025-12-18 17:59:34] Error pinging Cloudflare DNS (1.1.1.1): An exception occurred during a Ping request.
[2025-12-18 18:00:04] Status: 0/2 devices online
[2025-12-18 18:00:04] [2025-12-18 18:00:04] Error pinging Google DNS (8.8.8.8): An exception occurred during a Ping request.
[2025-12-18 18:00:04] [2025-12-18 18:00:04] Error pinging Cloudflare DNS (1.1.1.1): An exception occurred during a Ping request.
[2025-12-18 18:00:34] [2025-12-18 18:00:34] Error pinging Google DNS (8.8.8.8): An exception occurred during a Ping request.
[2025-12-18 18:00:34] [2025-12-18 18:00:34] Error pinging Cloudflare DNS (1.1.1.1): An exception occurred during a Ping request.
[2025-12-18 18:01:04] Status: 0/2 devices online
[2025-12-18 18:01:05] [2025-12-18 18:01:05] Error pinging Google DNS (8.8.8.8): An exception occurred during a Ping request.
[2025-12-18 18:01:05] [2025-12-18 18:01:05] Error pinging Cloudflare DNS (1.1.1.1): An exception occurred during a Ping request.
[2025-12-18 18:01:35] [2025-12-18 18:01:35] Error pinging Google DNS (8.8.8.8): An exception occurred during a Ping request.
[2025-12-18 18:01:35] [2025-12-18 18:01:35] Error pinging Cloudflare DNS (1.1.1.1): An exception occurred during a Ping request.
[2025-12-18 18:02:04] Status: 0/2 devices online
[2025-12-18 18:02:05] [2025-12-18 18:02:05] Error pinging Google DNS (8.8.8.8): An exception occurred during a Ping request.
[2025-12-18 18:02:05] [2025-12-18 18:02:05] Error pinging Cloudflare DNS (1.1.1.1): An exception occurred during a Ping request.
[2025-12-18 18:02:35] [2025-12-18 18:02:35] Error pinging Google DNS (8.8.8.8): An exception occurred during a Ping request.
[2025-12-18 18:02:35] [2025-12-18 18:02:35] Error pinging Cloudflare DNS (1.1.1.1): An exception occurred during a Ping request.
[2025-12-18 18:03:04] Status: 0/2 devices online
[2025-12-18 18:03:06] [2025-12-18 18:03:06] Error pinging Google DNS (8.8.8.8): An exception occurred during a Ping request.
[2025-12-18 18:03:06] [2025-12-18 18:03:06] Error pinging Cloudflare DNS (1.1.1.1): An exception occurred during a Ping request.
[2025-12-18 18:03:36] [2025-12-18 18:03:36] Error pinging Google DNS (8.8.8.8): An exception occurred during a Ping request.
[2025-12-18 18:03:36] [2025-12-18 18:03:36] Error pinging Cloudflare DNS (1.1.1.1): An exception occurred during a Ping request.
[2025-12-18 18:04:04] Status: 0/2 devices online
[2025-12-18 18:04:06] [2025-12-18 18:04:06] Error pinging Google DNS (8.8.8.8): An exception occurred during a Ping request.
[2025-12-18 18:04:06] [2025-12-18 18:04:06] Error pinging Cloudflare DNS (1.1.1.1): An exception occurred during a Ping request.
[2025-12-18 18:04:36] [2025-12-18 18:04:36] Error pinging Google DNS (8.8.8.8): An exception occurred during a Ping request.
[2025-12-18 18:04:36] [2025-12-18 18:04:36] Error pinging Cloudflare DNS (1.1.1.1): An exception occurred during a Ping request.
[2025-12-18 18:05:04] Status: 0/2 devices online
[2025-12-18 18:05:07] [2025-12-18 18:05:07] Error pinging Google DNS (8.8.8.8): An exception occurred during a Ping request.
[2025-12-18 18:05:07] [2025-12-18 18:05:07] Error pinging Cloudflare DNS (1.1.1.1): An exception occurred during a Ping request.
[2025-12-18 18:05:37] [2025-12-18 18:05:37] Error pinging Google DNS (8.8.8.8): An exception occurred during a Ping request.
[2025-12-18 18:05:37] [2025-12-18 18:05:37] Error pinging Cloudflare DNS (1.1.1.1): An exception occurred during a Ping request.
[2025-12-18 18:06:04] Status: 0/2 devices online
[2025-12-18 18:06:07] [2025-12-18 18:06:07] Error pinging Google DNS (8.8.8.8): An exception occurred during a Ping request.
[2025-12-18 18:06:07] [2025-12-18 18:06:07] Error pinging Cloudflare DNS (1.1.1.1): An exception occurred during a Ping request.
[2025-12-18 18:06:37] [2025-12-18 18:06:37] Error pinging Google DNS (8.8.8.8): An exception occurred during a Ping request.
[2025-12-18 18:06:37] [2025-12-18 18:06:37] Error pinging Cloudflare DNS (1.1.1.1): An exception occurred during a Ping request.
[2025-12-18 18:07:04] Status: 0/2 devices online
[2025-12-18 18:07:08] [2025-12-18 18:07:08] Error pinging Google DNS (8.8.8.8): An exception occurred during a Ping request.
[2025-12-18 18:07:08] [2025-12-18 18:07:08] Error pinging Cloudflare DNS (1.1.1.1): An exception occurred during a Ping request.
[2025-12-18 18:07:38] [2025-12-18 18:07:38] Error pinging Google DNS (8.8.8.8): An exception occurred during a Ping request.
[2025-12-18 18:07:38] [2025-12-18 18:07:38] Error pinging Cloudflare DNS (1.1.1.1): An exception occurred during a Ping request.
[2025-12-18 18:08:04] Status: 0/2 devices online
[2025-12-18 18:08:08] [2025-12-18 18:08:08] Error pinging Google DNS (8.8.8.8): An exception occurred during a Ping request.
[2025-12-18 18:08:08] [2025-12-18 18:08:08] Error pinging Cloudflare DNS (1.1.1.1): An exception occurred during a Ping request.
[2025-12-18 18:08:38] [2025-12-18 18:08:38] Error pinging Google DNS (8.8.8.8): An exception occurred during a Ping request.
[2025-12-18 18:08:38] [2025-12-18 18:08:38] Error pinging Cloudflare DNS (1.1.1.1): An exception occurred during a Ping request.
[2025-12-18 18:09:04] Status: 0/2 devices online
[2025-12-18 18:09:09] [2025-12-18 18:09:09] Error pinging Google DNS (8.8.8.8): An exception occurred during a Ping request.
[2025-12-18 18:09:09] [2025-12-18 18:09:09] Error pinging Cloudflare DNS (1.1.1.1): An exception occurred during a Ping request.
[2025-12-18 18:09:39] [2025-12-18 18:09:39] Error pinging Google DNS (8.8.8.8): An exception occurred during a Ping request.
[2025-12-18 18:09:39] [2025-12-18 18:09:39] Error pinging Cloudflare DNS (1.1.1.1): An exception occurred during a Ping request.
[2025-12-18 18:10:04] Status: 0/2 devices online
[2025-12-18 18:10:09] [2025-12-18 18:10:09] Error pinging Google DNS (8.8.8.8): An exception occurred during a Ping request.
[2025-12-18 18:10:09] [2025-12-18 18:10:09] Error pinging Cloudflare DNS (1.1.1.1): An exception occurred during a Ping request.
[2025-12-18 18:10:39] [2025-12-18 18:10:39] Error pinging Google DNS (8.8.8.8): An exception occurred during a Ping request.
[2025-12-18 18:10:39] [2025-12-18 18:10:39] Error pinging Cloudflare DNS (1.1.1.1): An exception occurred during a Ping request.
[2025-12-18 18:11:04] Status: 0/2 devices online
[2025-12-18 18:11:10] [2025-12-18 18:11:10] Error pinging Google DNS (8.8.8.8): An exception occurred during a Ping request.
[2025-12-18 18:11:10] [2025-12-18 18:11:10] Error pinging Cloudflare DNS (1.1.1.1): An exception occurred during a Ping request.
[2025-12-18 18:11:40] [2025-12-18 18:11:40] Error pinging Google DNS (8.8.8.8): An exception occurred during a Ping request.
[2025-12-18 18:11:40] [2025-12-18 18:11:40] Error pinging Cloudflare DNS (1.1.1.1): An exception occurred during a Ping request.
[2025-12-18 18:12:04] Status: 0/2 devices online
[2025-12-18 18:12:10] [2025-12-18 18:12:10] Error pinging Google DNS (8.8.8.8): An exception occurred during a Ping request.
[2025-12-18 18:12:10] [2025-12-18 18:12:10] Error pinging Cloudflare DNS (1.1.1.1): An exception occurred during a Ping request.
[2025-12-18 18:12:40] [2025-12-18 18:12:40] Error pinging Google DNS (8.8.8.8): An exception occurred during a Ping request.
[2025-12-18 18:12:40] [2025-12-18 18:12:40] Error pinging Cloudflare DNS (1.1.1.1): An exception occurred during a Ping request.
[2025-12-18 18:13:04] Status: 0/2 devices online
[2025-12-18 18:13:10] [2025-12-18 18:13:10] Error pinging Google DNS (8.8.8.8): An exception occurred during a Ping request.
[2025-12-18 18:13:11] [2025-12-18 18:13:11] Error pinging Cloudflare DNS (1.1.1.1): An exception occurred during a Ping request.
[2025-12-18 18:13:41] [2025-12-18 18:13:41] Error pinging Google DNS (8.8.8.8): An exception occurred during a Ping request.
[2025-12-18 18:13:41] [2025-12-18 18:13:41] Error pinging Cloudflare DNS (1.1.1.1): An exception occurred during a Ping request.
[2025-12-18 18:14:04] Status: 0/2 devices online
[2025-12-18 18:14:11] [2025-12-18 18:14:11] Error pinging Google DNS (8.8.8.8): An exception occurred during a Ping request.
[2025-12-18 18:14:11] [2025-12-18 18:14:11] Error pinging Cloudflare DNS (1.1.1.1): An exception occurred during a Ping request.
[2025-12-18 18:14:41] [2025-12-18 18:14:41] Error pinging Google DNS (8.8.8.8): An exception occurred during a Ping request.
[2025-12-18 18:14:41] [2025-12-18 18:14:41] Error pinging Cloudflare DNS (1.1.1.1): An exception occurred during a Ping request.
[2025-12-18 18:15:04] Status: 0/2 devices online
[2025-12-18 18:15:11] [2025-12-18 18:15:11] Error pinging Google DNS (8.8.8.8): An exception occurred during a Ping request.
[2025-12-18 18:15:12] [2025-12-18 18:15:12] Error pinging Cloudflare DNS (1.1.1.1): An exception occurred during a Ping request.
[2025-12-18 18:15:42] [2025-12-18 18:15:42] Error pinging Google DNS (8.8.8.8): An exception occurred during a Ping request.
[2025-12-18 18:15:42] [2025-12-18 18:15:42] Error pinging Cloudflare DNS (1.1.1.1): An exception occurred during a Ping request.
[2025-12-18 18:16:04] Status: 0/2 devices online
[2025-12-18 18:16:12] [2025-12-18 18:16:12] Error pinging Google DNS (8.8.8.8): An exception occurred during a Ping request.
[2025-12-18 18:16:12] [2025-12-18 18:16:12] Error pinging Cloudflare DNS (1.1.1.1): An exception occurred during a Ping request.
[2025-12-18 18:16:42] [2025-12-18 18:16:42] Error pinging Google DNS (8.8.8.8): An exception occurred during a Ping request.
[2025-12-18 18:16:42] [2025-12-18 18:16:42] Error pinging Cloudflare DNS (1.1.1.1): An exception occurred during a Ping request.
[2025-12-18 18:17:04] Status: 0/2 devices online
[2025-12-18 18:17:12] [2025-12-18 18:17:12] Error pinging Google DNS (8.8.8.8): An exception occurred during a Ping request.
[2025-12-18 18:17:13] [2025-12-18 18:17:13] Error pinging Cloudflare DNS (1.1.1.1): An exception occurred during a Ping request.
[2025-12-18 18:17:43] [2025-12-18 18:17:43] Error pinging Google DNS (8.8.8.8): An exception occurred during a Ping request.
[2025-12-18 18:17:43] [2025-12-18 18:17:43] Error pinging Cloudflare DNS (1.1.1.1): An exception occurred during a Ping request.
[2025-12-18 18:18:04] Status: 0/2 devices online
[2025-12-18 18:18:13] [2025-12-18 18:18:13] Error pinging Google DNS (8.8.8.8): An exception occurred during a Ping request.
[2025-12-18 18:18:13] [2025-12-18 18:18:13] Error pinging Cloudflare DNS (1.1.1.1): An exception occurred during a Ping request.
[2025-12-18 18:18:43] [2025-12-18 18:18:43] Error pinging Google DNS (8.8.8.8): An exception occurred during a Ping request.
[2025-12-18 18:18:43] [2025-12-18 18:18:43] Error pinging Cloudflare DNS (1.1.1.1): An exception occurred during a Ping request.
[2025-12-18 18:19:04] Status: 0/2 devices online
[2025-12-18 18:19:13] [2025-12-18 18:19:13] Error pinging Google DNS (8.8.8.8): An exception occurred during a Ping request.
[2025-12-18 18:19:13] [2025-12-18 18:19:13] Error pinging Cloudflare DNS (1.1.1.1): An exception occurred during a Ping request.
[2025-12-18 18:19:44] [2025-12-18 18:19:44] Error pinging Google DNS (8.8.8.8): An exception occurred during a Ping request.
[2025-12-18 18:19:44] [2025-12-18 18:19:44] Error pinging Cloudflare DNS (1.1.1.1): An exception occurred during a Ping request.
[2025-12-18 18:20:04] Status: 0/2 devices online
[2025-12-18 18:20:14] [2025-12-18 18:20:14] Error pinging Google DNS (8.8.8.8): An exception occurred during a Ping request.
[2025-12-18 18:20:14] [2025-12-18 18:20:14] Error pinging Cloudflare DNS (1.1.1.1): An exception occurred during a Ping request.
[2025-12-18 18:20:44] [2025-12-18 18:20:44] Error pinging Google DNS (8.8.8.8): An exception occurred during a Ping request.
[2025-12-18 18:20:44] [2025-12-18 18:20:44] Error pinging Cloudflare DNS (1.1.1.1): An exception occurred during a Ping request.
[2025-12-18 18:21:04] Status: 0/2 devices online
[2025-12-18 18:21:14] [2025-12-18 18:21:14] Error pinging Google DNS (8.8.8.8): An exception occurred during a Ping request.
[2025-12-18 18:21:14] [2025-12-18 18:21:14] Error pinging Cloudflare DNS (1.1.1.1): An exception occurred during a Ping request.
[2025-12-18 18:21:45] [2025-12-18 18:21:45] Error pinging Google DNS (8.8.8.8): An exception occurred during a Ping request.
[2025-12-18 18:21:45] [2025-12-18 18:21:45] Error pinging Cloudflare DNS (1.1.1.1): An exception occurred during a Ping request.
[2025-12-18 18:22:04] Status: 0/2 devices online
[2025-12-18 18:22:15] [2025-12-18 18:22:15] Error pinging Google DNS (8.8.8.8): An exception occurred during a Ping request.
[2025-12-18 18:22:15] [2025-12-18 18:22:15] Error pinging Cloudflare DNS (1.1.1.1): An exception occurred during a Ping request.
[2025-12-18 18:22:45] [2025-12-18 18:22:45] Error pinging Google DNS (8.8.8.8): An exception occurred during a Ping request.
[2025-12-18 18:22:45] [2025-12-18 18:22:45] Error pinging Cloudflare DNS (1.1.1.1): An exception occurred during a Ping request.
[2025-12-18 18:23:04] Status: 0/2 devices online
[2025-12-18 18:23:15] [2025-12-18 18:23:15] Error pinging Google DNS (8.8.8.8): An exception occurred during a Ping request.
[2025-12-18 18:23:15] [2025-12-18 18:23:15] Error pinging Cloudflare DNS (1.1.1.1): An exception occurred during a Ping request.
[2025-12-18 18:23:46] [2025-12-18 18:23:46] Error pinging Google DNS (8.8.8.8): An exception occurred during a Ping request.
[2025-12-18 18:23:46] [2025-12-18 18:23:46] Error pinging Cloudflare DNS (1.1.1.1): An exception occurred during a Ping request.
[2025-12-18 18:24:04] Status: 0/2 devices online
[2025-12-18 18:24:16] [2025-12-18 18:24:16] Error pinging Google DNS (8.8.8.8): An exception occurred during a Ping request.
[2025-12-18 18:24:16] [2025-12-18 18:24:16] Error pinging Cloudflare DNS (1.1.1.1): An exception occurred during a Ping request.
[2025-12-18 18:24:46] [2025-12-18 18:24:46] Error pinging Google DNS (8.8.8.8): An exception occurred during a Ping request.
[2025-12-18 18:24:46] [2025-12-18 18:24:46] Error pinging Cloudflare DNS (1.1.1.1): An exception occurred during a Ping request.
[2025-12-18 18:25:04] Status: 0/2 devices online
[2025-12-18 18:25:16] [2025-12-18 18:25:16] Error pinging Google DNS (8.8.8.8): An exception occurred during a Ping request.
[2025-12-18 18:25:16] [2025-12-18 18:25:16] Error pinging Cloudflare DNS (1.1.1.1): An exception occurred during a Ping request.
[2025-12-18 18:25:46] [2025-12-18 18:25:46] Error pinging Google DNS (8.8.8.8): An exception occurred during a Ping request.
[2025-12-18 18:25:47] [2025-12-18 18:25:47] Error pinging Cloudflare DNS (1.1.1.1): An exception occurred during a Ping request.
[2025-12-18 18:26:04] Status: 0/2 devices online
[2025-12-18 18:26:17] [2025-12-18 18:26:17] Error pinging Google DNS (8.8.8.8): An exception occurred during a Ping request.
[2025-12-18 18:26:17] [2025-12-18 18:26:17] Error pinging Cloudflare DNS (1.1.1.1): An exception occurred during a Ping request.
[2025-12-18 18:26:47] [2025-12-18 18:26:47] Error pinging Google DNS (8.8.8.8): An exception occurred during a Ping request.
[2025-12-18 18:26:47] [2025-12-18 18:26:47] Error pinging Cloudflare DNS (1.1.1.1): An exception occurred during a Ping request.
[2025-12-18 18:27:04] Status: 0/2 devices online
[2025-12-18 18:27:17] [2025-12-18 18:27:17] Error pinging Google DNS (8.8.8.8): An exception occurred during a Ping request.
[2025-12-18 18:27:17] [2025-12-18 18:27:17] Error pinging Cloudflare DNS (1.1.1.1): An exception occurred during a Ping request.
[2025-12-18 18:27:47] [2025-12-18 18:27:47] Error pinging Google DNS (8.8.8.8): An exception occurred during a Ping request.
[2025-12-18 18:27:48] [2025-12-18 18:27:48] Error pinging Cloudflare DNS (1.1.1.1): An exception occurred during a Ping request.
[2025-12-18 18:28:04] Status: 0/2 devices online
[2025-12-18 18:28:18] [2025-12-18 18:28:18] Error pinging Google DNS (8.8.8.8): An exception occurred during a Ping request.
[2025-12-18 18:28:18] [2025-12-18 18:28:18] Error pinging Cloudflare DNS (1.1.1.1): An exception occurred during a Ping request.
[2025-12-18 18:28:48] [2025-12-18 18:28:48] Error pinging Google DNS (8.8.8.8): An exception occurred during a Ping request.
[2025-12-18 18:28:48] [2025-12-18 18:28:48] Error pinging Cloudflare DNS (1.1.1.1): An exception occurred during a Ping request.
[2025-12-18 18:29:04] Status: 0/2 devices online
[2025-12-18 18:29:18] [2025-12-18 18:29:18] Error pinging Google DNS (8.8.8.8): An exception occurred during a Ping request.
[2025-12-18 18:29:18] [2025-12-18 18:29:18] Error pinging Cloudflare DNS (1.1.1.1): An exception occurred during a Ping request.
[2025-12-18 18:29:48] [2025-12-18 18:29:48] Error pinging Google DNS (8.8.8.8): An exception occurred during a Ping request.
[2025-12-18 18:29:49] [2025-12-18 18:29:49] Error pinging Cloudflare DNS (1.1.1.1): An exception occurred during a Ping request.
[2025-12-18 18:30:04] Status: 0/2 devices online
[2025-12-18 18:30:19] [2025-12-18 18:30:19] Error pinging Google DNS (8.8.8.8): An exception occurred during a Ping request.
[2025-12-18 18:30:19] [2025-12-18 18:30:19] Error pinging Cloudflare DNS (1.1.1.1): An exception occurred during a Ping request.
[2025-12-18 18:30:49] [2025-12-18 18:30:49] Error pinging Google DNS (8.8.8.8): An exception occurred during a Ping request.
[2025-12-18 18:30:49] [2025-12-18 18:30:49] Error pinging Cloudflare DNS (1.1.1.1): An exception occurred during a Ping request.
[2025-12-18 18:31:04] Status: 0/2 devices online
[2025-12-18 18:31:19] [2025-12-18 18:31:19] Error pinging Google DNS (8.8.8.8): An exception occurred during a Ping request.
[2025-12-18 18:31:19] [2025-12-18 18:31:19] Error pinging Cloudflare DNS (1.1.1.1): An exception occurred during a Ping request.
[2025-12-18 18:31:49] [2025-12-18 18:31:49] Error pinging Google DNS (8.8.8.8): An exception occurred during a Ping request.
[2025-12-18 18:31:49] [2025-12-18 18:31:49] Error pinging Cloudflare DNS (1.1.1.1): An exception occurred during a Ping request.
[2025-12-18 18:32:04] Status: 0/2 devices online
[2025-12-18 18:32:20] [2025-12-18 18:32:20] Error pinging Google DNS (8.8.8.8): An exception occurred during a Ping request.
[2025-12-18 18:32:20] [2025-12-18 18:32:20] Error pinging Cloudflare DNS (1.1.1.1): An exception occurred during a Ping request.
[2025-12-18 18:32:50] [2025-12-18 18:32:50] Error pinging Google DNS (8.8.8.8): An exception occurred during a Ping request.
[2025-12-18 18:32:50] [2025-12-18 18:32:50] Error pinging Cloudflare DNS (1.1.1.1): An exception occurred during a Ping request.
[2025-12-18 18:33:04] Status: 0/2 devices online
[2025-12-18 18:33:20] [2025-12-18 18:33:20] Error pinging Google DNS (8.8.8.8): An exception occurred during a Ping request.
[2025-12-18 18:33:20] [2025-12-18 18:33:20] Error pinging Cloudflare DNS (1.1.1.1): An exception occurred during a Ping request.
[2025-12-18 18:33:50] [2025-12-18 18:33:50] Error pinging Google DNS (8.8.8.8): An exception occurred during a Ping request.
[2025-12-18 18:33:50] [2025-12-18 18:33:50] Error pinging Cloudflare DNS (1.1.1.1): An exception occurred during a Ping request.
[2025-12-18 18:34:04] Status: 0/2 devices online
[2025-12-18 18:34:21] [2025-12-18 18:34:21] Error pinging Google DNS (8.8.8.8): An exception occurred during a Ping request.
[2025-12-18 18:34:21] [2025-12-18 18:34:21] Error pinging Cloudflare DNS (1.1.1.1): An exception occurred during a Ping request.
[2025-12-18 18:34:51] [2025-12-18 18:34:51] Error pinging Google DNS (8.8.8.8): An exception occurred during a Ping request.
[2025-12-18 18:34:51] [2025-12-18 18:34:51] Error pinging Cloudflare DNS (1.1.1.1): An exception occurred during a Ping request.
[2025-12-18 18:35:04] Status: 0/2 devices online
[2025-12-18 18:35:21] [2025-12-18 18:35:21] Error pinging Google DNS (8.8.8.8): An exception occurred during a Ping request.
[2025-12-18 18:35:21] [2025-12-18 18:35:21] Error pinging Cloudflare DNS (1.1.1.1): An exception occurred during a Ping request.
[2025-12-18 18:35:51] [2025-12-18 18:35:51] Error pinging Google DNS (8.8.8.8): An exception occurred during a Ping request.
[2025-12-18 18:35:51] [2025-12-18 18:35:51] Error pinging Cloudflare DNS (1.1.1.1): An exception occurred during a Ping request.
[2025-12-18 18:36:04] Status: 0/2 devices online
[2025-12-18 18:36:22] [2025-12-18 18:36:22] Error pinging Google DNS (8.8.8.8): An exception occurred during a Ping request.
[2025-12-18 18:36:22] [2025-12-18 18:36:22] Error pinging Cloudflare DNS (1.1.1.1): An exception occurred during a Ping request.
[2025-12-18 18:36:52] [2025-12-18 18:36:52] Error pinging Google DNS (8.8.8.8): An exception occurred during a Ping request.
[2025-12-18 18:36:52] [2025-12-18 18:36:52] Error pinging Cloudflare DNS (1.1.1.1): An exception occurred during a Ping request.
[2025-12-18 18:37:04] Status: 0/2 devices online
[2025-12-18 18:37:22] [2025-12-18 18:37:22] Error pinging Google DNS (8.8.8.8): An exception occurred during a Ping request.
[2025-12-18 18:37:22] [2025-12-18 18:37:22] Error pinging Cloudflare DNS (1.1.1.1): An exception occurred during a Ping request.
[2025-12-18 18:37:52] [2025-12-18 18:37:52] Error pinging Google DNS (8.8.8.8): An exception occurred during a Ping request.
[2025-12-18 18:37:52] [2025-12-18 18:37:52] Error pinging Cloudflare DNS (1.1.1.1): An exception occurred during a Ping request.
[2025-12-18 18:38:04] Status: 0/2 devices online
[2025-12-18 18:38:22] [2025-12-18 18:38:22] Error pinging Google DNS (8.8.8.8): An exception occurred during a Ping request.
[2025-12-18 18:38:23] [2025-12-18 18:38:23] Error pinging Cloudflare DNS (1.1.1.1): An exception occurred during a Ping request.
[2025-12-18 18:38:53] [2025-12-18 18:38:53] Error pinging Google DNS (8.8.8.8): An exception occurred during a Ping request.
[2025-12-18 18:38:53] [2025-12-18 18:38:53] Error pinging Cloudflare DNS (1.1.1.1): An exception occurred during a Ping request.
[2025-12-18 18:39:04] Status: 0/2 devices online
[2025-12-18 18:39:23] [2025-12-18 18:39:23] Error pinging Google DNS (8.8.8.8): An exception occurred during a Ping request.
[2025-12-18 18:39:23] [2025-12-18 18:39:23] Error pinging Cloudflare DNS (1.1.1.1): An exception occurred during a Ping request.
[2025-12-18 18:39:53] [2025-12-18 18:39:53] Error pinging Google DNS (8.8.8.8): An exception occurred during a Ping request.
[2025-12-18 18:39:53] [2025-12-18 18:39:53] Error pinging Cloudflare DNS (1.1.1.1): An exception occurred during a Ping request.
[2025-12-18 18:40:04] Status: 0/2 devices online
[2025-12-18 18:40:23] [2025-12-18 18:40:23] Error pinging Google DNS (8.8.8.8): An exception occurred during a Ping request.
[2025-12-18 18:40:24] [2025-12-18 18:40:24] Error pinging Cloudflare DNS (1.1.1.1): An exception occurred during a Ping request.
[2025-12-18 18:40:54] [2025-12-18 18:40:54] Error pinging Google DNS (8.8.8.8): An exception occurred during a Ping request.
[2025-12-18 18:40:54] [2025-12-18 18:40:54] Error pinging Cloudflare DNS (1.1.1.1): An exception occurred during a Ping request.
[2025-12-18 18:41:04] Status: 0/2 devices online
[2025-12-18 18:41:24] [2025-12-18 18:41:24] Error pinging Google DNS (8.8.8.8): An exception occurred during a Ping request.
[2025-12-18 18:41:24] [2025-12-18 18:41:24] Error pinging Cloudflare DNS (1.1.1.1): An exception occurred during a Ping request.
[2025-12-18 18:41:54] [2025-12-18 18:41:54] Error pinging Google DNS (8.8.8.8): An exception occurred during a Ping request.
[2025-12-18 18:41:54] [2025-12-18 18:41:54] Error pinging Cloudflare DNS (1.1.1.1): An exception occurred during a Ping request.
[2025-12-18 18:42:04] Status: 0/2 devices online
[2025-12-18 18:42:24] [2025-12-18 18:42:24] Error pinging Google DNS (8.8.8.8): An exception occurred during a Ping request.
[2025-12-18 18:42:24] [2025-12-18 18:42:24] Error pinging Cloudflare DNS (1.1.1.1): An exception occurred during a Ping request.
[2025-12-18 18:42:55] [2025-12-18 18:42:55] Error pinging Google DNS (8.8.8.8): An exception occurred during a Ping request.
[2025-12-18 18:42:55] [2025-12-18 18:42:55] Error pinging Cloudflare DNS (1.1.1.1): An exception occurred during a Ping request.
[2025-12-18 18:43:04] Status: 0/2 devices online
[2025-12-18 18:43:25] [2025-12-18 18:43:25] Error pinging Google DNS (8.8.8.8): An exception occurred during a Ping request.
[2025-12-18 18:43:25] [2025-12-18 18:43:25] Error pinging Cloudflare DNS (1.1.1.1): An exception occurred during a Ping request.
[2025-12-18 18:43:55] [2025-12-18 18:43:55] Error pinging Google DNS (8.8.8.8): An exception occurred during a Ping request.
[2025-12-18 18:43:55] [2025-12-18 18:43:55] Error pinging Cloudflare DNS (1.1.1.1): An exception occurred during a Ping request.
[2025-12-18 18:44:05] Status: 0/2 devices online
[2025-12-18 18:44:25] [2025-12-18 18:44:25] Error pinging Google DNS (8.8.8.8): An exception occurred during a Ping request.
[2025-12-18 18:44:25] [2025-12-18 18:44:25] Error pinging Cloudflare DNS (1.1.1.1): An exception occurred during a Ping request.
[2025-12-18 18:44:56] [2025-12-18 18:44:56] Error pinging Google DNS (8.8.8.8): An exception occurred during a Ping request.
[2025-12-18 18:44:56] [2025-12-18 18:44:56] Error pinging Cloudflare DNS (1.1.1.1): An exception occurred during a Ping request.
[2025-12-18 18:45:05] Status: 0/2 devices online
[2025-12-18 18:45:26] [2025-12-18 18:45:26] Error pinging Google DNS (8.8.8.8): An exception occurred during a Ping request.
[2025-12-18 18:45:26] [2025-12-18 18:45:26] Error pinging Cloudflare DNS (1.1.1.1): An exception occurred during a Ping request.
[2025-12-18 18:45:56] [2025-12-18 18:45:56] Error pinging Google DNS (8.8.8.8): An exception occurred during a Ping request.
[2025-12-18 18:45:56] [2025-12-18 18:45:56] Error pinging Cloudflare DNS (1.1.1.1): An exception occurred during a Ping request.
[2025-12-18 18:46:05] Status: 0/2 devices online
[2025-12-18 18:46:26] [2025-12-18 18:46:26] Error pinging Google DNS (8.8.8.8): An exception occurred during a Ping request.
[2025-12-18 18:46:26] [2025-12-18 18:46:26] Error pinging Cloudflare DNS (1.1.1.1): An exception occurred during a Ping request.
[2025-12-18 18:46:56] [2025-12-18 18:46:56] Error pinging Google DNS (8.8.8.8): An exception occurred during a Ping request.
[2025-12-18 18:46:57] [2025-12-18 18:46:57] Error pinging Cloudflare DNS (1.1.1.1): An exception occurred during a Ping request.
[2025-12-18 18:47:05] Status: 0/2 devices online
[2025-12-18 18:47:27] [2025-12-18 18:47:27] Error pinging Google DNS (8.8.8.8): An exception occurred during a Ping request.
[2025-12-18 18:47:27] [2025-12-18 18:47:27] Error pinging Cloudflare DNS (1.1.1.1): An exception occurred during a Ping request.
[2025-12-18 18:47:57] [2025-12-18 18:47:57] Error pinging Google DNS (8.8.8.8): An exception occurred during a Ping request.
[2025-12-18 18:47:57] [2025-12-18 18:47:57] Error pinging Cloudflare DNS (1.1.1.1): An exception occurred during a Ping request.
[2025-12-18 18:48:05] Status: 0/2 devices online
[2025-12-18 18:48:27] [2025-12-18 18:48:27] Error pinging Google DNS (8.8.8.8): An exception occurred during a Ping request.
[2025-12-18 18:48:27] [2025-12-18 18:48:27] Error pinging Cloudflare DNS (1.1.1.1): An exception occurred during a Ping request.
[2025-12-18 18:48:57] [2025-12-18 18:48:57] Error pinging Google DNS (8.8.8.8): An exception occurred during a Ping request.
[2025-12-18 18:48:58] [2025-12-18 18:48:58] Error pinging Cloudflare DNS (1.1.1.1): An exception occurred during a Ping request.
[2025-12-18 18:49:05] Status: 0/2 devices online
[2025-12-18 18:49:28] [2025-12-18 18:49:28] Error pinging Google DNS (8.8.8.8): An exception occurred during a Ping request.
[2025-12-18 18:49:28] [2025-12-18 18:49:28] Error pinging Cloudflare DNS (1.1.1.1): An exception occurred during a Ping request.
[2025-12-18 18:49:58] [2025-12-18 18:49:58] Error pinging Google DNS (8.8.8.8): An exception occurred during a Ping request.
[2025-12-18 18:49:58] [2025-12-18 18:49:58] Error pinging Cloudflare DNS (1.1.1.1): An exception occurred during a Ping request.
[2025-12-18 18:50:05] Status: 0/2 devices online
[2025-12-18 18:50:28] [2025-12-18 18:50:28] Error pinging Google DNS (8.8.8.8): An exception occurred during a Ping request.
[2025-12-18 18:50:28] [2025-12-18 18:50:28] Error pinging Cloudflare DNS (1.1.1.1): An exception occurred during a Ping request.
[2025-12-18 18:50:58] [2025-12-18 18:50:58] Error pinging Google DNS (8.8.8.8): An exception occurred during a Ping request.
[2025-12-18 18:50:58] [2025-12-18 18:50:58] Error pinging Cloudflare DNS (1.1.1.1): An exception occurred during a Ping request.
[2025-12-18 18:51:05] Status: 0/2 devices online
[2025-12-18 18:51:29] [2025-12-18 18:51:29] Error pinging Google DNS (8.8.8.8): An exception occurred during a Ping request.
[2025-12-18 18:51:29] [2025-12-18 18:51:29] Error pinging Cloudflare DNS (1.1.1.1): An exception occurred during a Ping request.
[2025-12-18 18:51:59] [2025-12-18 18:51:59] Error pinging Google DNS (8.8.8.8): An exception occurred during a Ping request.
[2025-12-18 18:51:59] [2025-12-18 18:51:59] Error pinging Cloudflare DNS (1.1.1.1): An exception occurred during a Ping request.
[2025-12-18 18:52:05] Status: 0/2 devices online
[2025-12-18 18:52:29] [2025-12-18 18:52:29] Error pinging Google DNS (8.8.8.8): An exception occurred during a Ping request.
[2025-12-18 18:52:29] [2025-12-18 18:52:29] Error pinging Cloudflare DNS (1.1.1.1): An exception occurred during a Ping request.
[2025-12-18 18:52:59] [2025-12-18 18:52:59] Error pinging Google DNS (8.8.8.8): An exception occurred during a Ping request.
[2025-12-18 18:52:59] [2025-12-18 18:52:59] Error pinging Cloudflare DNS (1.1.1.1): An exception occurred during a Ping request.
[2025-12-18 18:53:05] Status: 0/2 devices online
[2025-12-18 18:53:30] [2025-12-18 18:53:30] Error pinging Google DNS (8.8.8.8): An exception occurred during a Ping request.
[2025-12-18 18:53:30] [2025-12-18 18:53:30] Error pinging Cloudflare DNS (1.1.1.1): An exception occurred during a Ping request.
[2025-12-18 18:54:00] [2025-12-18 18:54:00] Error pinging Google DNS (8.8.8.8): An exception occurred during a Ping request.
[2025-12-18 18:54:00] [2025-12-18 18:54:00] Error pinging Cloudflare DNS (1.1.1.1): An exception occurred during a Ping request.
[2025-12-18 18:54:05] Status: 0/2 devices online
[2025-12-18 18:54:30] [2025-12-18 18:54:30] Error pinging Google DNS (8.8.8.8): An exception occurred during a Ping request.
[2025-12-18 18:54:30] [2025-12-18 18:54:30] Error pinging Cloudflare DNS (1.1.1.1): An exception occurred during a Ping request.
[2025-12-18 18:55:00] [2025-12-18 18:55:00] Error pinging Google DNS (8.8.8.8): An exception occurred during a Ping request.
[2025-12-18 18:55:00] [2025-12-18 18:55:00] Error pinging Cloudflare DNS (1.1.1.1): An exception occurred during a Ping request.
[2025-12-18 18:55:05] Status: 0/2 devices online
[2025-12-18 18:55:30] [2025-12-18 18:55:30] Error pinging Google DNS (8.8.8.8): An exception occurred during a Ping request.
[2025-12-18 18:55:31] [2025-12-18 18:55:31] Error pinging Cloudflare DNS (1.1.1.1): An exception occurred during a Ping request.
[2025-12-18 18:56:01] [2025-12-18 18:56:01] Error pinging Google DNS (8.8.8.8): An exception occurred during a Ping request.
[2025-12-18 18:56:01] [2025-12-18 18:56:01] Error pinging Cloudflare DNS (1.1.1.1): An exception occurred during a Ping request.
[2025-12-18 18:56:05] Status: 0/2 devices online
[2025-12-18 18:56:31] [2025-12-18 18:56:31] Error pinging Google DNS (8.8.8.8): An exception occurred during a Ping request.
[2025-12-18 18:56:31] [2025-12-18 18:56:31] Error pinging Cloudflare DNS (1.1.1.1): An exception occurred during a Ping request.
[2025-12-18 18:57:01] [2025-12-18 18:57:01] Error pinging Google DNS (8.8.8.8): An exception occurred during a Ping request.
[2025-12-18 18:57:01] [2025-12-18 18:57:01] Error pinging Cloudflare DNS (1.1.1.1): An exception occurred during a Ping request.
[2025-12-18 18:57:05] Status: 0/2 devices online
[2025-12-18 18:57:31] [2025-12-18 18:57:31] Error pinging Google DNS (8.8.8.8): An exception occurred during a Ping request.
[2025-12-18 18:57:32] [2025-12-18 18:57:32] Error pinging Cloudflare DNS (1.1.1.1): An exception occurred during a Ping request.
[2025-12-18 18:58:02] [2025-12-18 18:58:02] Error pinging Google DNS (8.8.8.8): An exception occurred during a Ping request.
[2025-12-18 18:58:02] [2025-12-18 18:58:02] Error pinging Cloudflare DNS (1.1.1.1): An exception occurred during a Ping request.
[2025-12-18 18:58:05] Status: 0/2 devices online
[2025-12-18 18:58:32] [2025-12-18 18:58:32] Error pinging Google DNS (8.8.8.8): An exception occurred during a Ping request.
[2025-12-18 18:58:32] [2025-12-18 18:58:32] Error pinging Cloudflare DNS (1.1.1.1): An exception occurred during a Ping request.
[2025-12-18 18:59:02] [2025-12-18 18:59:02] Error pinging Google DNS (8.8.8.8): An exception occurred during a Ping request.
[2025-12-18 18:59:02] [2025-12-18 18:59:02] Error pinging Cloudflare DNS (1.1.1.1): An exception occurred during a Ping request.
[2025-12-18 18:59:05] Status: 0/2 devices online
[2025-12-18 18:59:32] [2025-12-18 18:59:32] Error pinging Google DNS (8.8.8.8): An exception occurred during a Ping request.
[2025-12-18 18:59:32] [2025-12-18 18:59:32] Error pinging Cloudflare DNS (1.1.1.1): An exception occurred during a Ping request.
[2025-12-18 19:00:03] [2025-12-18 19:00:03] Error pinging Google DNS (8.8.8.8): An exception occurred during a Ping request.
[2025-12-18 19:00:03] [2025-12-18 19:00:03] Error pinging Cloudflare DNS (1.1.1.1): An exception occurred during a Ping request.
[2025-12-18 19:00:05] Status: 0/2 devices online
[2025-12-18 19:00:33] [2025-12-18 19:00:33] Error pinging Google DNS (8.8.8.8): An exception occurred during a Ping request.
[2025-12-18 19:00:33] [2025-12-18 19:00:33] Error pinging Cloudflare DNS (1.1.1.1): An exception occurred during a Ping request.
[2025-12-18 19:01:03] [2025-12-18 19:01:03] Error pinging Google DNS (8.8.8.8): An exception occurred during a Ping request.
[2025-12-18 19:01:03] [2025-12-18 19:01:03] Error pinging Cloudflare DNS (1.1.1.1): An exception occurred during a Ping request.
[2025-12-18 19:01:05] Status: 0/2 devices online
[2025-12-18 19:01:33] [2025-12-18 19:01:33] Error pinging Google DNS (8.8.8.8): An exception occurred during a Ping request.
[2025-12-18 19:01:33] [2025-12-18 19:01:33] Error pinging Cloudflare DNS (1.1.1.1): An exception occurred during a Ping request.
[2025-12-18 19:02:04] [2025-12-18 19:02:04] Error pinging Google DNS (8.8.8.8): An exception occurred during a Ping request.
[2025-12-18 19:02:04] [2025-12-18 19:02:04] Error pinging Cloudflare DNS (1.1.1.1): An exception occurred during a Ping request.
[2025-12-18 19:02:05] Status: 0/2 devices online
[2025-12-18 19:02:34] [2025-12-18 19:02:34] Error pinging Google DNS (8.8.8.8): An exception occurred during a Ping request.
[2025-12-18 19:02:34] [2025-12-18 19:02:34] Error pinging Cloudflare DNS (1.1.1.1): An exception occurred during a Ping request.
[2025-12-18 19:03:04] [2025-12-18 19:03:04] Error pinging Google DNS (8.8.8.8): An exception occurred during a Ping request.
[2025-12-18 19:03:04] [2025-12-18 19:03:04] Error pinging Cloudflare DNS (1.1.1.1): An exception occurred during a Ping request.
[2025-12-18 19:03:05] Status: 0/2 devices online
[2025-12-18 19:03:34] [2025-12-18 19:03:34] Error pinging Google DNS (8.8.8.8): An exception occurred during a Ping request.
[2025-12-18 19:03:34] [2025-12-18 19:03:34] Error pinging Cloudflare DNS (1.1.1.1): An exception occurred during a Ping request.
[2025-12-18 19:04:04] [2025-12-18 19:04:04] Error pinging Google DNS (8.8.8.8): An exception occurred during a Ping request.
[2025-12-18 19:04:05] [2025-12-18 19:04:05] Error pinging Cloudflare DNS (1.1.1.1): An exception occurred during a Ping request.
[2025-12-18 19:04:05] Status: 0/2 devices online
[2025-12-18 19:04:35] [2025-12-18 19:04:35] Error pinging Google DNS (8.8.8.8): An exception occurred during a Ping request.
[2025-12-18 19:04:35] [2025-12-18 19:04:35] Error pinging Cloudflare DNS (1.1.1.1): An exception occurred during a Ping request.
[2025-12-18 19:05:05] Status: 0/2 devices online
[2025-12-18 19:05:05] [2025-12-18 19:05:05] Error pinging Google DNS (8.8.8.8): An exception occurred during a Ping request.
[2025-12-18 19:05:05] [2025-12-18 19:05:05] Error pinging Cloudflare DNS (1.1.1.1): An exception occurred during a Ping request.
[2025-12-18 19:05:35] [2025-12-18 19:05:35] Error pinging Google DNS (8.8.8.8): An exception occurred during a Ping request.
[2025-12-18 19:05:35] [2025-12-18 19:05:35] Error pinging Cloudflare DNS (1.1.1.1): An exception occurred during a Ping request.
[2025-12-18 19:06:05] Status: 0/2 devices online
[2025-12-18 19:06:05] [2025-12-18 19:06:05] Error pinging Google DNS (8.8.8.8): An exception occurred during a Ping request.
[2025-12-18 19:06:06] [2025-12-18 19:06:06] Error pinging Cloudflare DNS (1.1.1.1): An exception occurred during a Ping request.
[2025-12-18 19:06:36] [2025-12-18 19:06:36] Error pinging Google DNS (8.8.8.8): An exception occurred during a Ping request.
[2025-12-18 19:06:36] [2025-12-18 19:06:36] Error pinging Cloudflare DNS (1.1.1.1): An exception occurred during a Ping request.
[2025-12-18 19:07:05] Status: 0/2 devices online
[2025-12-18 19:07:06] [2025-12-18 19:07:06] Error pinging Google DNS (8.8.8.8): An exception occurred during a Ping request.
[2025-12-18 19:07:06] [2025-12-18 19:07:06] Error pinging Cloudflare DNS (1.1.1.1): An exception occurred during a Ping request.
[2025-12-18 19:07:36] [2025-12-18 19:07:36] Error pinging Google DNS (8.8.8.8): An exception occurred during a Ping request.
[2025-12-18 19:07:36] [2025-12-18 19:07:36] Error pinging Cloudflare DNS (1.1.1.1): An exception occurred during a Ping request.
[2025-12-18 19:08:05] Status: 0/2 devices online
[2025-12-18 19:08:06] [2025-12-18 19:08:06] Error pinging Google DNS (8.8.8.8): An exception occurred during a Ping request.
[2025-12-18 19:08:06] [2025-12-18 19:08:06] Error pinging Cloudflare DNS (1.1.1.1): An exception occurred during a Ping request.
[2025-12-18 19:08:37] [2025-12-18 19:08:37] Error pinging Google DNS (8.8.8.8): An exception occurred during a Ping request.
[2025-12-18 19:08:37] [2025-12-18 19:08:37] Error pinging Cloudflare DNS (1.1.1.1): An exception occurred during a Ping request.
[2025-12-18 19:09:05] Status: 0/2 devices online
[2025-12-18 19:09:07] [2025-12-18 19:09:07] Error pinging Google DNS (8.8.8.8): An exception occurred during a Ping request.
[2025-12-18 19:09:07] [2025-12-18 19:09:07] Error pinging Cloudflare DNS (1.1.1.1): An exception occurred during a Ping request.
[2025-12-18 19:09:37] [2025-12-18 19:09:37] Error pinging Google DNS (8.8.8.8): An exception occurred during a Ping request.
[2025-12-18 19:09:37] [2025-12-18 19:09:37] Error pinging Cloudflare DNS (1.1.1.1): An exception occurred during a Ping request.
[2025-12-18 19:10:05] Status: 0/2 devices online
[2025-12-18 19:10:07] [2025-12-18 19:10:07] Error pinging Google DNS (8.8.8.8): An exception occurred during a Ping request.
[2025-12-18 19:10:07] [2025-12-18 19:10:07] Error pinging Cloudflare DNS (1.1.1.1): An exception occurred during a Ping request.
[2025-12-18 19:10:38] [2025-12-18 19:10:38] Error pinging Google DNS (8.8.8.8): An exception occurred during a Ping request.
[2025-12-18 19:10:38] [2025-12-18 19:10:38] Error pinging Cloudflare DNS (1.1.1.1): An exception occurred during a Ping request.
[2025-12-18 19:11:05] Status: 0/2 devices online
[2025-12-18 19:11:08] [2025-12-18 19:11:08] Error pinging Google DNS (8.8.8.8): An exception occurred during a Ping request.
[2025-12-18 19:11:08] [2025-12-18 19:11:08] Error pinging Cloudflare DNS (1.1.1.1): An exception occurred during a Ping request.
[2025-12-18 19:11:38] [2025-12-18 19:11:38] Error pinging Google DNS (8.8.8.8): An exception occurred during a Ping request.
[2025-12-18 19:11:38] [2025-12-18 19:11:38] Error pinging Cloudflare DNS (1.1.1.1): An exception occurred during a Ping request.
[2025-12-18 19:12:05] Status: 0/2 devices online
[2025-12-18 19:12:08] [2025-12-18 19:12:08] Error pinging Google DNS (8.8.8.8): An exception occurred during a Ping request.
[2025-12-18 19:12:08] [2025-12-18 19:12:08] Error pinging Cloudflare DNS (1.1.1.1): An exception occurred during a Ping request.
[2025-12-18 19:12:39] [2025-12-18 19:12:39] Error pinging Google DNS (8.8.8.8): An exception occurred during a Ping request.
[2025-12-18 19:12:39] [2025-12-18 19:12:39] Error pinging Cloudflare DNS (1.1.1.1): An exception occurred during a Ping request.
[2025-12-18 19:13:05] Status: 0/2 devices online
[2025-12-18 19:13:09] [2025-12-18 19:13:09] Error pinging Google DNS (8.8.8.8): An exception occurred during a Ping request.
[2025-12-18 19:13:09] [2025-12-18 19:13:09] Error pinging Cloudflare DNS (1.1.1.1): An exception occurred during a Ping request.
[2025-12-18 19:13:39] [2025-12-18 19:13:39] Error pinging Google DNS (8.8.8.8): An exception occurred during a Ping request.
[2025-12-18 19:13:39] [2025-12-18 19:13:39] Error pinging Cloudflare DNS (1.1.1.1): An exception occurred during a Ping request.
[2025-12-18 19:14:05] Status: 0/2 devices online
[2025-12-18 19:14:09] [2025-12-18 19:14:09] Error pinging Google DNS (8.8.8.8): An exception occurred during a Ping request.
[2025-12-18 19:14:09] [2025-12-18 19:14:09] Error pinging Cloudflare DNS (1.1.1.1): An exception occurred during a Ping request.
[2025-12-18 19:14:39] [2025-12-18 19:14:39] Error pinging Google DNS (8.8.8.8): An exception occurred during a Ping request.
[2025-12-18 19:14:40] [2025-12-18 19:14:40] Error pinging Cloudflare DNS (1.1.1.1): An exception occurred during a Ping request.
[2025-12-18 19:15:05] Status: 0/2 devices online
[2025-12-18 19:15:10] [2025-12-18 19:15:10] Error pinging Google DNS (8.8.8.8): An exception occurred during a Ping request.
[2025-12-18 19:15:10] [2025-12-18 19:15:10] Error pinging Cloudflare DNS (1.1.1.1): An exception occurred during a Ping request.
[2025-12-18 19:15:40] [2025-12-18 19:15:40] Error pinging Google DNS (8.8.8.8): An exception occurred during a Ping request.
[2025-12-18 19:15:40] [2025-12-18 19:15:40] Error pinging Cloudflare DNS (1.1.1.1): An exception occurred during a Ping request.
[2025-12-18 19:16:05] Status: 0/2 devices online
[2025-12-18 19:16:10] [2025-12-18 19:16:10] Error pinging Google DNS (8.8.8.8): An exception occurred during a Ping request.
[2025-12-18 19:16:10] [2025-12-18 19:16:10] Error pinging Cloudflare DNS (1.1.1.1): An exception occurred during a Ping request.
[2025-12-18 19:16:40] [2025-12-18 19:16:40] Error pinging Google DNS (8.8.8.8): An exception occurred during a Ping request.
[2025-12-18 19:16:41] [2025-12-18 19:16:41] Error pinging Cloudflare DNS (1.1.1.1): An exception occurred during a Ping request.
[2025-12-18 19:17:05] Status: 0/2 devices online
[2025-12-18 19:17:11] [2025-12-18 19:17:11] Error pinging Google DNS (8.8.8.8): An exception occurred during a Ping request.
[2025-12-18 19:17:11] [2025-12-18 19:17:11] Error pinging Cloudflare DNS (1.1.1.1): An exception occurred during a Ping request.
[2025-12-18 19:17:41] [2025-12-18 19:17:41] Error pinging Google DNS (8.8.8.8): An exception occurred during a Ping request.
[2025-12-18 19:17:41] [2025-12-18 19:17:41] Error pinging Cloudflare DNS (1.1.1.1): An exception occurred during a Ping request.
[2025-12-18 19:18:05] Status: 0/2 devices online
[2025-12-18 19:18:11] [2025-12-18 19:18:11] Error pinging Google DNS (8.8.8.8): An exception occurred during a Ping request.
[2025-12-18 19:18:11] [2025-12-18 19:18:11] Error pinging Cloudflare DNS (1.1.1.1): An exception occurred during a Ping request.
[2025-12-18 19:18:41] [2025-12-18 19:18:41] Error pinging Google DNS (8.8.8.8): An exception occurred during a Ping request.
[2025-12-18 19:18:41] [2025-12-18 19:18:41] Error pinging Cloudflare DNS (1.1.1.1): An exception occurred during a Ping request.
[2025-12-18 19:19:05] Status: 0/2 devices online
[2025-12-18 19:19:12] [2025-12-18 19:19:12] Error pinging Google DNS (8.8.8.8): An exception occurred during a Ping request.
[2025-12-18 19:19:12] [2025-12-18 19:19:12] Error pinging Cloudflare DNS (1.1.1.1): An exception occurred during a Ping request.
[2025-12-18 19:19:42] [2025-12-18 19:19:42] Error pinging Google DNS (8.8.8.8): An exception occurred during a Ping request.
[2025-12-18 19:19:42] [2025-12-18 19:19:42] Error pinging Cloudflare DNS (1.1.1.1): An exception occurred during a Ping request.
[2025-12-18 19:20:05] Status: 0/2 devices online
[2025-12-18 19:20:12] [2025-12-18 19:20:12] Error pinging Google DNS (8.8.8.8): An exception occurred during a Ping request.
[2025-12-18 19:20:12] [2025-12-18 19:20:12] Error pinging Cloudflare DNS (1.1.1.1): An exception occurred during a Ping request.
[2025-12-18 19:20:42] [2025-12-18 19:20:42] Error pinging Google DNS (8.8.8.8): An exception occurred during a Ping request.
[2025-12-18 19:20:42] [2025-12-18 19:20:42] Error pinging Cloudflare DNS (1.1.1.1): An exception occurred during a Ping request.
[2025-12-18 19:21:05] Status: 0/2 devices online
[2025-12-18 19:21:13] [2025-12-18 19:21:13] Error pinging Google DNS (8.8.8.8): An exception occurred during a Ping request.
[2025-12-18 19:21:13] [2025-12-18 19:21:13] Error pinging Cloudflare DNS (1.1.1.1): An exception occurred during a Ping request.
[2025-12-18 19:21:43] [2025-12-18 19:21:43] Error pinging Google DNS (8.8.8.8): An exception occurred during a Ping request.
[2025-12-18 19:21:43] [2025-12-18 19:21:43] Error pinging Cloudflare DNS (1.1.1.1): An exception occurred during a Ping request.
[2025-12-18 19:22:05] Status: 0/2 devices online
[2025-12-18 19:22:13] [2025-12-18 19:22:13] Error pinging Google DNS (8.8.8.8): An exception occurred during a Ping request.
[2025-12-18 19:22:13] [2025-12-18 19:22:13] Error pinging Cloudflare DNS (1.1.1.1): An exception occurred during a Ping request.
[2025-12-18 19:22:43] [2025-12-18 19:22:43] Error pinging Google DNS (8.8.8.8): An exception occurred during a Ping request.
[2025-12-18 19:22:43] [2025-12-18 19:22:43] Error pinging Cloudflare DNS (1.1.1.1): An exception occurred during a Ping request.
[2025-12-18 19:23:05] Status: 0/2 devices online
[2025-12-18 19:23:13] [2025-12-18 19:23:13] Error pinging Google DNS (8.8.8.8): An exception occurred during a Ping request.
[2025-12-18 19:23:14] [2025-12-18 19:23:14] Error pinging Cloudflare DNS (1.1.1.1): An exception occurred during a Ping request.
[2025-12-18 19:23:44] [2025-12-18 19:23:44] Error pinging Google DNS (8.8.8.8): An exception occurred during a Ping request.
[2025-12-18 19:23:44] [2025-12-18 19:23:44] Error pinging Cloudflare DNS (1.1.1.1): An exception occurred during a Ping request.
[2025-12-18 19:24:05] Status: 0/2 devices online
[2025-12-18 19:24:14] [2025-12-18 19:24:14] Error pinging Google DNS (8.8.8.8): An exception occurred during a Ping request.
[2025-12-18 19:24:14] [2025-12-18 19:24:14] Error pinging Cloudflare DNS (1.1.1.1): An exception occurred during a Ping request.
[2025-12-18 19:24:44] [2025-12-18 19:24:44] Error pinging Google DNS (8.8.8.8): An exception occurred during a Ping request.
[2025-12-18 19:24:44] [2025-12-18 19:24:44] Error pinging Cloudflare DNS (1.1.1.1): An exception occurred during a Ping request.
[2025-12-18 19:25:05] Status: 0/2 devices online
[2025-12-18 19:25:14] [2025-12-18 19:25:14] Error pinging Google DNS (8.8.8.8): An exception occurred during a Ping request.
[2025-12-18 19:25:15] [2025-12-18 19:25:15] Error pinging Cloudflare DNS (1.1.1.1): An exception occurred during a Ping request.
[2025-12-18 19:25:45] [2025-12-18 19:25:45] Error pinging Google DNS (8.8.8.8): An exception occurred during a Ping request.
[2025-12-18 19:25:45] [2025-12-18 19:25:45] Error pinging Cloudflare DNS (1.1.1.1): An exception occurred during a Ping request.
[2025-12-18 19:26:05] Status: 0/2 devices online
[2025-12-18 19:26:15] [2025-12-18 19:26:15] Error pinging Google DNS (8.8.8.8): An exception occurred during a Ping request.
[2025-12-18 19:26:15] [2025-12-18 19:26:15] Error pinging Cloudflare DNS (1.1.1.1): An exception occurred during a Ping request.
[2025-12-18 19:26:45] [2025-12-18 19:26:45] Error pinging Google DNS (8.8.8.8): An exception occurred during a Ping request.
[2025-12-18 19:26:45] [2025-12-18 19:26:45] Error pinging Cloudflare DNS (1.1.1.1): An exception occurred during a Ping request.
[2025-12-18 19:27:05] Status: 0/2 devices online
[2025-12-18 19:27:15] [2025-12-18 19:27:15] Error pinging Google DNS (8.8.8.8): An exception occurred during a Ping request.
[2025-12-18 19:27:15] [2025-12-18 19:27:15] Error pinging Cloudflare DNS (1.1.1.1): An exception occurred during a Ping request.
[2025-12-18 19:27:46] [2025-12-18 19:27:46] Error pinging Google DNS (8.8.8.8): An exception occurred during a Ping request.
[2025-12-18 19:27:46] [2025-12-18 19:27:46] Error pinging Cloudflare DNS (1.1.1.1): An exception occurred during a Ping request.
[2025-12-18 19:28:05] Status: 0/2 devices online
[2025-12-18 19:28:16] [2025-12-18 19:28:16] Error pinging Google DNS (8.8.8.8): An exception occurred during a Ping request.
[2025-12-18 19:28:16] [2025-12-18 19:28:16] Error pinging Cloudflare DNS (1.1.1.1): An exception occurred during a Ping request.
[2025-12-18 19:28:46] [2025-12-18 19:28:46] Error pinging Google DNS (8.8.8.8): An exception occurred during a Ping request.
[2025-12-18 19:28:46] [2025-12-18 19:28:46] Error pinging Cloudflare DNS (1.1.1.1): An exception occurred during a Ping request.
[2025-12-18 19:29:05] Status: 0/2 devices online
[2025-12-18 19:29:16] [2025-12-18 19:29:16] Error pinging Google DNS (8.8.8.8): An exception occurred during a Ping request.
[2025-12-18 19:29:16] [2025-12-18 19:29:16] Error pinging Cloudflare DNS (1.1.1.1): An exception occurred during a Ping request.
[2025-12-18 19:29:47] [2025-12-18 19:29:47] Error pinging Google DNS (8.8.8.8): An exception occurred during a Ping request.
[2025-12-18 19:29:47] [2025-12-18 19:29:47] Error pinging Cloudflare DNS (1.1.1.1): An exception occurred during a Ping request.
[2025-12-18 19:30:05] Status: 0/2 devices online
[2025-12-18 19:30:17] [2025-12-18 19:30:17] Error pinging Google DNS (8.8.8.8): An exception occurred during a Ping request.
[2025-12-18 19:30:17] [2025-12-18 19:30:17] Error pinging Cloudflare DNS (1.1.1.1): An exception occurred during a Ping request.
[2025-12-18 19:30:47] [2025-12-18 19:30:47] Error pinging Google DNS (8.8.8.8): An exception occurred during a Ping request.
[2025-12-18 19:30:47] [2025-12-18 19:30:47] Error pinging Cloudflare DNS (1.1.1.1): An exception occurred during a Ping request.
[2025-12-18 19:31:05] Status: 0/2 devices online
[2025-12-18 19:31:17] [2025-12-18 19:31:17] Error pinging Google DNS (8.8.8.8): An exception occurred during a Ping request.
[2025-12-18 19:31:17] [2025-12-18 19:31:17] Error pinging Cloudflare DNS (1.1.1.1): An exception occurred during a Ping request.
[2025-12-18 19:31:48] [2025-12-18 19:31:48] Error pinging Google DNS (8.8.8.8): An exception occurred during a Ping request.
[2025-12-18 19:31:48] [2025-12-18 19:31:48] Error pinging Cloudflare DNS (1.1.1.1): An exception occurred during a Ping request.
[2025-12-18 19:32:05] Status: 0/2 devices online
[2025-12-18 19:32:18] [2025-12-18 19:32:18] Error pinging Google DNS (8.8.8.8): An exception occurred during a Ping request.
[2025-12-18 19:32:18] [2025-12-18 19:32:18] Error pinging Cloudflare DNS (1.1.1.1): An exception occurred during a Ping request.
[2025-12-18 19:32:48] [2025-12-18 19:32:48] Error pinging Google DNS (8.8.8.8): An exception occurred during a Ping request.
[2025-12-18 19:32:48] [2025-12-18 19:32:48] Error pinging Cloudflare DNS (1.1.1.1): An exception occurred during a Ping request.
[2025-12-18 19:33:05] Status: 0/2 devices online
[2025-12-18 19:33:18] [2025-12-18 19:33:18] Error pinging Google DNS (8.8.8.8): An exception occurred during a Ping request.
[2025-12-18 19:33:18] [2025-12-18 19:33:18] Error pinging Cloudflare DNS (1.1.1.1): An exception occurred during a Ping request.
[2025-12-18 19:33:48] [2025-12-18 19:33:48] Error pinging Google DNS (8.8.8.8): An exception occurred during a Ping request.
[2025-12-18 19:33:49] [2025-12-18 19:33:49] Error pinging Cloudflare DNS (1.1.1.1): An exception occurred during a Ping request.
[2025-12-18 19:34:05] Status: 0/2 devices online
[2025-12-18 19:34:19] [2025-12-18 19:34:19] Error pinging Google DNS (8.8.8.8): An exception occurred during a Ping request.
[2025-12-18 19:34:19] [2025-12-18 19:34:19] Error pinging Cloudflare DNS (1.1.1.1): An exception occurred during a Ping request.
[2025-12-18 19:34:49] [2025-12-18 19:34:49] Error pinging Google DNS (8.8.8.8): An exception occurred during a Ping request.
[2025-12-18 19:34:49] [2025-12-18 19:34:49] Error pinging Cloudflare DNS (1.1.1.1): An exception occurred during a Ping request.
[2025-12-18 19:35:05] Status: 0/2 devices online
[2025-12-18 19:35:19] [2025-12-18 19:35:19] Error pinging Google DNS (8.8.8.8): An exception occurred during a Ping request.
[2025-12-18 19:35:19] [2025-12-18 19:35:19] Error pinging Cloudflare DNS (1.1.1.1): An exception occurred during a Ping request.
[2025-12-18 19:35:49] [2025-12-18 19:35:49] Error pinging Google DNS (8.8.8.8): An exception occurred during a Ping request.
[2025-12-18 19:35:49] [2025-12-18 19:35:49] Error pinging Cloudflare DNS (1.1.1.1): An exception occurred during a Ping request.
[2025-12-18 19:36:05] Status: 0/2 devices online
[2025-12-18 19:36:20] [2025-12-18 19:36:20] Error pinging Google DNS (8.8.8.8): An exception occurred during a Ping request.
[2025-12-18 19:36:20] [2025-12-18 19:36:20] Error pinging Cloudflare DNS (1.1.1.1): An exception occurred during a Ping request.
[2025-12-18 19:36:50] [2025-12-18 19:36:50] Error pinging Google DNS (8.8.8.8): An exception occurred during a Ping request.
[2025-12-18 19:36:50] [2025-12-18 19:36:50] Error pinging Cloudflare DNS (1.1.1.1): An exception occurred during a Ping request.
[2025-12-18 19:37:05] Status: 0/2 devices online
[2025-12-18 19:37:20] [2025-12-18 19:37:20] Error pinging Google DNS (8.8.8.8): An exception occurred during a Ping request.
[2025-12-18 19:37:20] [2025-12-18 19:37:20] Error pinging Cloudflare DNS (1.1.1.1): An exception occurred during a Ping request.
[2025-12-18 19:37:50] [2025-12-18 19:37:50] Error pinging Google DNS (8.8.8.8): An exception occurred during a Ping request.
[2025-12-18 19:37:50] [2025-12-18 19:37:50] Error pinging Cloudflare DNS (1.1.1.1): An exception occurred during a Ping request.
[2025-12-18 19:38:05] Status: 0/2 devices online
[2025-12-18 19:38:21] [2025-12-18 19:38:21] Error pinging Google DNS (8.8.8.8): An exception occurred during a Ping request.
[2025-12-18 19:38:21] [2025-12-18 19:38:21] Error pinging Cloudflare DNS (1.1.1.1): An exception occurred during a Ping request.
[2025-12-18 19:38:51] [2025-12-18 19:38:51] Error pinging Google DNS (8.8.8.8): An exception occurred during a Ping request.
[2025-12-18 19:38:51] [2025-12-18 19:38:51] Error pinging Cloudflare DNS (1.1.1.1): An exception occurred during a Ping request.
[2025-12-18 19:39:05] Status: 0/2 devices online
[2025-12-18 19:39:21] [2025-12-18 19:39:21] Error pinging Google DNS (8.8.8.8): An exception occurred during a Ping request.
[2025-12-18 19:39:21] [2025-12-18 19:39:21] Error pinging Cloudflare DNS (1.1.1.1): An exception occurred during a Ping request.
[2025-12-18 19:39:51] [2025-12-18 19:39:51] Error pinging Google DNS (8.8.8.8): An exception occurred during a Ping request.
[2025-12-18 19:39:51] [2025-12-18 19:39:51] Error pinging Cloudflare DNS (1.1.1.1): An exception occurred during a Ping request.
[2025-12-18 19:40:05] Status: 0/2 devices online
[2025-12-18 19:40:21] [2025-12-18 19:40:21] Error pinging Google DNS (8.8.8.8): An exception occurred during a Ping request.
[2025-12-18 19:40:22] [2025-12-18 19:40:22] Error pinging Cloudflare DNS (1.1.1.1): An exception occurred during a Ping request.
[2025-12-18 19:40:52] [2025-12-18 19:40:52] Error pinging Google DNS (8.8.8.8): An exception occurred during a Ping request.
[2025-12-18 19:40:52] [2025-12-18 19:40:52] Error pinging Cloudflare DNS (1.1.1.1): An exception occurred during a Ping request.
[2025-12-18 19:41:05] Status: 0/2 devices online
[2025-12-19 09:49:26] [2025-12-19 09:49:26] Error pinging Google DNS (8.8.8.8): An exception occurred during a Ping request.
[2025-12-19 09:49:27] [2025-12-19 09:49:27] Error pinging Cloudflare DNS (1.1.1.1): An exception occurred during a Ping request.
[2025-12-19 09:49:57] [2025-12-19 09:49:57] Error pinging Google DNS (8.8.8.8): An exception occurred during a Ping request.
[2025-12-19 09:49:57] [2025-12-19 09:49:57] Error pinging Cloudflare DNS (1.1.1.1): An exception occurred during a Ping request.
[2025-12-19 09:50:10] Status: 0/2 devices online
[2025-12-19 09:50:27] [2025-12-19 09:50:27] Error pinging Google DNS (8.8.8.8): An exception occurred during a Ping request.
[2025-12-19 09:50:27] [2025-12-19 09:50:27] Error pinging Cloudflare DNS (1.1.1.1): An exception occurred during a Ping request.
[2025-12-19 09:50:57] [2025-12-19 09:50:57] Error pinging Google DNS (8.8.8.8): An exception occurred during a Ping request.
[2025-12-19 09:50:57] [2025-12-19 09:50:57] Error pinging Cloudflare DNS (1.1.1.1): An exception occurred during a Ping request.
[2025-12-19 09:51:10] Status: 0/2 devices online
[2025-12-19 09:51:28] [2025-12-19 09:51:28] Device Google DNS is now Online (Ping: 20ms)
[2025-12-19 09:51:28] [2025-12-19 09:51:28] Device Cloudflare DNS is now Online (Ping: 41ms)
[2025-12-19 09:52:08] Status: 2/2 devices online
[2025-12-19 09:53:08] Status: 2/2 devices online
[2025-12-19 09:54:08] Status: 2/2 devices online
[2025-12-19 09:55:03] [2025-12-19 09:55:03] Device Cloudflare DNS is now Offline (Ping: 0ms)
[2025-12-19 09:55:08] Status: 1/2 devices online
[2025-12-19 09:55:34] [2025-12-19 09:55:34] Device Cloudflare DNS is now Online (Ping: 38ms)
[2025-12-19 09:56:08] Status: 2/2 devices online
[2025-12-19 09:57:08] Status: 2/2 devices online
[2025-12-19 09:58:08] Status: 2/2 devices online
[2025-12-19 09:59:08] Status: 2/2 devices online
[2025-12-19 10:00:08] Status: 2/2 devices online
[2025-12-19 10:01:08] Status: 2/2 devices online
[2025-12-19 10:02:08] Status: 2/2 devices online
[2025-12-19 10:03:08] Status: 2/2 devices online
[2025-12-19 10:04:08] Status: 2/2 devices online
[2025-12-19 10:05:08] Status: 2/2 devices online
[2025-12-19 10:06:08] Status: 2/2 devices online
[2025-12-19 10:07:08] Status: 2/2 devices online
[2025-12-19 10:07:10] [2025-12-19 10:07:10] Device Cloudflare DNS is now Offline (Ping: 0ms)
[2025-12-19 10:07:41] [2025-12-19 10:07:41] Device Cloudflare DNS is now Online (Ping: 32ms)
[2025-12-19 10:08:08] Status: 2/2 devices online
[2025-12-19 10:09:08] Status: 2/2 devices online
[2025-12-19 10:10:08] Status: 2/2 devices online
[2025-12-19 10:11:08] Status: 2/2 devices online
[2025-12-19 10:11:44] [2025-12-19 10:11:44] Device Cloudflare DNS is now Offline (Ping: 0ms)
[2025-12-19 10:12:08] Status: 1/2 devices online
[2025-12-19 10:12:14] [2025-12-19 10:12:14] Device Cloudflare DNS is now Online (Ping: 27ms)
[2025-12-19 10:13:08] Status: 2/2 devices online
[2025-12-19 10:14:08] Status: 2/2 devices online
[2025-12-19 10:15:08] Status: 2/2 devices online
[2025-12-19 10:16:08] Status: 2/2 devices online
[2025-12-19 10:17:08] Status: 2/2 devices online
[2025-12-19 10:18:08] Status: 2/2 devices online
[2025-12-19 10:18:49] [2025-12-19 10:18:49] Device Cloudflare DNS is now Offline (Ping: 0ms)
[2025-12-19 10:19:08] Status: 1/2 devices online
[2025-12-19 10:19:19] [2025-12-19 10:19:19] Device Cloudflare DNS is now Online (Ping: 77ms)
[2025-12-19 10:20:08] Status: 2/2 devices online
[2025-12-19 10:21:08] Status: 2/2 devices online
[2025-12-19 10:21:52] [2025-12-19 10:21:52] Device Cloudflare DNS is now Offline (Ping: 0ms)
[2025-12-19 10:22:08] Status: 1/2 devices online
[2025-12-19 10:22:22] [2025-12-19 10:22:22] Device Cloudflare DNS is now Online (Ping: 26ms)
[2025-12-19 10:22:54] [2025-12-19 10:22:54] Device Cloudflare DNS is now Offline (Ping: 0ms)
[2025-12-19 10:23:08] Status: 1/2 devices online
[2025-12-19 10:23:24] [2025-12-19 10:23:24] Device Cloudflare DNS is now Online (Ping: 43ms)
[2025-12-19 10:24:08] Status: 2/2 devices online
[2025-12-19 10:25:08] Status: 2/2 devices online
[2025-12-19 10:26:08] Status: 2/2 devices online
[2025-12-19 10:27:08] Status: 2/2 devices online
[2025-12-19 10:27:27] [2025-12-19 10:27:27] Device Cloudflare DNS is now Offline (Ping: 0ms)
[2025-12-19 10:27:58] [2025-12-19 10:27:58] Device Cloudflare DNS is now Online (Ping: 35ms)
[2025-12-19 10:28:08] Status: 2/2 devices online
[2025-12-19 10:29:08] Status: 2/2 devices online
[2025-12-19 10:30:00] [2025-12-19 10:30:00] Device Cloudflare DNS is now Offline (Ping: 0ms)
[2025-12-19 10:30:08] Status: 1/2 devices online
[2025-12-19 10:30:31] [2025-12-19 10:30:31] Device Cloudflare DNS is now Online (Ping: 31ms)
[2025-12-19 10:31:02] [2025-12-19 10:31:02] Device Cloudflare DNS is now Offline (Ping: 0ms)
[2025-12-19 10:31:08] Status: 1/2 devices online
[2025-12-19 10:31:33] [2025-12-19 10:31:33] Device Cloudflare DNS is now Online (Ping: 41ms)
[2025-12-19 10:32:08] Status: 2/2 devices online
[2025-12-19 10:33:08] Status: 2/2 devices online
[2025-12-19 10:34:08] Status: 2/2 devices online
[2025-12-19 10:35:08] Status: 2/2 devices online
[2025-12-19 10:36:08] Status: 2/2 devices online
[2025-12-19 10:37:08] Status: 2/2 devices online
[2025-12-19 10:38:08] Status: 2/2 devices online
[2025-12-19 10:39:08] Status: 2/2 devices online
[2025-12-19 10:40:08] Status: 2/2 devices online
[2025-12-19 10:41:08] Status: 2/2 devices online
[2025-12-19 10:42:08] Status: 2/2 devices online
[2025-12-19 10:43:08] Status: 2/2 devices online
[2025-12-19 10:43:40] [2025-12-19 10:43:40] Device Cloudflare DNS is now Offline (Ping: 0ms)
[2025-12-19 10:44:08] Status: 1/2 devices online
[2025-12-19 10:44:10] [2025-12-19 10:44:10] Device Cloudflare DNS is now Online (Ping: 84ms)
[2025-12-19 10:44:42] [2025-12-19 10:44:42] Device Cloudflare DNS is now Offline (Ping: 0ms)
[2025-12-19 10:45:08] Status: 1/2 devices online
[2025-12-19 10:45:12] [2025-12-19 10:45:12] Device Cloudflare DNS is now Online (Ping: 36ms)
[2025-12-19 10:46:08] Status: 2/2 devices online
[2025-12-19 10:46:14] [2025-12-19 10:46:14] Device Cloudflare DNS is now Offline (Ping: 0ms)
[2025-12-19 10:46:45] [2025-12-19 10:46:45] Device Cloudflare DNS is now Online (Ping: 29ms)
[2025-12-19 10:47:08] Status: 2/2 devices online
[2025-12-19 10:48:09] Status: 2/2 devices online
[2025-12-19 10:49:09] Status: 2/2 devices online
[2025-12-19 10:49:47] [2025-12-19 10:49:47] Device Cloudflare DNS is now Offline (Ping: 0ms)
[2025-12-19 10:50:09] Status: 1/2 devices online
[2025-12-19 10:50:18] [2025-12-19 10:50:18] Device Cloudflare DNS is now Online (Ping: 33ms)
[2025-12-19 10:50:49] [2025-12-19 10:50:49] Device Cloudflare DNS is now Offline (Ping: 0ms)
[2025-12-19 10:51:09] Status: 1/2 devices online
[2025-12-19 10:51:20] [2025-12-19 10:51:20] Device Cloudflare DNS is now Online (Ping: 27ms)
[2025-12-19 10:52:09] Status: 2/2 devices online
[2025-12-19 10:52:22] [2025-12-19 10:52:22] Device Cloudflare DNS is now Offline (Ping: 0ms)
[2025-12-19 10:52:52] [2025-12-19 10:52:52] Device Cloudflare DNS is now Online (Ping: 27ms)
[2025-12-19 10:53:09] Status: 2/2 devices online
[2025-12-19 10:54:09] Status: 2/2 devices online
[2025-12-19 10:54:55] [2025-12-19 10:54:55] Device Cloudflare DNS is now Offline (Ping: 0ms)
[2025-12-19 10:55:09] Status: 1/2 devices online
[2025-12-19 10:55:25] [2025-12-19 10:55:25] Device Cloudflare DNS is now Online (Ping: 32ms)
[2025-12-19 10:56:09] Status: 2/2 devices online
[2025-12-19 10:57:09] Status: 2/2 devices online
[2025-12-19 10:58:09] Status: 2/2 devices online
[2025-12-19 10:59:09] Status: 2/2 devices online
[2025-12-19 11:00:09] Status: 2/2 devices online
[2025-12-19 11:00:29] [2025-12-19 11:00:29] Device Cloudflare DNS is now Offline (Ping: 0ms)
[2025-12-19 11:00:59] [2025-12-19 11:00:59] Device Cloudflare DNS is now Online (Ping: 29ms)
[2025-12-19 11:01:09] Status: 2/2 devices online
[2025-12-19 11:02:01] [2025-12-19 11:02:01] Device Cloudflare DNS is now Offline (Ping: 0ms)
[2025-12-19 11:02:09] Status: 1/2 devices online
[2025-12-19 11:02:32] [2025-12-19 11:02:32] Device Cloudflare DNS is now Online (Ping: 30ms)
[2025-12-19 11:03:09] Status: 2/2 devices online
[2025-12-19 11:04:09] Status: 2/2 devices online
[2025-12-19 11:05:09] Status: 2/2 devices online
[2025-12-19 11:06:09] Status: 2/2 devices online
[2025-12-19 11:07:09] Status: 2/2 devices online
[2025-12-19 11:08:06] [2025-12-19 11:08:06] Device Cloudflare DNS is now Offline (Ping: 0ms)
[2025-12-19 11:08:09] Status: 1/2 devices online
[2025-12-19 11:08:36] [2025-12-19 11:08:36] Device Cloudflare DNS is now Online (Ping: 42ms)
[2025-12-19 11:09:08] [2025-12-19 11:09:08] Device Cloudflare DNS is now Offline (Ping: 0ms)
[2025-12-19 11:09:09] Status: 1/2 devices online
[2025-12-19 11:09:38] [2025-12-19 11:09:38] Device Cloudflare DNS is now Online (Ping: 47ms)
[2025-12-19 11:10:09] Status: 2/2 devices online
[2025-12-19 11:11:09] Status: 2/2 devices online
[2025-12-19 11:12:09] Status: 2/2 devices online
[2025-12-19 11:13:09] Status: 2/2 devices online
[2025-12-19 11:13:11] [2025-12-19 11:13:11] Device Cloudflare DNS is now Offline (Ping: 0ms)
[2025-12-19 11:13:42] [2025-12-19 11:13:42] Device Cloudflare DNS is now Online (Ping: 44ms)
[2025-12-19 11:14:09] Status: 2/2 devices online
[2025-12-19 11:14:13] [2025-12-19 11:14:13] Device Cloudflare DNS is now Offline (Ping: 0ms)
[2025-12-19 11:14:44] [2025-12-19 11:14:44] Device Cloudflare DNS is now Online (Ping: 30ms)
[2025-12-19 11:15:09] Status: 2/2 devices online
[2025-12-19 11:15:46] [2025-12-19 11:15:46] Device Cloudflare DNS is now Offline (Ping: 0ms)
[2025-12-19 11:16:09] Status: 1/2 devices online
[2025-12-19 11:16:16] [2025-12-19 11:16:16] Device Cloudflare DNS is now Online (Ping: 46ms)
[2025-12-19 11:17:09] Status: 2/2 devices online
[2025-12-19 11:18:09] Status: 2/2 devices online
[2025-12-19 11:18:19] [2025-12-19 11:18:19] Device Cloudflare DNS is now Offline (Ping: 0ms)
[2025-12-19 11:18:49] [2025-12-19 11:18:49] Device Cloudflare DNS is now Online (Ping: 30ms)
[2025-12-19 11:19:09] Status: 2/2 devices online
[2025-12-19 11:20:09] Status: 2/2 devices online
[2025-12-19 11:21:09] Status: 2/2 devices online
[2025-12-19 11:21:52] [2025-12-19 11:21:52] Device Cloudflare DNS is now Offline (Ping: 0ms)
[2025-12-19 11:22:09] Status: 1/2 devices online
[2025-12-19 11:22:23] [2025-12-19 11:22:23] Device Cloudflare DNS is now Online (Ping: 27ms)
[2025-12-19 11:23:09] Status: 2/2 devices online
[2025-12-19 11:24:09] Status: 2/2 devices online
[2025-12-19 11:24:25] [2025-12-19 11:24:25] Device Cloudflare DNS is now Offline (Ping: 0ms)
[2025-12-19 11:24:56] [2025-12-19 11:24:56] Device Cloudflare DNS is now Online (Ping: 40ms)
[2025-12-19 11:25:09] Status: 2/2 devices online
[2025-12-19 11:25:27] [2025-12-19 11:25:27] Device Cloudflare DNS is now Offline (Ping: 0ms)
[2025-12-19 11:25:58] [2025-12-19 11:25:58] Device Cloudflare DNS is now Online (Ping: 32ms)
[2025-12-19 11:26:09] Status: 2/2 devices online
[2025-12-19 11:26:29] [2025-12-19 11:26:29] Device Cloudflare DNS is now Offline (Ping: 0ms)
[2025-12-19 11:27:00] [2025-12-19 11:27:00] Device Cloudflare DNS is now Online (Ping: 30ms)
[2025-12-19 11:27:09] Status: 2/2 devices online
[2025-12-19 11:28:09] Status: 2/2 devices online
[2025-12-19 11:29:09] Status: 2/2 devices online
[2025-12-19 11:30:09] Status: 2/2 devices online
[2025-12-19 11:30:33] [2025-12-19 11:30:33] Device Cloudflare DNS is now Offline (Ping: 0ms)
[2025-12-19 11:31:03] [2025-12-19 11:31:03] Device Cloudflare DNS is now Online (Ping: 31ms)
[2025-12-19 11:31:09] Status: 2/2 devices online
[2025-12-19 11:31:35] [2025-12-19 11:31:35] Device Cloudflare DNS is now Offline (Ping: 0ms)
[2025-12-19 11:32:05] [2025-12-19 11:32:05] Device Cloudflare DNS is now Online (Ping: 28ms)
[2025-12-19 11:32:09] Status: 2/2 devices online
[2025-12-19 11:33:09] Status: 2/2 devices online
[2025-12-19 11:33:37] [2025-12-19 11:33:37] Device Cloudflare DNS is now Offline (Ping: 0ms)
[2025-12-19 11:34:08] [2025-12-19 11:34:08] Device Cloudflare DNS is now Online (Ping: 32ms)
[2025-12-19 11:34:09] Status: 2/2 devices online
[2025-12-19 11:35:09] Status: 2/2 devices online
[2025-12-19 11:35:10] [2025-12-19 11:35:10] Device Cloudflare DNS is now Offline (Ping: 0ms)
[2025-12-19 11:35:40] [2025-12-19 11:35:40] Device Cloudflare DNS is now Online (Ping: 28ms)
[2025-12-19 11:36:09] Status: 2/2 devices online
[2025-12-19 11:36:12] [2025-12-19 11:36:12] Device Cloudflare DNS is now Offline (Ping: 0ms)
[2025-12-19 11:36:42] [2025-12-19 11:36:42] Device Cloudflare DNS is now Online (Ping: 27ms)
[2025-12-19 11:37:09] Status: 2/2 devices online
[2025-12-19 11:37:14] [2025-12-19 11:37:14] Device Cloudflare DNS is now Offline (Ping: 0ms)
[2025-12-19 11:37:44] [2025-12-19 11:37:44] Device Cloudflare DNS is now Online (Ping: 30ms)
[2025-12-19 11:38:09] Status: 2/2 devices online
[2025-12-19 11:39:09] Status: 2/2 devices online
[2025-12-19 11:40:09] Status: 2/2 devices online
[2025-12-19 11:40:47] [2025-12-19 11:40:47] Device Cloudflare DNS is now Offline (Ping: 0ms)
[2025-12-19 11:41:09] Status: 1/2 devices online
[2025-12-19 11:41:18] [2025-12-19 11:41:18] Device Cloudflare DNS is now Online (Ping: 28ms)
[2025-12-19 11:41:49] [2025-12-19 11:41:49] Device Cloudflare DNS is now Offline (Ping: 0ms)
[2025-12-19 11:42:09] Status: 1/2 devices online
[2025-12-19 11:42:20] [2025-12-19 11:42:20] Device Cloudflare DNS is now Online (Ping: 27ms)
[2025-12-19 11:43:09] Status: 2/2 devices online
[2025-12-19 11:43:22] [2025-12-19 11:43:22] Device Cloudflare DNS is now Offline (Ping: 0ms)
[2025-12-19 11:43:52] [2025-12-19 11:43:52] Device Cloudflare DNS is now Online (Ping: 28ms)
[2025-12-19 11:44:09] Status: 2/2 devices online
[2025-12-19 11:45:09] Status: 2/2 devices online
[2025-12-19 11:45:55] [2025-12-19 11:45:55] Device Cloudflare DNS is now Offline (Ping: 0ms)
[2025-12-19 11:46:09] Status: 1/2 devices online
[2025-12-19 11:46:25] [2025-12-19 11:46:25] Device Cloudflare DNS is now Online (Ping: 50ms)
[2025-12-19 11:47:09] Status: 2/2 devices online
[2025-12-19 11:48:09] Status: 2/2 devices online
[2025-12-19 11:48:58] [2025-12-19 11:48:58] Device Cloudflare DNS is now Offline (Ping: 0ms)
[2025-12-19 11:49:09] Status: 1/2 devices online
[2025-12-19 11:49:28] [2025-12-19 11:49:28] Device Cloudflare DNS is now Online (Ping: 31ms)
[2025-12-19 11:50:09] Status: 2/2 devices online
[2025-12-19 11:51:09] Status: 2/2 devices online
[2025-12-19 11:52:09] Status: 2/2 devices online
[2025-12-19 11:53:09] Status: 2/2 devices online
[2025-12-19 11:53:31] [2025-12-19 11:53:31] Device Cloudflare DNS is now Offline (Ping: 0ms)
[2025-12-19 11:54:03] [2025-12-19 11:54:03] Device Cloudflare DNS is now Online (Ping: 1448ms)
[2025-12-19 11:54:09] Status: 2/2 devices online
[2025-12-19 11:54:35] [2025-12-19 11:54:35] Device Cloudflare DNS is now Offline (Ping: 0ms)
[2025-12-19 11:55:05] [2025-12-19 11:55:05] Device Cloudflare DNS is now Online (Ping: 40ms)
[2025-12-19 11:55:09] Status: 2/2 devices online
[2025-12-19 11:56:09] Status: 2/2 devices online
[2025-12-19 11:57:08] [2025-12-19 11:57:08] Device Cloudflare DNS is now Offline (Ping: 0ms)
[2025-12-19 11:57:09] Status: 1/2 devices online
[2025-12-19 11:57:38] [2025-12-19 11:57:38] Device Cloudflare DNS is now Online (Ping: 40ms)
[2025-12-19 11:58:09] Status: 2/2 devices online
[2025-12-19 11:59:09] Status: 2/2 devices online
[2025-12-19 12:00:09] Status: 2/2 devices online
[2025-12-19 12:01:09] Status: 2/2 devices online
[2025-12-19 12:01:11] [2025-12-19 12:01:11] Device Cloudflare DNS is now Offline (Ping: 0ms)
[2025-12-19 12:01:42] [2025-12-19 12:01:42] Device Cloudflare DNS is now Online (Ping: 36ms)
[2025-12-19 12:02:09] Status: 2/2 devices online
[2025-12-19 12:02:13] [2025-12-19 12:02:13] Device Cloudflare DNS is now Offline (Ping: 0ms)
[2025-12-19 12:02:44] [2025-12-19 12:02:44] Device Cloudflare DNS is now Online (Ping: 29ms)
[2025-12-19 12:03:09] Status: 2/2 devices online
[2025-12-19 12:04:09] Status: 2/2 devices online
[2025-12-19 12:05:09] Status: 2/2 devices online
[2025-12-19 12:05:16] [2025-12-19 12:05:16] Device Cloudflare DNS is now Offline (Ping: 0ms)
[2025-12-19 12:05:47] [2025-12-19 12:05:47] Device Cloudflare DNS is now Online (Ping: 30ms)
[2025-12-19 12:06:09] Status: 2/2 devices online
[2025-12-19 12:07:09] Status: 2/2 devices online
[2025-12-19 12:07:19] [2025-12-19 12:07:19] Device Cloudflare DNS is now Offline (Ping: 0ms)
[2025-12-19 12:07:49] [2025-12-19 12:07:49] Device Cloudflare DNS is now Online (Ping: 29ms)
[2025-12-19 12:08:09] Status: 2/2 devices online
[2025-12-19 12:09:09] Status: 2/2 devices online
[2025-12-19 12:09:21] [2025-12-19 12:09:21] Device Cloudflare DNS is now Offline (Ping: 0ms)
[2025-12-19 12:09:52] [2025-12-19 12:09:52] Device Cloudflare DNS is now Online (Ping: 69ms)
[2025-12-19 12:10:09] Status: 2/2 devices online
[2025-12-19 12:11:09] Status: 2/2 devices online
[2025-12-19 12:12:09] Status: 2/2 devices online
[2025-12-19 12:13:09] Status: 2/2 devices online
[2025-12-19 12:14:09] Status: 2/2 devices online
[2025-12-19 12:15:09] Status: 2/2 devices online
[2025-12-19 12:16:09] Status: 2/2 devices online
[2025-12-19 12:17:09] Status: 2/2 devices online
[2025-12-19 12:18:09] Status: 2/2 devices online
[2025-12-19 12:18:27] [2025-12-19 12:18:27] Device Cloudflare DNS is now Offline (Ping: 0ms)
[2025-12-19 12:18:58] [2025-12-19 12:18:58] Device Cloudflare DNS is now Online (Ping: 47ms)
[2025-12-19 12:19:09] Status: 2/2 devices online
[2025-12-19 12:19:29] [2025-12-19 12:19:29] Device Cloudflare DNS is now Offline (Ping: 0ms)
[2025-12-19 12:20:00] [2025-12-19 12:20:00] Device Cloudflare DNS is now Online (Ping: 44ms)
[2025-12-19 12:20:09] Status: 2/2 devices online
[2025-12-19 12:20:31] [2025-12-19 12:20:31] Device Cloudflare DNS is now Offline (Ping: 0ms)
[2025-12-19 12:21:02] [2025-12-19 12:21:02] Device Cloudflare DNS is now Online (Ping: 65ms)
[2025-12-19 12:21:09] Status: 2/2 devices online
[2025-12-19 12:21:33] [2025-12-19 12:21:33] Device Cloudflare DNS is now Offline (Ping: 0ms)
[2025-12-19 12:22:04] [2025-12-19 12:22:04] Device Cloudflare DNS is now Online (Ping: 43ms)
[2025-12-19 12:22:09] Status: 2/2 devices online
[2025-12-19 12:23:06] [2025-12-19 12:23:06] Device Cloudflare DNS is now Offline (Ping: 0ms)
[2025-12-19 12:23:09] Status: 1/2 devices online
[2025-12-19 12:23:36] [2025-12-19 12:23:36] Device Cloudflare DNS is now Online (Ping: 29ms)
[2025-12-19 12:24:09] Status: 2/2 devices online
[2025-12-19 12:25:09] Status: 2/2 devices online
[2025-12-19 12:26:09] Status: 2/2 devices online
[2025-12-19 12:27:09] Status: 2/2 devices online
[2025-12-19 12:28:09] Status: 2/2 devices online
[2025-12-19 12:29:09] Status: 2/2 devices online
[2025-12-19 12:30:09] Status: 2/2 devices online
[2025-12-19 12:30:41] [2025-12-19 12:30:41] Device Cloudflare DNS is now Offline (Ping: 0ms)
[2025-12-19 12:31:09] Status: 1/2 devices online
[2025-12-19 12:31:11] [2025-12-19 12:31:11] Device Cloudflare DNS is now Online (Ping: 32ms)
[2025-12-19 12:32:09] Status: 2/2 devices online
[2025-12-19 12:32:13] [2025-12-19 12:32:13] Device Cloudflare DNS is now Offline (Ping: 0ms)
[2025-12-19 12:32:44] [2025-12-19 12:32:44] Device Cloudflare DNS is now Online (Ping: 44ms)
[2025-12-19 12:33:09] Status: 2/2 devices online
[2025-12-19 12:34:09] Status: 2/2 devices online
[2025-12-19 12:34:16] [2025-12-19 12:34:16] Device Cloudflare DNS is now Offline (Ping: 0ms)
[2025-12-19 12:34:46] [2025-12-19 12:34:46] Device Cloudflare DNS is now Online (Ping: 44ms)
[2025-12-19 12:35:09] Status: 2/2 devices online
[2025-12-19 12:36:09] Status: 2/2 devices online
[2025-12-19 12:36:18] [2025-12-19 12:36:18] Device Cloudflare DNS is now Offline (Ping: 0ms)
[2025-12-19 12:36:49] [2025-12-19 12:36:49] Device Cloudflare DNS is now Online (Ping: 87ms)
[2025-12-19 12:37:10] Status: 2/2 devices online
[2025-12-19 12:38:10] Status: 2/2 devices online
[2025-12-19 12:39:10] Status: 2/2 devices online
[2025-12-19 12:39:21] [2025-12-19 12:39:21] Device Cloudflare DNS is now Offline (Ping: 0ms)
[2025-12-19 12:39:52] [2025-12-19 12:39:52] Device Cloudflare DNS is now Online (Ping: 30ms)
[2025-12-19 12:40:10] Status: 2/2 devices online
[2025-12-19 12:40:54] [2025-12-19 12:40:54] Device Cloudflare DNS is now Offline (Ping: 0ms)
[2025-12-19 12:41:10] Status: 1/2 devices online
[2025-12-19 12:41:24] [2025-12-19 12:41:24] Device Cloudflare DNS is now Online (Ping: 70ms)
[2025-12-19 12:42:10] Status: 2/2 devices online
[2025-12-19 12:43:10] Status: 2/2 devices online
[2025-12-19 12:44:10] Status: 2/2 devices online
[2025-12-19 12:45:10] Status: 2/2 devices online
[2025-12-19 12:46:10] Status: 2/2 devices online
[2025-12-19 12:47:10] Status: 2/2 devices online
[2025-12-19 12:47:59] [2025-12-19 12:47:59] Device Cloudflare DNS is now Offline (Ping: 0ms)
[2025-12-19 12:48:10] Status: 1/2 devices online
[2025-12-19 12:48:29] [2025-12-19 12:48:29] Device Cloudflare DNS is now Online (Ping: 31ms)
[2025-12-19 12:49:10] Status: 2/2 devices online
[2025-12-19 12:50:10] Status: 2/2 devices online
[2025-12-19 12:51:10] Status: 2/2 devices online
[2025-12-19 12:51:32] [2025-12-19 12:51:32] Device Cloudflare DNS is now Offline (Ping: 0ms)
[2025-12-19 12:52:03] [2025-12-19 12:52:03] Device Cloudflare DNS is now Online (Ping: 41ms)
[2025-12-19 12:52:10] Status: 2/2 devices online
[2025-12-19 12:52:34] [2025-12-19 12:52:34] Device Cloudflare DNS is now Offline (Ping: 0ms)
[2025-12-19 12:53:05] [2025-12-19 12:53:05] Device Cloudflare DNS is now Online (Ping: 37ms)
[2025-12-19 12:53:10] Status: 2/2 devices online
[2025-12-19 12:54:10] Status: 2/2 devices online
[2025-12-19 12:55:10] Status: 2/2 devices online
[2025-12-19 12:56:08] [2025-12-19 12:56:08] Device Cloudflare DNS is now Offline (Ping: 0ms)
[2025-12-19 12:56:10] Status: 1/2 devices online
[2025-12-19 12:56:38] [2025-12-19 12:56:38] Device Cloudflare DNS is now Online (Ping: 52ms)
[2025-12-19 12:57:10] Status: 2/2 devices online
[2025-12-19 12:57:10] [2025-12-19 12:57:10] Device Cloudflare DNS is now Offline (Ping: 0ms)
[2025-12-19 12:57:40] [2025-12-19 12:57:40] Device Cloudflare DNS is now Online (Ping: 42ms)
[2025-12-19 12:58:10] Status: 2/2 devices online
[2025-12-19 12:59:10] Status: 2/2 devices online
[2025-12-19 13:00:10] Status: 2/2 devices online
[2025-12-19 13:00:43] [2025-12-19 13:00:43] Device Cloudflare DNS is now Offline (Ping: 0ms)
[2025-12-19 13:01:10] Status: 1/2 devices online
[2025-12-19 13:01:14] [2025-12-19 13:01:14] Device Cloudflare DNS is now Online (Ping: 49ms)
[2025-12-19 13:02:10] Status: 2/2 devices online
[2025-12-19 13:03:10] Status: 2/2 devices online
[2025-12-19 13:03:16] [2025-12-19 13:03:16] Device Cloudflare DNS is now Offline (Ping: 0ms)
[2025-12-19 13:03:47] [2025-12-19 13:03:47] Device Cloudflare DNS is now Online (Ping: 38ms)
[2025-12-19 13:04:10] Status: 2/2 devices online
[2025-12-19 13:05:10] Status: 2/2 devices online
[2025-12-19 13:06:10] Status: 2/2 devices online
[2025-12-19 13:06:50] [2025-12-19 13:06:50] Device Cloudflare DNS is now Offline (Ping: 0ms)
[2025-12-19 13:07:10] Status: 1/2 devices online
[2025-12-19 13:07:20] [2025-12-19 13:07:20] Device Cloudflare DNS is now Online (Ping: 43ms)
[2025-12-19 13:08:10] Status: 2/2 devices online
[2025-12-19 13:09:10] Status: 2/2 devices online
[2025-12-19 13:09:23] [2025-12-19 13:09:23] Device Cloudflare DNS is now Offline (Ping: 0ms)
[2025-12-19 13:09:53] [2025-12-19 13:09:53] Device Cloudflare DNS is now Online (Ping: 41ms)
[2025-12-19 13:10:10] Status: 2/2 devices online
[2025-12-19 13:11:10] Status: 2/2 devices online
[2025-12-19 13:12:10] Status: 2/2 devices online
[2025-12-19 13:13:10] Status: 2/2 devices online
[2025-12-19 13:14:10] Status: 2/2 devices online
[2025-12-19 13:15:10] Status: 2/2 devices online
[2025-12-19 13:16:10] Status: 2/2 devices online
[2025-12-19 13:16:28] [2025-12-19 13:16:28] Device Cloudflare DNS is now Offline (Ping: 0ms)
[2025-12-19 13:16:58] [2025-12-19 13:16:58] Device Cloudflare DNS is now Online (Ping: 40ms)
[2025-12-19 13:17:10] Status: 2/2 devices online
[2025-12-19 13:17:30] [2025-12-19 13:17:30] Device Cloudflare DNS is now Offline (Ping: 0ms)
[2025-12-19 13:18:00] [2025-12-19 13:18:00] Device Cloudflare DNS is now Online (Ping: 31ms)
[2025-12-19 13:18:10] Status: 2/2 devices online
[2025-12-19 13:18:32] [2025-12-19 13:18:32] Device Cloudflare DNS is now Offline (Ping: 0ms)
[2025-12-19 13:19:02] [2025-12-19 13:19:02] Device Cloudflare DNS is now Online (Ping: 53ms)
[2025-12-19 13:19:10] Status: 2/2 devices online
[2025-12-19 13:19:34] [2025-12-19 13:19:34] Device Cloudflare DNS is now Offline (Ping: 0ms)
[2025-12-19 13:20:04] [2025-12-19 13:20:04] Device Cloudflare DNS is now Online (Ping: 33ms)
[2025-12-19 13:20:10] Status: 2/2 devices online
[2025-12-19 13:21:10] Status: 2/2 devices online
[2025-12-19 13:22:10] Status: 2/2 devices online
[2025-12-19 13:23:10] Status: 2/2 devices online
[2025-12-19 13:24:08] [2025-12-19 13:24:08] Device Cloudflare DNS is now Offline (Ping: 0ms)
[2025-12-19 13:24:10] Status: 1/2 devices online
[2025-12-19 13:24:38] [2025-12-19 13:24:38] Device Cloudflare DNS is now Online (Ping: 58ms)
[2025-12-19 13:25:10] Status: 2/2 devices online
[2025-12-19 13:25:40] [2025-12-19 13:25:40] Device Cloudflare DNS is now Offline (Ping: 0ms)
[2025-12-19 13:26:10] Status: 1/2 devices online
[2025-12-19 13:26:11] [2025-12-19 13:26:11] Device Cloudflare DNS is now Online (Ping: 32ms)
[2025-12-21 08:30:23] [2025-12-21 08:30:23] Error pinging Google DNS (8.8.8.8): An exception occurred during a Ping request.
[2025-12-21 08:30:23] [2025-12-21 08:30:23] Device Google DNS is now Offline (Ping: 0ms)
[2025-12-21 08:30:23] [2025-12-21 08:30:23] Error pinging Cloudflare DNS (1.1.1.1): An exception occurred during a Ping request.
[2025-12-21 08:30:23] [2025-12-21 08:30:23] Device Cloudflare DNS is now Offline (Ping: 0ms)
[2025-12-21 08:30:53] Status: 0/2 devices online
[2025-12-21 08:30:54] [2025-12-21 08:30:54] Error pinging Google DNS (8.8.8.8): An exception occurred during a Ping request.
[2025-12-21 08:30:54] [2025-12-21 08:30:54] Error pinging Cloudflare DNS (1.1.1.1): An exception occurred during a Ping request.
[2025-12-21 08:31:24] [2025-12-21 08:31:24] Error pinging Google DNS (8.8.8.8): An exception occurred during a Ping request.
[2025-12-21 08:31:24] [2025-12-21 08:31:24] Error pinging Cloudflare DNS (1.1.1.1): An exception occurred during a Ping request.
[2025-12-21 08:31:53] Status: 0/2 devices online
[2025-12-21 08:31:54] [2025-12-21 08:31:54] Error pinging Google DNS (8.8.8.8): An exception occurred during a Ping request.
[2025-12-21 08:31:54] [2025-12-21 08:31:54] Error pinging Cloudflare DNS (1.1.1.1): An exception occurred during a Ping request.
[2025-12-21 08:32:24] [2025-12-21 08:32:24] Error pinging Google DNS (8.8.8.8): An exception occurred during a Ping request.
[2025-12-21 08:32:24] [2025-12-21 08:32:24] Error pinging Cloudflare DNS (1.1.1.1): An exception occurred during a Ping request.
[2025-12-21 08:32:53] Status: 0/2 devices online
[2025-12-21 08:32:55] [2025-12-21 08:32:55] Error pinging Google DNS (8.8.8.8): An exception occurred during a Ping request.
[2025-12-21 08:32:55] [2025-12-21 08:32:55] Error pinging Cloudflare DNS (1.1.1.1): An exception occurred during a Ping request.
[2025-12-21 08:33:25] [2025-12-21 08:33:25] Error pinging Google DNS (8.8.8.8): An exception occurred during a Ping request.
[2025-12-21 08:33:25] [2025-12-21 08:33:25] Error pinging Cloudflare DNS (1.1.1.1): An exception occurred during a Ping request.
[2025-12-21 08:33:53] Status: 0/2 devices online
[2025-12-21 08:33:55] [2025-12-21 08:33:55] Error pinging Google DNS (8.8.8.8): An exception occurred during a Ping request.
[2025-12-21 08:33:55] [2025-12-21 08:33:55] Error pinging Cloudflare DNS (1.1.1.1): An exception occurred during a Ping request.
[2025-12-21 08:34:25] [2025-12-21 08:34:25] Error pinging Google DNS (8.8.8.8): An exception occurred during a Ping request.
[2025-12-21 08:34:25] [2025-12-21 08:34:25] Error pinging Cloudflare DNS (1.1.1.1): An exception occurred during a Ping request.
[2025-12-21 08:34:53] Status: 0/2 devices online
[2025-12-21 08:34:56] [2025-12-21 08:34:56] Error pinging Google DNS (8.8.8.8): An exception occurred during a Ping request.
[2025-12-21 08:34:56] [2025-12-21 08:34:56] Error pinging Cloudflare DNS (1.1.1.1): An exception occurred during a Ping request.
[2025-12-21 08:35:26] [2025-12-21 08:35:26] Error pinging Google DNS (8.8.8.8): An exception occurred during a Ping request.
[2025-12-21 08:35:26] [2025-12-21 08:35:26] Error pinging Cloudflare DNS (1.1.1.1): An exception occurred during a Ping request.
[2025-12-21 08:35:53] Status: 0/2 devices online
[2025-12-21 08:35:56] [2025-12-21 08:35:56] Error pinging Google DNS (8.8.8.8): An exception occurred during a Ping request.
[2025-12-21 08:35:56] [2025-12-21 08:35:56] Error pinging Cloudflare DNS (1.1.1.1): An exception occurred during a Ping request.
[2025-12-21 08:36:26] [2025-12-21 08:36:26] Error pinging Google DNS (8.8.8.8): An exception occurred during a Ping request.
[2025-12-21 08:36:26] [2025-12-21 08:36:26] Error pinging Cloudflare DNS (1.1.1.1): An exception occurred during a Ping request.
[2025-12-21 08:36:53] Status: 0/2 devices online
[2025-12-21 08:36:56] [2025-12-21 08:36:56] Error pinging Google DNS (8.8.8.8): An exception occurred during a Ping request.
[2025-12-21 08:36:57] [2025-12-21 08:36:57] Error pinging Cloudflare DNS (1.1.1.1): An exception occurred during a Ping request.
[2025-12-21 08:37:27] [2025-12-21 08:37:27] Error pinging Google DNS (8.8.8.8): An exception occurred during a Ping request.
[2025-12-21 08:37:27] [2025-12-21 08:37:27] Error pinging Cloudflare DNS (1.1.1.1): An exception occurred during a Ping request.
[2025-12-21 08:37:53] Status: 0/2 devices online
[2025-12-21 08:37:57] [2025-12-21 08:37:57] Error pinging Google DNS (8.8.8.8): An exception occurred during a Ping request.
[2025-12-21 08:37:57] [2025-12-21 08:37:57] Error pinging Cloudflare DNS (1.1.1.1): An exception occurred during a Ping request.
[2025-12-21 08:38:27] [2025-12-21 08:38:27] Error pinging Google DNS (8.8.8.8): An exception occurred during a Ping request.
[2025-12-21 08:38:27] [2025-12-21 08:38:27] Error pinging Cloudflare DNS (1.1.1.1): An exception occurred during a Ping request.
[2025-12-21 08:38:53] Status: 0/2 devices online
[2025-12-21 08:38:57] [2025-12-21 08:38:57] Error pinging Google DNS (8.8.8.8): An exception occurred during a Ping request.
[2025-12-21 08:38:58] [2025-12-21 08:38:58] Error pinging Cloudflare DNS (1.1.1.1): An exception occurred during a Ping request.
[2025-12-21 08:39:28] [2025-12-21 08:39:28] Error pinging Google DNS (8.8.8.8): An exception occurred during a Ping request.
[2025-12-21 08:39:28] [2025-12-21 08:39:28] Error pinging Cloudflare DNS (1.1.1.1): An exception occurred during a Ping request.
[2025-12-21 08:39:53] Status: 0/2 devices online
[2025-12-21 08:39:58] [2025-12-21 08:39:58] Error pinging Google DNS (8.8.8.8): An exception occurred during a Ping request.
[2025-12-21 08:39:58] [2025-12-21 08:39:58] Error pinging Cloudflare DNS (1.1.1.1): An exception occurred during a Ping request.
[2025-12-21 08:40:28] [2025-12-21 08:40:28] Error pinging Google DNS (8.8.8.8): An exception occurred during a Ping request.
[2025-12-21 08:40:28] [2025-12-21 08:40:28] Error pinging Cloudflare DNS (1.1.1.1): An exception occurred during a Ping request.
[2025-12-21 08:40:53] Status: 0/2 devices online
[2025-12-21 08:40:58] [2025-12-21 08:40:58] Error pinging Google DNS (8.8.8.8): An exception occurred during a Ping request.
[2025-12-21 08:40:59] [2025-12-21 08:40:59] Error pinging Cloudflare DNS (1.1.1.1): An exception occurred during a Ping request.
[2025-12-21 08:41:29] [2025-12-21 08:41:29] Error pinging Google DNS (8.8.8.8): An exception occurred during a Ping request.
[2025-12-21 08:41:29] [2025-12-21 08:41:29] Error pinging Cloudflare DNS (1.1.1.1): An exception occurred during a Ping request.
[2025-12-21 08:41:53] Status: 0/2 devices online
[2025-12-21 08:41:59] [2025-12-21 08:41:59] Error pinging Google DNS (8.8.8.8): An exception occurred during a Ping request.
[2025-12-21 08:41:59] [2025-12-21 08:41:59] Error pinging Cloudflare DNS (1.1.1.1): An exception occurred during a Ping request.
[2025-12-21 08:42:29] [2025-12-21 08:42:29] Error pinging Google DNS (8.8.8.8): An exception occurred during a Ping request.
[2025-12-21 08:42:29] [2025-12-21 08:42:29] Error pinging Cloudflare DNS (1.1.1.1): An exception occurred during a Ping request.
[2025-12-21 08:42:53] Status: 0/2 devices online
[2025-12-21 08:42:59] [2025-12-21 08:42:59] Error pinging Google DNS (8.8.8.8): An exception occurred during a Ping request.
[2025-12-21 08:43:00] [2025-12-21 08:43:00] Error pinging Cloudflare DNS (1.1.1.1): An exception occurred during a Ping request.
[2025-12-21 08:43:30] [2025-12-21 08:43:30] Error pinging Google DNS (8.8.8.8): An exception occurred during a Ping request.
[2025-12-21 08:43:30] [2025-12-21 08:43:30] Error pinging Cloudflare DNS (1.1.1.1): An exception occurred during a Ping request.
[2025-12-21 08:43:53] Status: 0/2 devices online
[2025-12-21 08:44:00] [2025-12-21 08:44:00] Error pinging Google DNS (8.8.8.8): An exception occurred during a Ping request.
[2025-12-21 08:44:00] [2025-12-21 08:44:00] Error pinging Cloudflare DNS (1.1.1.1): An exception occurred during a Ping request.
[2025-12-21 08:44:30] [2025-12-21 08:44:30] Error pinging Google DNS (8.8.8.8): An exception occurred during a Ping request.
[2025-12-21 08:44:30] [2025-12-21 08:44:30] Error pinging Cloudflare DNS (1.1.1.1): An exception occurred during a Ping request.
[2025-12-21 08:44:53] Status: 0/2 devices online
[2025-12-21 08:45:00] [2025-12-21 08:45:00] Error pinging Google DNS (8.8.8.8): An exception occurred during a Ping request.
[2025-12-21 08:45:00] [2025-12-21 08:45:00] Error pinging Cloudflare DNS (1.1.1.1): An exception occurred during a Ping request.
[2025-12-21 08:45:31] [2025-12-21 08:45:31] Error pinging Google DNS (8.8.8.8): An exception occurred during a Ping request.
[2025-12-21 08:45:31] [2025-12-21 08:45:31] Error pinging Cloudflare DNS (1.1.1.1): An exception occurred during a Ping request.
[2025-12-21 08:45:53] Status: 0/2 devices online
[2025-12-21 08:46:01] [2025-12-21 08:46:01] Error pinging Google DNS (8.8.8.8): An exception occurred during a Ping request.
[2025-12-21 08:46:01] [2025-12-21 08:46:01] Error pinging Cloudflare DNS (1.1.1.1): An exception occurred during a Ping request.
[2025-12-21 08:46:31] [2025-12-21 08:46:31] Error pinging Google DNS (8.8.8.8): An exception occurred during a Ping request.
[2025-12-21 08:46:31] [2025-12-21 08:46:31] Error pinging Cloudflare DNS (1.1.1.1): An exception occurred during a Ping request.
[2025-12-21 08:46:53] Status: 0/2 devices online
[2025-12-21 08:47:01] [2025-12-21 08:47:01] Error pinging Google DNS (8.8.8.8): An exception occurred during a Ping request.
[2025-12-21 08:47:01] [2025-12-21 08:47:01] Error pinging Cloudflare DNS (1.1.1.1): An exception occurred during a Ping request.
[2025-12-21 08:47:32] [2025-12-21 08:47:32] Error pinging Google DNS (8.8.8.8): An exception occurred during a Ping request.
[2025-12-21 08:47:32] [2025-12-21 08:47:32] Error pinging Cloudflare DNS (1.1.1.1): An exception occurred during a Ping request.
[2025-12-21 08:47:53] Status: 0/2 devices online
[2025-12-21 08:48:02] [2025-12-21 08:48:02] Error pinging Google DNS (8.8.8.8): An exception occurred during a Ping request.
[2025-12-21 08:48:02] [2025-12-21 08:48:02] Error pinging Cloudflare DNS (1.1.1.1): An exception occurred during a Ping request.
[2025-12-21 08:48:32] [2025-12-21 08:48:32] Error pinging Google DNS (8.8.8.8): An exception occurred during a Ping request.
[2025-12-21 08:48:32] [2025-12-21 08:48:32] Error pinging Cloudflare DNS (1.1.1.1): An exception occurred during a Ping request.
[2025-12-21 08:48:53] Status: 0/2 devices online
[2025-12-21 08:49:02] [2025-12-21 08:49:02] Error pinging Google DNS (8.8.8.8): An exception occurred during a Ping request.
[2025-12-21 08:49:02] [2025-12-21 08:49:02] Error pinging Cloudflare DNS (1.1.1.1): An exception occurred during a Ping request.
[2025-12-21 08:49:33] [2025-12-21 08:49:33] Error pinging Google DNS (8.8.8.8): An exception occurred during a Ping request.
[2025-12-21 08:49:33] [2025-12-21 08:49:33] Error pinging Cloudflare DNS (1.1.1.1): An exception occurred during a Ping request.
[2025-12-21 08:49:53] Status: 0/2 devices online
[2025-12-21 08:50:03] [2025-12-21 08:50:03] Error pinging Google DNS (8.8.8.8): An exception occurred during a Ping request.
[2025-12-21 08:50:03] [2025-12-21 08:50:03] Error pinging Cloudflare DNS (1.1.1.1): An exception occurred during a Ping request.
[2025-12-21 08:50:33] [2025-12-21 08:50:33] Error pinging Google DNS (8.8.8.8): An exception occurred during a Ping request.
[2025-12-21 08:50:33] [2025-12-21 08:50:33] Error pinging Cloudflare DNS (1.1.1.1): An exception occurred during a Ping request.
[2025-12-21 08:50:53] Status: 0/2 devices online
[2025-12-21 08:51:03] [2025-12-21 08:51:03] Error pinging Google DNS (8.8.8.8): An exception occurred during a Ping request.
[2025-12-21 08:51:03] [2025-12-21 08:51:03] Error pinging Cloudflare DNS (1.1.1.1): An exception occurred during a Ping request.
[2025-12-21 08:51:34] [2025-12-21 08:51:34] Error pinging Google DNS (8.8.8.8): An exception occurred during a Ping request.
[2025-12-21 08:51:34] [2025-12-21 08:51:34] Error pinging Cloudflare DNS (1.1.1.1): An exception occurred during a Ping request.
[2025-12-21 08:51:53] Status: 0/2 devices online
[2025-12-21 08:52:04] [2025-12-21 08:52:04] Error pinging Google DNS (8.8.8.8): An exception occurred during a Ping request.
[2025-12-21 08:52:04] [2025-12-21 08:52:04] Error pinging Cloudflare DNS (1.1.1.1): An exception occurred during a Ping request.
[2025-12-21 08:52:34] [2025-12-21 08:52:34] Error pinging Google DNS (8.8.8.8): An exception occurred during a Ping request.
[2025-12-21 08:52:34] [2025-12-21 08:52:34] Error pinging Cloudflare DNS (1.1.1.1): An exception occurred during a Ping request.
[2025-12-21 08:52:53] Status: 0/2 devices online
[2025-12-21 08:53:04] [2025-12-21 08:53:04] Error pinging Google DNS (8.8.8.8): An exception occurred during a Ping request.
[2025-12-21 08:53:04] [2025-12-21 08:53:04] Error pinging Cloudflare DNS (1.1.1.1): An exception occurred during a Ping request.
[2025-12-21 08:53:35] [2025-12-21 08:53:35] Error pinging Google DNS (8.8.8.8): An exception occurred during a Ping request.
[2025-12-21 08:53:35] [2025-12-21 08:53:35] Error pinging Cloudflare DNS (1.1.1.1): An exception occurred during a Ping request.
[2025-12-21 08:53:53] Status: 0/2 devices online
[2025-12-21 08:54:05] [2025-12-21 08:54:05] Error pinging Google DNS (8.8.8.8): An exception occurred during a Ping request.
[2025-12-21 08:54:05] [2025-12-21 08:54:05] Error pinging Cloudflare DNS (1.1.1.1): An exception occurred during a Ping request.
[2025-12-21 08:54:35] [2025-12-21 08:54:35] Error pinging Google DNS (8.8.8.8): An exception occurred during a Ping request.
[2025-12-21 08:54:35] [2025-12-21 08:54:35] Error pinging Cloudflare DNS (1.1.1.1): An exception occurred during a Ping request.
[2025-12-21 08:54:53] Status: 0/2 devices online
[2025-12-21 08:55:05] [2025-12-21 08:55:05] Error pinging Google DNS (8.8.8.8): An exception occurred during a Ping request.
[2025-12-21 08:55:05] [2025-12-21 08:55:05] Error pinging Cloudflare DNS (1.1.1.1): An exception occurred during a Ping request.
[2025-12-21 08:55:35] [2025-12-21 08:55:35] Error pinging Google DNS (8.8.8.8): An exception occurred during a Ping request.
[2025-12-21 08:55:36] [2025-12-21 08:55:36] Error pinging Cloudflare DNS (1.1.1.1): An exception occurred during a Ping request.
[2025-12-21 08:55:53] Status: 0/2 devices online
[2025-12-21 08:56:06] [2025-12-21 08:56:06] Error pinging Google DNS (8.8.8.8): An exception occurred during a Ping request.
[2025-12-21 08:56:06] [2025-12-21 08:56:06] Error pinging Cloudflare DNS (1.1.1.1): An exception occurred during a Ping request.
[2025-12-21 08:56:36] [2025-12-21 08:56:36] Error pinging Google DNS (8.8.8.8): An exception occurred during a Ping request.
[2025-12-21 08:56:36] [2025-12-21 08:56:36] Error pinging Cloudflare DNS (1.1.1.1): An exception occurred during a Ping request.
[2025-12-21 08:56:53] Status: 0/2 devices online
[2025-12-21 08:57:06] [2025-12-21 08:57:06] Error pinging Google DNS (8.8.8.8): An exception occurred during a Ping request.
[2025-12-21 08:57:06] [2025-12-21 08:57:06] Error pinging Cloudflare DNS (1.1.1.1): An exception occurred during a Ping request.
[2025-12-21 08:57:36] [2025-12-21 08:57:36] Error pinging Google DNS (8.8.8.8): An exception occurred during a Ping request.
[2025-12-21 08:57:37] [2025-12-21 08:57:37] Error pinging Cloudflare DNS (1.1.1.1): An exception occurred during a Ping request.
[2025-12-21 08:57:53] Status: 0/2 devices online
[2025-12-21 08:58:07] [2025-12-21 08:58:07] Error pinging Google DNS (8.8.8.8): An exception occurred during a Ping request.
[2025-12-21 08:58:07] [2025-12-21 08:58:07] Error pinging Cloudflare DNS (1.1.1.1): An exception occurred during a Ping request.
[2025-12-21 08:58:37] [2025-12-21 08:58:37] Error pinging Google DNS (8.8.8.8): An exception occurred during a Ping request.
[2025-12-21 08:58:37] [2025-12-21 08:58:37] Error pinging Cloudflare DNS (1.1.1.1): An exception occurred during a Ping request.
[2025-12-21 08:58:53] Status: 0/2 devices online
[2025-12-21 08:59:07] [2025-12-21 08:59:07] Error pinging Google DNS (8.8.8.8): An exception occurred during a Ping request.
[2025-12-21 08:59:07] [2025-12-21 08:59:07] Error pinging Cloudflare DNS (1.1.1.1): An exception occurred during a Ping request.
[2025-12-21 08:59:37] [2025-12-21 08:59:37] Error pinging Google DNS (8.8.8.8): An exception occurred during a Ping request.
[2025-12-21 08:59:38] [2025-12-21 08:59:38] Error pinging Cloudflare DNS (1.1.1.1): An exception occurred during a Ping request.
[2025-12-21 08:59:53] Status: 0/2 devices online
[2025-12-21 09:00:08] [2025-12-21 09:00:08] Error pinging Google DNS (8.8.8.8): An exception occurred during a Ping request.
[2025-12-21 09:00:08] [2025-12-21 09:00:08] Error pinging Cloudflare DNS (1.1.1.1): An exception occurred during a Ping request.
[2025-12-21 09:00:38] [2025-12-21 09:00:38] Error pinging Google DNS (8.8.8.8): An exception occurred during a Ping request.
[2025-12-21 09:00:38] [2025-12-21 09:00:38] Error pinging Cloudflare DNS (1.1.1.1): An exception occurred during a Ping request.
[2025-12-21 09:00:53] Status: 0/2 devices online
[2025-12-21 09:01:08] [2025-12-21 09:01:08] Error pinging Google DNS (8.8.8.8): An exception occurred during a Ping request.
[2025-12-21 09:01:08] [2025-12-21 09:01:08] Error pinging Cloudflare DNS (1.1.1.1): An exception occurred during a Ping request.
[2025-12-21 09:01:38] [2025-12-21 09:01:38] Error pinging Google DNS (8.8.8.8): An exception occurred during a Ping request.
[2025-12-21 09:01:39] [2025-12-21 09:01:39] Error pinging Cloudflare DNS (1.1.1.1): An exception occurred during a Ping request.
[2025-12-21 09:01:53] Status: 0/2 devices online
[2025-12-21 09:02:09] [2025-12-21 09:02:09] Error pinging Google DNS (8.8.8.8): An exception occurred during a Ping request.
[2025-12-21 09:02:09] [2025-12-21 09:02:09] Error pinging Cloudflare DNS (1.1.1.1): An exception occurred during a Ping request.
[2025-12-21 09:02:39] [2025-12-21 09:02:39] Error pinging Google DNS (8.8.8.8): An exception occurred during a Ping request.
[2025-12-21 09:02:39] [2025-12-21 09:02:39] Error pinging Cloudflare DNS (1.1.1.1): An exception occurred during a Ping request.
[2025-12-21 09:02:53] Status: 0/2 devices online
[2025-12-21 09:03:09] [2025-12-21 09:03:09] Error pinging Google DNS (8.8.8.8): An exception occurred during a Ping request.
[2025-12-21 09:03:09] [2025-12-21 09:03:09] Error pinging Cloudflare DNS (1.1.1.1): An exception occurred during a Ping request.
[2025-12-21 09:03:39] [2025-12-21 09:03:39] Error pinging Google DNS (8.8.8.8): An exception occurred during a Ping request.
[2025-12-21 09:03:39] [2025-12-21 09:03:39] Error pinging Cloudflare DNS (1.1.1.1): An exception occurred during a Ping request.
[2025-12-21 09:03:53] Status: 0/2 devices online
[2025-12-21 09:04:10] [2025-12-21 09:04:10] Error pinging Google DNS (8.8.8.8): An exception occurred during a Ping request.
[2025-12-21 09:04:10] [2025-12-21 09:04:10] Error pinging Cloudflare DNS (1.1.1.1): An exception occurred during a Ping request.
[2025-12-21 09:04:40] [2025-12-21 09:04:40] Error pinging Google DNS (8.8.8.8): An exception occurred during a Ping request.
[2025-12-21 09:04:40] [2025-12-21 09:04:40] Error pinging Cloudflare DNS (1.1.1.1): An exception occurred during a Ping request.
[2025-12-21 09:04:53] Status: 0/2 devices online
[2025-12-21 09:05:10] [2025-12-21 09:05:10] Error pinging Google DNS (8.8.8.8): An exception occurred during a Ping request.
[2025-12-21 09:05:10] [2025-12-21 09:05:10] Error pinging Cloudflare DNS (1.1.1.1): An exception occurred during a Ping request.
[2025-12-21 09:05:40] [2025-12-21 09:05:40] Error pinging Google DNS (8.8.8.8): An exception occurred during a Ping request.
[2025-12-21 09:05:40] [2025-12-21 09:05:40] Error pinging Cloudflare DNS (1.1.1.1): An exception occurred during a Ping request.
[2025-12-21 09:05:53] Status: 0/2 devices online
[2025-12-21 09:06:11] [2025-12-21 09:06:11] Error pinging Google DNS (8.8.8.8): An exception occurred during a Ping request.
[2025-12-21 09:06:11] [2025-12-21 09:06:11] Error pinging Cloudflare DNS (1.1.1.1): An exception occurred during a Ping request.
[2025-12-21 09:06:41] [2025-12-21 09:06:41] Error pinging Google DNS (8.8.8.8): An exception occurred during a Ping request.
[2025-12-21 09:06:41] [2025-12-21 09:06:41] Error pinging Cloudflare DNS (1.1.1.1): An exception occurred during a Ping request.
[2025-12-21 09:06:53] Status: 0/2 devices online
[2025-12-21 09:07:11] [2025-12-21 09:07:11] Error pinging Google DNS (8.8.8.8): An exception occurred during a Ping request.
[2025-12-21 09:07:11] [2025-12-21 09:07:11] Error pinging Cloudflare DNS (1.1.1.1): An exception occurred during a Ping request.
[2025-12-21 09:07:41] [2025-12-21 09:07:41] Error pinging Google DNS (8.8.8.8): An exception occurred during a Ping request.
[2025-12-21 09:07:41] [2025-12-21 09:07:41] Error pinging Cloudflare DNS (1.1.1.1): An exception occurred during a Ping request.
[2025-12-21 09:07:53] Status: 0/2 devices online
[2025-12-21 09:08:12] [2025-12-21 09:08:12] Error pinging Google DNS (8.8.8.8): An exception occurred during a Ping request.
[2025-12-21 09:08:12] [2025-12-21 09:08:12] Error pinging Cloudflare DNS (1.1.1.1): An exception occurred during a Ping request.
[2025-12-21 09:08:42] [2025-12-21 09:08:42] Error pinging Google DNS (8.8.8.8): An exception occurred during a Ping request.
[2025-12-21 09:08:42] [2025-12-21 09:08:42] Error pinging Cloudflare DNS (1.1.1.1): An exception occurred during a Ping request.
[2025-12-21 09:08:53] Status: 0/2 devices online
[2025-12-21 09:09:12] [2025-12-21 09:09:12] Error pinging Google DNS (8.8.8.8): An exception occurred during a Ping request.
[2025-12-21 09:09:12] [2025-12-21 09:09:12] Error pinging Cloudflare DNS (1.1.1.1): An exception occurred during a Ping request.
[2025-12-21 09:09:42] [2025-12-21 09:09:42] Error pinging Google DNS (8.8.8.8): An exception occurred during a Ping request.
[2025-12-21 09:09:42] [2025-12-21 09:09:42] Error pinging Cloudflare DNS (1.1.1.1): An exception occurred during a Ping request.
[2025-12-21 09:09:53] Status: 0/2 devices online
[2025-12-21 09:10:13] [2025-12-21 09:10:13] Error pinging Google DNS (8.8.8.8): An exception occurred during a Ping request.
[2025-12-21 09:10:13] [2025-12-21 09:10:13] Error pinging Cloudflare DNS (1.1.1.1): An exception occurred during a Ping request.
[2025-12-21 09:10:43] [2025-12-21 09:10:43] Error pinging Google DNS (8.8.8.8): An exception occurred during a Ping request.
[2025-12-21 09:10:43] [2025-12-21 09:10:43] Error pinging Cloudflare DNS (1.1.1.1): An exception occurred during a Ping request.
[2025-12-21 09:10:53] Status: 0/2 devices online
[2025-12-21 09:11:13] [2025-12-21 09:11:13] Error pinging Google DNS (8.8.8.8): An exception occurred during a Ping request.
[2025-12-21 09:11:13] [2025-12-21 09:11:13] Error pinging Cloudflare DNS (1.1.1.1): An exception occurred during a Ping request.
[2025-12-21 09:11:43] [2025-12-21 09:11:43] Error pinging Google DNS (8.8.8.8): An exception occurred during a Ping request.
[2025-12-21 09:11:43] [2025-12-21 09:11:43] Error pinging Cloudflare DNS (1.1.1.1): An exception occurred during a Ping request.
[2025-12-21 09:11:53] Status: 0/2 devices online
[2025-12-21 09:12:14] [2025-12-21 09:12:14] Error pinging Google DNS (8.8.8.8): An exception occurred during a Ping request.
[2025-12-21 09:12:14] [2025-12-21 09:12:14] Error pinging Cloudflare DNS (1.1.1.1): An exception occurred during a Ping request.
[2025-12-21 09:12:44] [2025-12-21 09:12:44] Error pinging Google DNS (8.8.8.8): An exception occurred during a Ping request.
[2025-12-21 09:12:44] [2025-12-21 09:12:44] Error pinging Cloudflare DNS (1.1.1.1): An exception occurred during a Ping request.
[2025-12-21 09:12:53] Status: 0/2 devices online
[2025-12-21 09:13:14] [2025-12-21 09:13:14] Error pinging Google DNS (8.8.8.8): An exception occurred during a Ping request.
[2025-12-21 09:13:14] [2025-12-21 09:13:14] Error pinging Cloudflare DNS (1.1.1.1): An exception occurred during a Ping request.
[2025-12-21 09:13:44] [2025-12-21 09:13:44] Error pinging Google DNS (8.8.8.8): An exception occurred during a Ping request.
[2025-12-21 09:13:44] [2025-12-21 09:13:44] Error pinging Cloudflare DNS (1.1.1.1): An exception occurred during a Ping request.
[2025-12-21 09:13:53] Status: 0/2 devices online
[2025-12-21 09:14:15] [2025-12-21 09:14:15] Error pinging Google DNS (8.8.8.8): An exception occurred during a Ping request.
[2025-12-21 09:14:15] [2025-12-21 09:14:15] Error pinging Cloudflare DNS (1.1.1.1): An exception occurred during a Ping request.
[2025-12-21 09:14:45] [2025-12-21 09:14:45] Error pinging Google DNS (8.8.8.8): An exception occurred during a Ping request.
[2025-12-21 09:14:45] [2025-12-21 09:14:45] Error pinging Cloudflare DNS (1.1.1.1): An exception occurred during a Ping request.
[2025-12-21 09:14:53] Status: 0/2 devices online
[2025-12-21 09:15:15] [2025-12-21 09:15:15] Error pinging Google DNS (8.8.8.8): An exception occurred during a Ping request.
[2025-12-21 09:15:15] [2025-12-21 09:15:15] Error pinging Cloudflare DNS (1.1.1.1): An exception occurred during a Ping request.
[2025-12-21 09:15:45] [2025-12-21 09:15:45] Error pinging Google DNS (8.8.8.8): An exception occurred during a Ping request.
[2025-12-21 09:15:45] [2025-12-21 09:15:45] Error pinging Cloudflare DNS (1.1.1.1): An exception occurred during a Ping request.
[2025-12-21 09:15:53] Status: 0/2 devices online
[2025-12-21 09:16:16] [2025-12-21 09:16:16] Error pinging Google DNS (8.8.8.8): An exception occurred during a Ping request.
[2025-12-21 09:16:16] [2025-12-21 09:16:16] Error pinging Cloudflare DNS (1.1.1.1): An exception occurred during a Ping request.
[2025-12-21 09:16:46] [2025-12-21 09:16:46] Error pinging Google DNS (8.8.8.8): An exception occurred during a Ping request.
[2025-12-21 09:16:46] [2025-12-21 09:16:46] Error pinging Cloudflare DNS (1.1.1.1): An exception occurred during a Ping request.
[2025-12-21 09:16:53] Status: 0/2 devices online
[2025-12-21 09:17:16] [2025-12-21 09:17:16] Error pinging Google DNS (8.8.8.8): An exception occurred during a Ping request.
[2025-12-21 09:17:16] [2025-12-21 09:17:16] Error pinging Cloudflare DNS (1.1.1.1): An exception occurred during a Ping request.
[2025-12-21 09:17:46] [2025-12-21 09:17:46] Error pinging Google DNS (8.8.8.8): An exception occurred during a Ping request.
[2025-12-21 09:17:46] [2025-12-21 09:17:46] Error pinging Cloudflare DNS (1.1.1.1): An exception occurred during a Ping request.
[2025-12-21 09:17:53] Status: 0/2 devices online
[2025-12-21 09:18:17] [2025-12-21 09:18:17] Error pinging Google DNS (8.8.8.8): An exception occurred during a Ping request.
[2025-12-21 09:18:17] [2025-12-21 09:18:17] Error pinging Cloudflare DNS (1.1.1.1): An exception occurred during a Ping request.
[2025-12-21 09:18:47] [2025-12-21 09:18:47] Error pinging Google DNS (8.8.8.8): An exception occurred during a Ping request.
[2025-12-21 09:18:47] [2025-12-21 09:18:47] Error pinging Cloudflare DNS (1.1.1.1): An exception occurred during a Ping request.
[2025-12-21 09:18:53] Status: 0/2 devices online
[2025-12-21 09:19:17] [2025-12-21 09:19:17] Error pinging Google DNS (8.8.8.8): An exception occurred during a Ping request.
[2025-12-21 09:19:17] [2025-12-21 09:19:17] Error pinging Cloudflare DNS (1.1.1.1): An exception occurred during a Ping request.
[2025-12-21 09:19:47] [2025-12-21 09:19:47] Error pinging Google DNS (8.8.8.8): An exception occurred during a Ping request.
[2025-12-21 09:19:47] [2025-12-21 09:19:47] Error pinging Cloudflare DNS (1.1.1.1): An exception occurred during a Ping request.
[2025-12-21 09:19:53] Status: 0/2 devices online
[2025-12-21 09:20:18] [2025-12-21 09:20:18] Error pinging Google DNS (8.8.8.8): An exception occurred during a Ping request.
[2025-12-21 09:20:18] [2025-12-21 09:20:18] Error pinging Cloudflare DNS (1.1.1.1): An exception occurred during a Ping request.
[2025-12-21 09:20:48] [2025-12-21 09:20:48] Error pinging Google DNS (8.8.8.8): An exception occurred during a Ping request.
[2025-12-21 09:20:48] [2025-12-21 09:20:48] Error pinging Cloudflare DNS (1.1.1.1): An exception occurred during a Ping request.
[2025-12-21 09:20:53] Status: 0/2 devices online
[2025-12-21 09:21:18] [2025-12-21 09:21:18] Error pinging Google DNS (8.8.8.8): An exception occurred during a Ping request.
[2025-12-21 09:21:18] [2025-12-21 09:21:18] Error pinging Cloudflare DNS (1.1.1.1): An exception occurred during a Ping request.
[2025-12-21 09:21:48] [2025-12-21 09:21:48] Error pinging Google DNS (8.8.8.8): An exception occurred during a Ping request.
[2025-12-21 09:21:48] [2025-12-21 09:21:48] Error pinging Cloudflare DNS (1.1.1.1): An exception occurred during a Ping request.
[2025-12-21 09:21:53] Status: 0/2 devices online
[2025-12-21 09:22:19] [2025-12-21 09:22:19] Error pinging Google DNS (8.8.8.8): An exception occurred during a Ping request.
[2025-12-21 09:22:19] [2025-12-21 09:22:19] Error pinging Cloudflare DNS (1.1.1.1): An exception occurred during a Ping request.
[2025-12-21 09:22:49] [2025-12-21 09:22:49] Error pinging Google DNS (8.8.8.8): An exception occurred during a Ping request.
[2025-12-21 09:22:49] [2025-12-21 09:22:49] Error pinging Cloudflare DNS (1.1.1.1): An exception occurred during a Ping request.
[2025-12-21 09:22:53] Status: 0/2 devices online
[2025-12-21 09:23:19] [2025-12-21 09:23:19] Error pinging Google DNS (8.8.8.8): An exception occurred during a Ping request.
[2025-12-21 09:23:19] [2025-12-21 09:23:19] Error pinging Cloudflare DNS (1.1.1.1): An exception occurred during a Ping request.
[2025-12-21 09:23:49] [2025-12-21 09:23:49] Error pinging Google DNS (8.8.8.8): An exception occurred during a Ping request.
[2025-12-21 09:23:49] [2025-12-21 09:23:49] Error pinging Cloudflare DNS (1.1.1.1): An exception occurred during a Ping request.
[2025-12-21 09:23:53] Status: 0/2 devices online
[2025-12-21 09:24:19] [2025-12-21 09:24:19] Error pinging Google DNS (8.8.8.8): An exception occurred during a Ping request.
[2025-12-21 09:24:20] [2025-12-21 09:24:20] Error pinging Cloudflare DNS (1.1.1.1): An exception occurred during a Ping request.
[2025-12-21 09:24:50] [2025-12-21 09:24:50] Error pinging Google DNS (8.8.8.8): An exception occurred during a Ping request.
[2025-12-21 09:24:50] [2025-12-21 09:24:50] Error pinging Cloudflare DNS (1.1.1.1): An exception occurred during a Ping request.
[2025-12-21 09:24:53] Status: 0/2 devices online
[2025-12-21 09:25:20] [2025-12-21 09:25:20] Error pinging Google DNS (8.8.8.8): An exception occurred during a Ping request.
[2025-12-21 09:25:20] [2025-12-21 09:25:20] Error pinging Cloudflare DNS (1.1.1.1): An exception occurred during a Ping request.
[2025-12-21 09:25:50] [2025-12-21 09:25:50] Error pinging Google DNS (8.8.8.8): An exception occurred during a Ping request.
[2025-12-21 09:25:50] [2025-12-21 09:25:50] Error pinging Cloudflare DNS (1.1.1.1): An exception occurred during a Ping request.
[2025-12-21 09:25:53] Status: 0/2 devices online
[2025-12-21 09:26:21] [2025-12-21 09:26:21] Error pinging Google DNS (8.8.8.8): An exception occurred during a Ping request.
[2025-12-21 09:26:21] [2025-12-21 09:26:21] Error pinging Cloudflare DNS (1.1.1.1): An exception occurred during a Ping request.
[2025-12-21 09:26:51] [2025-12-21 09:26:51] Error pinging Google DNS (8.8.8.8): An exception occurred during a Ping request.
[2025-12-21 09:26:51] [2025-12-21 09:26:51] Error pinging Cloudflare DNS (1.1.1.1): An exception occurred during a Ping request.
[2025-12-21 09:26:53] Status: 0/2 devices online
[2025-12-21 09:27:21] [2025-12-21 09:27:21] Error pinging Google DNS (8.8.8.8): An exception occurred during a Ping request.
[2025-12-21 09:27:21] [2025-12-21 09:27:21] Error pinging Cloudflare DNS (1.1.1.1): An exception occurred during a Ping request.
[2025-12-21 09:27:51] [2025-12-21 09:27:51] Error pinging Google DNS (8.8.8.8): An exception occurred during a Ping request.
[2025-12-21 09:27:51] [2025-12-21 09:27:51] Error pinging Cloudflare DNS (1.1.1.1): An exception occurred during a Ping request.
[2025-12-21 09:27:53] Status: 0/2 devices online
[2025-12-21 09:28:21] [2025-12-21 09:28:21] Error pinging Google DNS (8.8.8.8): An exception occurred during a Ping request.
[2025-12-21 09:28:22] [2025-12-21 09:28:22] Error pinging Cloudflare DNS (1.1.1.1): An exception occurred during a Ping request.
[2025-12-21 09:28:52] [2025-12-21 09:28:52] Error pinging Google DNS (8.8.8.8): An exception occurred during a Ping request.
[2025-12-21 09:28:52] [2025-12-21 09:28:52] Error pinging Cloudflare DNS (1.1.1.1): An exception occurred during a Ping request.
[2025-12-21 09:28:53] Status: 0/2 devices online
[2025-12-21 09:29:22] [2025-12-21 09:29:22] Error pinging Google DNS (8.8.8.8): An exception occurred during a Ping request.
[2025-12-21 09:29:22] [2025-12-21 09:29:22] Error pinging Cloudflare DNS (1.1.1.1): An exception occurred during a Ping request.
[2025-12-21 09:29:52] [2025-12-21 09:29:52] Error pinging Google DNS (8.8.8.8): An exception occurred during a Ping request.
[2025-12-21 09:29:52] [2025-12-21 09:29:52] Error pinging Cloudflare DNS (1.1.1.1): An exception occurred during a Ping request.
[2025-12-21 09:29:53] Status: 0/2 devices online
[2025-12-21 09:30:22] [2025-12-21 09:30:22] Error pinging Google DNS (8.8.8.8): An exception occurred during a Ping request.
[2025-12-21 09:30:23] [2025-12-21 09:30:23] Error pinging Cloudflare DNS (1.1.1.1): An exception occurred during a Ping request.
[2025-12-21 09:30:53] [2025-12-21 09:30:53] Error pinging Google DNS (8.8.8.8): An exception occurred during a Ping request.
[2025-12-21 09:30:53] [2025-12-21 09:30:53] Error pinging Cloudflare DNS (1.1.1.1): An exception occurred during a Ping request.
[2025-12-21 09:30:53] Status: 0/2 devices online
[2025-12-21 09:31:23] [2025-12-21 09:31:23] Error pinging Google DNS (8.8.8.8): An exception occurred during a Ping request.
[2025-12-21 09:31:23] [2025-12-21 09:31:23] Error pinging Cloudflare DNS (1.1.1.1): An exception occurred during a Ping request.
[2025-12-21 09:31:53] Status: 0/2 devices online
[2025-12-21 09:31:53] [2025-12-21 09:31:53] Error pinging Google DNS (8.8.8.8): An exception occurred during a Ping request.
[2025-12-21 09:31:53] [2025-12-21 09:31:53] Error pinging Cloudflare DNS (1.1.1.1): An exception occurred during a Ping request.
[2025-12-21 09:32:23] [2025-12-21 09:32:23] Error pinging Google DNS (8.8.8.8): An exception occurred during a Ping request.
[2025-12-21 09:32:24] [2025-12-21 09:32:24] Error pinging Cloudflare DNS (1.1.1.1): An exception occurred during a Ping request.
[2025-12-21 09:32:53] Status: 0/2 devices online
[2025-12-21 09:32:54] [2025-12-21 09:32:54] Error pinging Google DNS (8.8.8.8): An exception occurred during a Ping request.
[2025-12-21 09:32:54] [2025-12-21 09:32:54] Error pinging Cloudflare DNS (1.1.1.1): An exception occurred during a Ping request.
[2025-12-21 09:33:24] [2025-12-21 09:33:24] Error pinging Google DNS (8.8.8.8): An exception occurred during a Ping request.
[2025-12-21 09:33:24] [2025-12-21 09:33:24] Error pinging Cloudflare DNS (1.1.1.1): An exception occurred during a Ping request.
[2025-12-21 09:33:53] Status: 0/2 devices online
[2025-12-21 09:33:54] [2025-12-21 09:33:54] Error pinging Google DNS (8.8.8.8): An exception occurred during a Ping request.
[2025-12-21 09:33:54] [2025-12-21 09:33:54] Error pinging Cloudflare DNS (1.1.1.1): An exception occurred during a Ping request.
[2025-12-21 09:34:24] [2025-12-21 09:34:24] Error pinging Google DNS (8.8.8.8): An exception occurred during a Ping request.
[2025-12-21 09:34:24] [2025-12-21 09:34:24] Error pinging Cloudflare DNS (1.1.1.1): An exception occurred during a Ping request.
[2025-12-21 09:34:53] Status: 0/2 devices online
[2025-12-21 09:34:55] [2025-12-21 09:34:55] Error pinging Google DNS (8.8.8.8): An exception occurred during a Ping request.
[2025-12-21 09:34:55] [2025-12-21 09:34:55] Error pinging Cloudflare DNS (1.1.1.1): An exception occurred during a Ping request.
[2025-12-21 09:35:25] [2025-12-21 09:35:25] Error pinging Google DNS (8.8.8.8): An exception occurred during a Ping request.
[2025-12-21 09:35:25] [2025-12-21 09:35:25] Error pinging Cloudflare DNS (1.1.1.1): An exception occurred during a Ping request.
[2025-12-21 09:35:53] Status: 0/2 devices online
[2025-12-21 09:35:55] [2025-12-21 09:35:55] Error pinging Google DNS (8.8.8.8): An exception occurred during a Ping request.
[2025-12-21 09:35:55] [2025-12-21 09:35:55] Error pinging Cloudflare DNS (1.1.1.1): An exception occurred during a Ping request.
[2025-12-21 09:36:25] [2025-12-21 09:36:25] Error pinging Google DNS (8.8.8.8): An exception occurred during a Ping request.
[2025-12-21 09:36:25] [2025-12-21 09:36:25] Error pinging Cloudflare DNS (1.1.1.1): An exception occurred during a Ping request.
[2025-12-21 09:36:53] Status: 0/2 devices online
[2025-12-21 09:36:56] [2025-12-21 09:36:56] Error pinging Google DNS (8.8.8.8): An exception occurred during a Ping request.
[2025-12-21 09:36:56] [2025-12-21 09:36:56] Error pinging Cloudflare DNS (1.1.1.1): An exception occurred during a Ping request.
[2025-12-21 09:37:26] [2025-12-21 09:37:26] Error pinging Google DNS (8.8.8.8): An exception occurred during a Ping request.
[2025-12-21 09:37:26] [2025-12-21 09:37:26] Error pinging Cloudflare DNS (1.1.1.1): An exception occurred during a Ping request.
[2025-12-21 09:37:53] Status: 0/2 devices online
[2025-12-21 09:37:56] [2025-12-21 09:37:56] Error pinging Google DNS (8.8.8.8): An exception occurred during a Ping request.
[2025-12-21 09:37:56] [2025-12-21 09:37:56] Error pinging Cloudflare DNS (1.1.1.1): An exception occurred during a Ping request.
[2025-12-21 09:38:26] [2025-12-21 09:38:26] Error pinging Google DNS (8.8.8.8): An exception occurred during a Ping request.
[2025-12-21 09:38:26] [2025-12-21 09:38:26] Error pinging Cloudflare DNS (1.1.1.1): An exception occurred during a Ping request.
[2025-12-21 09:38:53] Status: 0/2 devices online
[2025-12-21 09:38:57] [2025-12-21 09:38:57] Error pinging Google DNS (8.8.8.8): An exception occurred during a Ping request.
[2025-12-21 09:38:57] [2025-12-21 09:38:57] Error pinging Cloudflare DNS (1.1.1.1): An exception occurred during a Ping request.
[2025-12-21 09:39:27] [2025-12-21 09:39:27] Error pinging Google DNS (8.8.8.8): An exception occurred during a Ping request.
[2025-12-21 09:39:27] [2025-12-21 09:39:27] Error pinging Cloudflare DNS (1.1.1.1): An exception occurred during a Ping request.
[2025-12-21 09:39:53] Status: 0/2 devices online
[2025-12-21 09:39:57] [2025-12-21 09:39:57] Error pinging Google DNS (8.8.8.8): An exception occurred during a Ping request.
[2025-12-21 09:39:57] [2025-12-21 09:39:57] Error pinging Cloudflare DNS (1.1.1.1): An exception occurred during a Ping request.
[2025-12-21 09:40:27] [2025-12-21 09:40:27] Error pinging Google DNS (8.8.8.8): An exception occurred during a Ping request.
[2025-12-21 09:40:27] [2025-12-21 09:40:27] Error pinging Cloudflare DNS (1.1.1.1): An exception occurred during a Ping request.
[2025-12-21 09:40:53] Status: 0/2 devices online
[2025-12-21 09:40:58] [2025-12-21 09:40:58] Error pinging Google DNS (8.8.8.8): An exception occurred during a Ping request.
[2025-12-21 09:40:58] [2025-12-21 09:40:58] Error pinging Cloudflare DNS (1.1.1.1): An exception occurred during a Ping request.
[2025-12-21 09:41:28] [2025-12-21 09:41:28] Error pinging Google DNS (8.8.8.8): An exception occurred during a Ping request.
[2025-12-21 09:41:28] [2025-12-21 09:41:28] Error pinging Cloudflare DNS (1.1.1.1): An exception occurred during a Ping request.
[2025-12-21 09:41:53] Status: 0/2 devices online
[2025-12-21 09:41:58] [2025-12-21 09:41:58] Error pinging Google DNS (8.8.8.8): An exception occurred during a Ping request.
[2025-12-21 09:41:58] [2025-12-21 09:41:58] Error pinging Cloudflare DNS (1.1.1.1): An exception occurred during a Ping request.
[2025-12-21 09:42:28] [2025-12-21 09:42:28] Error pinging Google DNS (8.8.8.8): An exception occurred during a Ping request.
[2025-12-21 09:42:28] [2025-12-21 09:42:28] Error pinging Cloudflare DNS (1.1.1.1): An exception occurred during a Ping request.
[2025-12-21 09:42:53] Status: 0/2 devices online
[2025-12-21 09:42:59] [2025-12-21 09:42:59] Error pinging Google DNS (8.8.8.8): An exception occurred during a Ping request.
[2025-12-21 09:42:59] [2025-12-21 09:42:59] Error pinging Cloudflare DNS (1.1.1.1): An exception occurred during a Ping request.
[2025-12-21 09:43:29] [2025-12-21 09:43:29] Error pinging Google DNS (8.8.8.8): An exception occurred during a Ping request.
[2025-12-21 09:43:29] [2025-12-21 09:43:29] Error pinging Cloudflare DNS (1.1.1.1): An exception occurred during a Ping request.
[2025-12-21 09:43:53] Status: 0/2 devices online
[2025-12-21 09:43:59] [2025-12-21 09:43:59] Error pinging Google DNS (8.8.8.8): An exception occurred during a Ping request.
[2025-12-21 09:43:59] [2025-12-21 09:43:59] Error pinging Cloudflare DNS (1.1.1.1): An exception occurred during a Ping request.
[2025-12-21 09:44:29] [2025-12-21 09:44:29] Error pinging Google DNS (8.8.8.8): An exception occurred during a Ping request.
[2025-12-21 09:44:29] [2025-12-21 09:44:29] Error pinging Cloudflare DNS (1.1.1.1): An exception occurred during a Ping request.
[2025-12-21 09:44:53] Status: 0/2 devices online
[2025-12-21 09:45:00] [2025-12-21 09:45:00] Error pinging Google DNS (8.8.8.8): An exception occurred during a Ping request.
[2025-12-21 09:45:00] [2025-12-21 09:45:00] Error pinging Cloudflare DNS (1.1.1.1): An exception occurred during a Ping request.
[2025-12-21 09:45:30] [2025-12-21 09:45:30] Error pinging Google DNS (8.8.8.8): An exception occurred during a Ping request.
[2025-12-21 09:45:30] [2025-12-21 09:45:30] Error pinging Cloudflare DNS (1.1.1.1): An exception occurred during a Ping request.
[2025-12-21 09:45:53] Status: 0/2 devices online
[2025-12-21 09:46:00] [2025-12-21 09:46:00] Error pinging Google DNS (8.8.8.8): An exception occurred during a Ping request.
[2025-12-21 09:46:00] [2025-12-21 09:46:00] Error pinging Cloudflare DNS (1.1.1.1): An exception occurred during a Ping request.
[2025-12-21 09:46:30] [2025-12-21 09:46:30] Error pinging Google DNS (8.8.8.8): An exception occurred during a Ping request.
[2025-12-21 09:46:30] [2025-12-21 09:46:30] Error pinging Cloudflare DNS (1.1.1.1): An exception occurred during a Ping request.
[2025-12-21 09:46:53] Status: 0/2 devices online
[2025-12-21 09:47:01] [2025-12-21 09:47:01] Error pinging Google DNS (8.8.8.8): An exception occurred during a Ping request.
[2025-12-21 09:47:01] [2025-12-21 09:47:01] Error pinging Cloudflare DNS (1.1.1.1): An exception occurred during a Ping request.
[2025-12-21 09:47:31] [2025-12-21 09:47:31] Error pinging Google DNS (8.8.8.8): An exception occurred during a Ping request.
[2025-12-21 09:47:31] [2025-12-21 09:47:31] Error pinging Cloudflare DNS (1.1.1.1): An exception occurred during a Ping request.
[2025-12-21 09:47:53] Status: 0/2 devices online
[2025-12-21 09:48:01] [2025-12-21 09:48:01] Error pinging Google DNS (8.8.8.8): An exception occurred during a Ping request.
[2025-12-21 09:48:01] [2025-12-21 09:48:01] Error pinging Cloudflare DNS (1.1.1.1): An exception occurred during a Ping request.
[2025-12-21 09:48:31] [2025-12-21 09:48:31] Error pinging Google DNS (8.8.8.8): An exception occurred during a Ping request.
[2025-12-21 09:48:31] [2025-12-21 09:48:31] Error pinging Cloudflare DNS (1.1.1.1): An exception occurred during a Ping request.
[2025-12-21 09:48:53] Status: 0/2 devices online
[2025-12-21 09:49:02] [2025-12-21 09:49:02] Error pinging Google DNS (8.8.8.8): An exception occurred during a Ping request.
[2025-12-21 09:49:02] [2025-12-21 09:49:02] Error pinging Cloudflare DNS (1.1.1.1): An exception occurred during a Ping request.
[2025-12-21 09:49:32] [2025-12-21 09:49:32] Error pinging Google DNS (8.8.8.8): An exception occurred during a Ping request.
[2025-12-21 09:49:32] [2025-12-21 09:49:32] Error pinging Cloudflare DNS (1.1.1.1): An exception occurred during a Ping request.
[2025-12-21 09:49:53] Status: 0/2 devices online
[2025-12-21 09:50:02] [2025-12-21 09:50:02] Error pinging Google DNS (8.8.8.8): An exception occurred during a Ping request.
[2025-12-21 09:50:02] [2025-12-21 09:50:02] Error pinging Cloudflare DNS (1.1.1.1): An exception occurred during a Ping request.
[2025-12-21 09:50:32] [2025-12-21 09:50:32] Error pinging Google DNS (8.8.8.8): An exception occurred during a Ping request.
[2025-12-21 09:50:32] [2025-12-21 09:50:32] Error pinging Cloudflare DNS (1.1.1.1): An exception occurred during a Ping request.
[2025-12-21 09:50:53] Status: 0/2 devices online
[2025-12-21 09:51:02] [2025-12-21 09:51:02] Error pinging Google DNS (8.8.8.8): An exception occurred during a Ping request.
[2025-12-21 09:51:03] [2025-12-21 09:51:03] Error pinging Cloudflare DNS (1.1.1.1): An exception occurred during a Ping request.
[2025-12-21 09:51:33] [2025-12-21 09:51:33] Error pinging Google DNS (8.8.8.8): An exception occurred during a Ping request.
[2025-12-21 09:51:33] [2025-12-21 09:51:33] Error pinging Cloudflare DNS (1.1.1.1): An exception occurred during a Ping request.
[2025-12-21 09:51:53] Status: 0/2 devices online
[2025-12-21 09:52:03] [2025-12-21 09:52:03] Error pinging Google DNS (8.8.8.8): An exception occurred during a Ping request.
[2025-12-21 09:52:03] [2025-12-21 09:52:03] Error pinging Cloudflare DNS (1.1.1.1): An exception occurred during a Ping request.
[2025-12-21 09:52:33] [2025-12-21 09:52:33] Error pinging Google DNS (8.8.8.8): An exception occurred during a Ping request.
[2025-12-21 09:52:33] [2025-12-21 09:52:33] Error pinging Cloudflare DNS (1.1.1.1): An exception occurred during a Ping request.
[2025-12-21 09:52:53] Status: 0/2 devices online
[2025-12-21 09:53:03] [2025-12-21 09:53:03] Error pinging Google DNS (8.8.8.8): An exception occurred during a Ping request.
[2025-12-21 09:53:04] [2025-12-21 09:53:04] Error pinging Cloudflare DNS (1.1.1.1): An exception occurred during a Ping request.
[2025-12-21 09:53:34] [2025-12-21 09:53:34] Error pinging Google DNS (8.8.8.8): An exception occurred during a Ping request.
[2025-12-21 09:53:34] [2025-12-21 09:53:34] Error pinging Cloudflare DNS (1.1.1.1): An exception occurred during a Ping request.
[2025-12-21 09:53:53] Status: 0/2 devices online
[2025-12-21 09:54:04] [2025-12-21 09:54:04] Error pinging Google DNS (8.8.8.8): An exception occurred during a Ping request.
[2025-12-21 09:54:04] [2025-12-21 09:54:04] Error pinging Cloudflare DNS (1.1.1.1): An exception occurred during a Ping request.
[2025-12-21 09:54:34] [2025-12-21 09:54:34] Error pinging Google DNS (8.8.8.8): An exception occurred during a Ping request.
[2025-12-21 09:54:34] [2025-12-21 09:54:34] Error pinging Cloudflare DNS (1.1.1.1): An exception occurred during a Ping request.
[2025-12-21 09:54:53] Status: 0/2 devices online
[2025-12-21 09:55:04] [2025-12-21 09:55:04] Error pinging Google DNS (8.8.8.8): An exception occurred during a Ping request.
[2025-12-21 09:55:05] [2025-12-21 09:55:05] Error pinging Cloudflare DNS (1.1.1.1): An exception occurred during a Ping request.
[2025-12-21 09:55:35] [2025-12-21 09:55:35] Error pinging Google DNS (8.8.8.8): An exception occurred during a Ping request.
[2025-12-21 09:55:35] [2025-12-21 09:55:35] Error pinging Cloudflare DNS (1.1.1.1): An exception occurred during a Ping request.
[2025-12-21 09:55:53] Status: 0/2 devices online
[2025-12-21 09:56:05] [2025-12-21 09:56:05] Error pinging Google DNS (8.8.8.8): An exception occurred during a Ping request.
[2025-12-21 09:56:05] [2025-12-21 09:56:05] Error pinging Cloudflare DNS (1.1.1.1): An exception occurred during a Ping request.
[2025-12-21 09:56:35] [2025-12-21 09:56:35] Error pinging Google DNS (8.8.8.8): An exception occurred during a Ping request.
[2025-12-21 09:56:35] [2025-12-21 09:56:35] Error pinging Cloudflare DNS (1.1.1.1): An exception occurred during a Ping request.
[2025-12-21 09:56:53] Status: 0/2 devices online
[2025-12-21 09:57:05] [2025-12-21 09:57:05] Error pinging Google DNS (8.8.8.8): An exception occurred during a Ping request.
[2025-12-21 09:57:06] [2025-12-21 09:57:06] Error pinging Cloudflare DNS (1.1.1.1): An exception occurred during a Ping request.
[2025-12-21 09:57:36] [2025-12-21 09:57:36] Error pinging Google DNS (8.8.8.8): An exception occurred during a Ping request.
[2025-12-21 09:57:36] [2025-12-21 09:57:36] Error pinging Cloudflare DNS (1.1.1.1): An exception occurred during a Ping request.
[2025-12-21 09:57:53] Status: 0/2 devices online
[2025-12-21 09:58:06] [2025-12-21 09:58:06] Error pinging Google DNS (8.8.8.8): An exception occurred during a Ping request.
[2025-12-21 09:58:06] [2025-12-21 09:58:06] Error pinging Cloudflare DNS (1.1.1.1): An exception occurred during a Ping request.
[2025-12-21 09:58:36] [2025-12-21 09:58:36] Error pinging Google DNS (8.8.8.8): An exception occurred during a Ping request.
[2025-12-21 09:58:36] [2025-12-21 09:58:36] Error pinging Cloudflare DNS (1.1.1.1): An exception occurred during a Ping request.
[2025-12-21 09:58:53] Status: 0/2 devices online
[2025-12-21 09:59:06] [2025-12-21 09:59:06] Error pinging Google DNS (8.8.8.8): An exception occurred during a Ping request.
[2025-12-21 09:59:07] [2025-12-21 09:59:07] Error pinging Cloudflare DNS (1.1.1.1): An exception occurred during a Ping request.
[2025-12-21 09:59:37] [2025-12-21 09:59:37] Error pinging Google DNS (8.8.8.8): An exception occurred during a Ping request.
[2025-12-21 09:59:37] [2025-12-21 09:59:37] Error pinging Cloudflare DNS (1.1.1.1): An exception occurred during a Ping request.
[2025-12-21 09:59:53] Status: 0/2 devices online
[2025-12-21 10:00:07] [2025-12-21 10:00:07] Error pinging Google DNS (8.8.8.8): An exception occurred during a Ping request.
[2025-12-21 10:00:07] [2025-12-21 10:00:07] Error pinging Cloudflare DNS (1.1.1.1): An exception occurred during a Ping request.
[2025-12-21 10:00:37] [2025-12-21 10:00:37] Error pinging Google DNS (8.8.8.8): An exception occurred during a Ping request.
[2025-12-21 10:00:37] [2025-12-21 10:00:37] Error pinging Cloudflare DNS (1.1.1.1): An exception occurred during a Ping request.
[2025-12-21 10:00:53] Status: 0/2 devices online
[2025-12-21 10:01:07] [2025-12-21 10:01:07] Error pinging Google DNS (8.8.8.8): An exception occurred during a Ping request.
[2025-12-21 10:01:08] [2025-12-21 10:01:08] Error pinging Cloudflare DNS (1.1.1.1): An exception occurred during a Ping request.
[2025-12-21 10:01:38] [2025-12-21 10:01:38] Error pinging Google DNS (8.8.8.8): An exception occurred during a Ping request.
[2025-12-21 10:01:38] [2025-12-21 10:01:38] Error pinging Cloudflare DNS (1.1.1.1): An exception occurred during a Ping request.
[2025-12-21 10:01:53] Status: 0/2 devices online
[2025-12-21 10:02:08] [2025-12-21 10:02:08] Error pinging Google DNS (8.8.8.8): An exception occurred during a Ping request.
[2025-12-21 10:02:08] [2025-12-21 10:02:08] Error pinging Cloudflare DNS (1.1.1.1): An exception occurred during a Ping request.
[2025-12-21 10:02:38] [2025-12-21 10:02:38] Error pinging Google DNS (8.8.8.8): An exception occurred during a Ping request.
[2025-12-21 10:02:38] [2025-12-21 10:02:38] Error pinging Cloudflare DNS (1.1.1.1): An exception occurred during a Ping request.
[2025-12-21 10:02:53] Status: 0/2 devices online
[2025-12-21 10:03:08] [2025-12-21 10:03:08] Error pinging Google DNS (8.8.8.8): An exception occurred during a Ping request.
[2025-12-21 10:03:08] [2025-12-21 10:03:08] Error pinging Cloudflare DNS (1.1.1.1): An exception occurred during a Ping request.
[2025-12-21 10:03:39] [2025-12-21 10:03:39] Error pinging Google DNS (8.8.8.8): An exception occurred during a Ping request.
[2025-12-21 10:03:39] [2025-12-21 10:03:39] Error pinging Cloudflare DNS (1.1.1.1): An exception occurred during a Ping request.
[2025-12-21 10:03:53] Status: 0/2 devices online
[2025-12-21 10:04:09] [2025-12-21 10:04:09] Error pinging Google DNS (8.8.8.8): An exception occurred during a Ping request.
[2025-12-21 10:04:09] [2025-12-21 10:04:09] Error pinging Cloudflare DNS (1.1.1.1): An exception occurred during a Ping request.
[2025-12-21 10:04:39] [2025-12-21 10:04:39] Error pinging Google DNS (8.8.8.8): An exception occurred during a Ping request.
[2025-12-21 10:04:39] [2025-12-21 10:04:39] Error pinging Cloudflare DNS (1.1.1.1): An exception occurred during a Ping request.
[2025-12-21 10:04:53] Status: 0/2 devices online
[2025-12-21 10:05:09] [2025-12-21 10:05:09] Error pinging Google DNS (8.8.8.8): An exception occurred during a Ping request.
[2025-12-21 10:05:09] [2025-12-21 10:05:09] Error pinging Cloudflare DNS (1.1.1.1): An exception occurred during a Ping request.
[2025-12-21 10:05:40] [2025-12-21 10:05:40] Error pinging Google DNS (8.8.8.8): An exception occurred during a Ping request.
[2025-12-21 10:05:40] [2025-12-21 10:05:40] Error pinging Cloudflare DNS (1.1.1.1): An exception occurred during a Ping request.
[2025-12-21 10:05:53] Status: 0/2 devices online
[2025-12-21 10:06:10] [2025-12-21 10:06:10] Error pinging Google DNS (8.8.8.8): An exception occurred during a Ping request.
[2025-12-21 10:06:10] [2025-12-21 10:06:10] Error pinging Cloudflare DNS (1.1.1.1): An exception occurred during a Ping request.
[2025-12-21 10:06:40] [2025-12-21 10:06:40] Error pinging Google DNS (8.8.8.8): An exception occurred during a Ping request.
[2025-12-21 10:06:40] [2025-12-21 10:06:40] Error pinging Cloudflare DNS (1.1.1.1): An exception occurred during a Ping request.
[2025-12-21 10:06:53] Status: 0/2 devices online
[2025-12-21 10:07:10] [2025-12-21 10:07:10] Error pinging Google DNS (8.8.8.8): An exception occurred during a Ping request.
[2025-12-21 10:07:10] [2025-12-21 10:07:10] Error pinging Cloudflare DNS (1.1.1.1): An exception occurred during a Ping request.
[2025-12-21 10:07:41] [2025-12-21 10:07:41] Error pinging Google DNS (8.8.8.8): An exception occurred during a Ping request.
[2025-12-21 10:07:41] [2025-12-21 10:07:41] Error pinging Cloudflare DNS (1.1.1.1): An exception occurred during a Ping request.
[2025-12-21 10:07:54] Status: 0/2 devices online
[2025-12-21 10:08:11] [2025-12-21 10:08:11] Error pinging Google DNS (8.8.8.8): An exception occurred during a Ping request.
[2025-12-21 10:08:11] [2025-12-21 10:08:11] Error pinging Cloudflare DNS (1.1.1.1): An exception occurred during a Ping request.
[2025-12-21 10:08:41] [2025-12-21 10:08:41] Error pinging Google DNS (8.8.8.8): An exception occurred during a Ping request.
[2025-12-21 10:08:41] [2025-12-21 10:08:41] Error pinging Cloudflare DNS (1.1.1.1): An exception occurred during a Ping request.
[2025-12-21 10:08:54] Status: 0/2 devices online
[2025-12-21 10:09:11] [2025-12-21 10:09:11] Error pinging Google DNS (8.8.8.8): An exception occurred during a Ping request.
[2025-12-21 10:09:11] [2025-12-21 10:09:11] Error pinging Cloudflare DNS (1.1.1.1): An exception occurred during a Ping request.
[2025-12-21 10:09:42] [2025-12-21 10:09:42] Error pinging Google DNS (8.8.8.8): An exception occurred during a Ping request.
[2025-12-21 10:09:42] [2025-12-21 10:09:42] Error pinging Cloudflare DNS (1.1.1.1): An exception occurred during a Ping request.
[2025-12-21 10:09:54] Status: 0/2 devices online
[2025-12-21 10:10:12] [2025-12-21 10:10:12] Error pinging Google DNS (8.8.8.8): An exception occurred during a Ping request.
[2025-12-21 10:10:12] [2025-12-21 10:10:12] Error pinging Cloudflare DNS (1.1.1.1): An exception occurred during a Ping request.
[2025-12-21 10:10:42] [2025-12-21 10:10:42] Error pinging Google DNS (8.8.8.8): An exception occurred during a Ping request.
[2025-12-21 10:10:42] [2025-12-21 10:10:42] Error pinging Cloudflare DNS (1.1.1.1): An exception occurred during a Ping request.
[2025-12-21 10:10:54] Status: 0/2 devices online
[2025-12-21 10:11:12] [2025-12-21 10:11:12] Error pinging Google DNS (8.8.8.8): An exception occurred during a Ping request.
[2025-12-21 10:11:12] [2025-12-21 10:11:12] Error pinging Cloudflare DNS (1.1.1.1): An exception occurred during a Ping request.
[2025-12-21 10:11:43] [2025-12-21 10:11:43] Error pinging Google DNS (8.8.8.8): An exception occurred during a Ping request.
[2025-12-21 10:11:43] [2025-12-21 10:11:43] Error pinging Cloudflare DNS (1.1.1.1): An exception occurred during a Ping request.
[2025-12-21 10:11:54] Status: 0/2 devices online
[2025-12-21 10:12:13] [2025-12-21 10:12:13] Error pinging Google DNS (8.8.8.8): An exception occurred during a Ping request.
[2025-12-21 10:12:13] [2025-12-21 10:12:13] Error pinging Cloudflare DNS (1.1.1.1): An exception occurred during a Ping request.
[2025-12-21 10:12:43] [2025-12-21 10:12:43] Error pinging Google DNS (8.8.8.8): An exception occurred during a Ping request.
[2025-12-21 10:12:43] [2025-12-21 10:12:43] Error pinging Cloudflare DNS (1.1.1.1): An exception occurred during a Ping request.
[2025-12-21 10:12:54] Status: 0/2 devices online
[2025-12-21 10:13:13] [2025-12-21 10:13:13] Error pinging Google DNS (8.8.8.8): An exception occurred during a Ping request.
[2025-12-21 10:13:13] [2025-12-21 10:13:13] Error pinging Cloudflare DNS (1.1.1.1): An exception occurred during a Ping request.
[2025-12-21 10:13:44] [2025-12-21 10:13:44] Error pinging Google DNS (8.8.8.8): An exception occurred during a Ping request.
[2025-12-21 10:13:44] [2025-12-21 10:13:44] Error pinging Cloudflare DNS (1.1.1.1): An exception occurred during a Ping request.
[2025-12-21 10:13:54] Status: 0/2 devices online
[2025-12-21 10:14:14] [2025-12-21 10:14:14] Error pinging Google DNS (8.8.8.8): An exception occurred during a Ping request.
[2025-12-21 10:14:14] [2025-12-21 10:14:14] Error pinging Cloudflare DNS (1.1.1.1): An exception occurred during a Ping request.
[2025-12-21 10:14:44] [2025-12-21 10:14:44] Error pinging Google DNS (8.8.8.8): An exception occurred during a Ping request.
[2025-12-21 10:14:44] [2025-12-21 10:14:44] Error pinging Cloudflare DNS (1.1.1.1): An exception occurred during a Ping request.
[2025-12-21 10:14:54] Status: 0/2 devices online
[2025-12-21 10:15:14] [2025-12-21 10:15:14] Error pinging Google DNS (8.8.8.8): An exception occurred during a Ping request.
[2025-12-21 10:15:14] [2025-12-21 10:15:14] Error pinging Cloudflare DNS (1.1.1.1): An exception occurred during a Ping request.
[2025-12-21 10:15:45] [2025-12-21 10:15:45] Error pinging Google DNS (8.8.8.8): An exception occurred during a Ping request.
[2025-12-21 10:15:45] [2025-12-21 10:15:45] Error pinging Cloudflare DNS (1.1.1.1): An exception occurred during a Ping request.
[2025-12-21 10:15:54] Status: 0/2 devices online
[2025-12-21 10:16:15] [2025-12-21 10:16:15] Error pinging Google DNS (8.8.8.8): An exception occurred during a Ping request.
[2025-12-21 10:16:15] [2025-12-21 10:16:15] Error pinging Cloudflare DNS (1.1.1.1): An exception occurred during a Ping request.
[2025-12-21 10:16:45] [2025-12-21 10:16:45] Error pinging Google DNS (8.8.8.8): An exception occurred during a Ping request.
[2025-12-21 10:16:45] [2025-12-21 10:16:45] Error pinging Cloudflare DNS (1.1.1.1): An exception occurred during a Ping request.
[2025-12-21 10:16:54] Status: 0/2 devices online
[2025-12-21 10:17:15] [2025-12-21 10:17:15] Error pinging Google DNS (8.8.8.8): An exception occurred during a Ping request.
[2025-12-21 10:17:15] [2025-12-21 10:17:15] Error pinging Cloudflare DNS (1.1.1.1): An exception occurred during a Ping request.
[2025-12-21 10:17:46] [2025-12-21 10:17:46] Error pinging Google DNS (8.8.8.8): An exception occurred during a Ping request.
[2025-12-21 10:17:46] [2025-12-21 10:17:46] Error pinging Cloudflare DNS (1.1.1.1): An exception occurred during a Ping request.
[2025-12-21 10:17:54] Status: 0/2 devices online
[2025-12-21 10:18:16] [2025-12-21 10:18:16] Error pinging Google DNS (8.8.8.8): An exception occurred during a Ping request.
[2025-12-21 10:18:16] [2025-12-21 10:18:16] Error pinging Cloudflare DNS (1.1.1.1): An exception occurred during a Ping request.
[2025-12-21 10:18:46] [2025-12-21 10:18:46] Error pinging Google DNS (8.8.8.8): An exception occurred during a Ping request.
[2025-12-21 10:18:46] [2025-12-21 10:18:46] Error pinging Cloudflare DNS (1.1.1.1): An exception occurred during a Ping request.
[2025-12-21 10:18:54] Status: 0/2 devices online
[2025-12-21 10:19:16] [2025-12-21 10:19:16] Error pinging Google DNS (8.8.8.8): An exception occurred during a Ping request.
[2025-12-21 10:19:16] [2025-12-21 10:19:16] Error pinging Cloudflare DNS (1.1.1.1): An exception occurred during a Ping request.
[2025-12-21 10:19:46] [2025-12-21 10:19:46] Error pinging Google DNS (8.8.8.8): An exception occurred during a Ping request.
[2025-12-21 10:19:47] [2025-12-21 10:19:47] Error pinging Cloudflare DNS (1.1.1.1): An exception occurred during a Ping request.
[2025-12-21 10:19:54] Status: 0/2 devices online
[2025-12-21 10:20:17] [2025-12-21 10:20:17] Error pinging Google DNS (8.8.8.8): An exception occurred during a Ping request.
[2025-12-21 10:20:17] [2025-12-21 10:20:17] Error pinging Cloudflare DNS (1.1.1.1): An exception occurred during a Ping request.
[2025-12-21 10:20:47] [2025-12-21 10:20:47] Error pinging Google DNS (8.8.8.8): An exception occurred during a Ping request.
[2025-12-21 10:20:47] [2025-12-21 10:20:47] Error pinging Cloudflare DNS (1.1.1.1): An exception occurred during a Ping request.
[2025-12-21 10:20:54] Status: 0/2 devices online
[2025-12-21 10:21:17] [2025-12-21 10:21:17] Error pinging Google DNS (8.8.8.8): An exception occurred during a Ping request.
[2025-12-21 10:21:17] [2025-12-21 10:21:17] Error pinging Cloudflare DNS (1.1.1.1): An exception occurred during a Ping request.
[2025-12-21 10:21:47] [2025-12-21 10:21:47] Error pinging Google DNS (8.8.8.8): An exception occurred during a Ping request.
[2025-12-21 10:21:48] [2025-12-21 10:21:48] Error pinging Cloudflare DNS (1.1.1.1): An exception occurred during a Ping request.
[2025-12-21 10:21:54] Status: 0/2 devices online
[2025-12-21 10:22:18] [2025-12-21 10:22:18] Error pinging Google DNS (8.8.8.8): An exception occurred during a Ping request.
[2025-12-21 10:22:18] [2025-12-21 10:22:18] Error pinging Cloudflare DNS (1.1.1.1): An exception occurred during a Ping request.
[2025-12-21 10:22:48] [2025-12-21 10:22:48] Error pinging Google DNS (8.8.8.8): An exception occurred during a Ping request.
[2025-12-21 10:22:48] [2025-12-21 10:22:48] Error pinging Cloudflare DNS (1.1.1.1): An exception occurred during a Ping request.
[2025-12-21 10:22:54] Status: 0/2 devices online
[2025-12-21 10:23:18] [2025-12-21 10:23:18] Error pinging Google DNS (8.8.8.8): An exception occurred during a Ping request.
[2025-12-21 10:23:18] [2025-12-21 10:23:18] Error pinging Cloudflare DNS (1.1.1.1): An exception occurred during a Ping request.
[2025-12-21 10:23:48] [2025-12-21 10:23:48] Error pinging Google DNS (8.8.8.8): An exception occurred during a Ping request.
[2025-12-21 10:23:49] [2025-12-21 10:23:49] Error pinging Cloudflare DNS (1.1.1.1): An exception occurred during a Ping request.
[2025-12-21 10:23:54] Status: 0/2 devices online
[2025-12-21 10:24:19] [2025-12-21 10:24:19] Error pinging Google DNS (8.8.8.8): An exception occurred during a Ping request.
[2025-12-21 10:24:19] [2025-12-21 10:24:19] Error pinging Cloudflare DNS (1.1.1.1): An exception occurred during a Ping request.
[2025-12-21 10:24:49] [2025-12-21 10:24:49] Error pinging Google DNS (8.8.8.8): An exception occurred during a Ping request.
[2025-12-21 10:24:49] [2025-12-21 10:24:49] Error pinging Cloudflare DNS (1.1.1.1): An exception occurred during a Ping request.
[2025-12-21 10:24:54] Status: 0/2 devices online
[2025-12-21 10:25:19] [2025-12-21 10:25:19] Error pinging Google DNS (8.8.8.8): An exception occurred during a Ping request.
[2025-12-21 10:25:19] [2025-12-21 10:25:19] Error pinging Cloudflare DNS (1.1.1.1): An exception occurred during a Ping request.
[2025-12-21 10:25:49] [2025-12-21 10:25:49] Error pinging Google DNS (8.8.8.8): An exception occurred during a Ping request.
[2025-12-21 10:25:50] [2025-12-21 10:25:50] Error pinging Cloudflare DNS (1.1.1.1): An exception occurred during a Ping request.
[2025-12-21 10:25:54] Status: 0/2 devices online
[2025-12-21 10:26:20] [2025-12-21 10:26:20] Error pinging Google DNS (8.8.8.8): An exception occurred during a Ping request.
[2025-12-21 10:26:20] [2025-12-21 10:26:20] Error pinging Cloudflare DNS (1.1.1.1): An exception occurred during a Ping request.
[2025-12-21 10:26:50] [2025-12-21 10:26:50] Error pinging Google DNS (8.8.8.8): An exception occurred during a Ping request.
[2025-12-21 10:26:50] [2025-12-21 10:26:50] Error pinging Cloudflare DNS (1.1.1.1): An exception occurred during a Ping request.
[2025-12-21 10:26:54] Status: 0/2 devices online
[2025-12-21 10:27:20] [2025-12-21 10:27:20] Error pinging Google DNS (8.8.8.8): An exception occurred during a Ping request.
[2025-12-21 10:27:20] [2025-12-21 10:27:20] Error pinging Cloudflare DNS (1.1.1.1): An exception occurred during a Ping request.
[2025-12-21 10:27:50] [2025-12-21 10:27:50] Error pinging Google DNS (8.8.8.8): An exception occurred during a Ping request.
[2025-12-21 10:27:51] [2025-12-21 10:27:51] Error pinging Cloudflare DNS (1.1.1.1): An exception occurred during a Ping request.
[2025-12-21 10:27:54] Status: 0/2 devices online
[2025-12-21 10:28:21] [2025-12-21 10:28:21] Error pinging Google DNS (8.8.8.8): An exception occurred during a Ping request.
[2025-12-21 10:28:21] [2025-12-21 10:28:21] Error pinging Cloudflare DNS (1.1.1.1): An exception occurred during a Ping request.
[2025-12-21 10:28:51] [2025-12-21 10:28:51] Error pinging Google DNS (8.8.8.8): An exception occurred during a Ping request.
[2025-12-21 10:28:51] [2025-12-21 10:28:51] Error pinging Cloudflare DNS (1.1.1.1): An exception occurred during a Ping request.
[2025-12-21 10:28:54] Status: 0/2 devices online
[2025-12-21 10:29:21] [2025-12-21 10:29:21] Error pinging Google DNS (8.8.8.8): An exception occurred during a Ping request.
[2025-12-21 10:29:21] [2025-12-21 10:29:21] Error pinging Cloudflare DNS (1.1.1.1): An exception occurred during a Ping request.
[2025-12-21 10:29:51] [2025-12-21 10:29:51] Error pinging Google DNS (8.8.8.8): An exception occurred during a Ping request.
[2025-12-21 10:29:51] [2025-12-21 10:29:51] Error pinging Cloudflare DNS (1.1.1.1): An exception occurred during a Ping request.
[2025-12-21 10:29:54] Status: 0/2 devices online
[2025-12-21 10:30:22] [2025-12-21 10:30:22] Error pinging Google DNS (8.8.8.8): An exception occurred during a Ping request.
[2025-12-21 10:30:22] [2025-12-21 10:30:22] Error pinging Cloudflare DNS (1.1.1.1): An exception occurred during a Ping request.
[2025-12-21 10:30:52] [2025-12-21 10:30:52] Error pinging Google DNS (8.8.8.8): An exception occurred during a Ping request.
[2025-12-21 10:30:52] [2025-12-21 10:30:52] Error pinging Cloudflare DNS (1.1.1.1): An exception occurred during a Ping request.
[2025-12-21 10:30:54] Status: 0/2 devices online
[2025-12-21 10:31:22] [2025-12-21 10:31:22] Error pinging Google DNS (8.8.8.8): An exception occurred during a Ping request.
[2025-12-21 10:31:22] [2025-12-21 10:31:22] Error pinging Cloudflare DNS (1.1.1.1): An exception occurred during a Ping request.
[2025-12-21 10:31:52] [2025-12-21 10:31:52] Error pinging Google DNS (8.8.8.8): An exception occurred during a Ping request.
[2025-12-21 10:31:52] [2025-12-21 10:31:52] Error pinging Cloudflare DNS (1.1.1.1): An exception occurred during a Ping request.
[2025-12-21 10:31:54] Status: 0/2 devices online
[2025-12-21 10:32:23] [2025-12-21 10:32:23] Error pinging Google DNS (8.8.8.8): An exception occurred during a Ping request.
[2025-12-21 10:32:23] [2025-12-21 10:32:23] Error pinging Cloudflare DNS (1.1.1.1): An exception occurred during a Ping request.
[2025-12-21 10:32:53] [2025-12-21 10:32:53] Error pinging Google DNS (8.8.8.8): An exception occurred during a Ping request.
[2025-12-21 10:32:53] [2025-12-21 10:32:53] Error pinging Cloudflare DNS (1.1.1.1): An exception occurred during a Ping request.
[2025-12-21 10:32:54] Status: 0/2 devices online
[2025-12-21 10:33:23] [2025-12-21 10:33:23] Error pinging Google DNS (8.8.8.8): An exception occurred during a Ping request.
[2025-12-21 10:33:23] [2025-12-21 10:33:23] Error pinging Cloudflare DNS (1.1.1.1): An exception occurred during a Ping request.
[2025-12-21 10:33:53] [2025-12-21 10:33:53] Error pinging Google DNS (8.8.8.8): An exception occurred during a Ping request.
[2025-12-21 10:33:53] [2025-12-21 10:33:53] Error pinging Cloudflare DNS (1.1.1.1): An exception occurred during a Ping request.
[2025-12-21 10:33:54] Status: 0/2 devices online
[2025-12-21 10:34:24] [2025-12-21 10:34:24] Error pinging Google DNS (8.8.8.8): An exception occurred during a Ping request.
[2025-12-21 10:34:24] [2025-12-21 10:34:24] Error pinging Cloudflare DNS (1.1.1.1): An exception occurred during a Ping request.
[2025-12-21 10:34:54] Status: 0/2 devices online
[2025-12-21 10:34:54] [2025-12-21 10:34:54] Error pinging Google DNS (8.8.8.8): An exception occurred during a Ping request.
[2025-12-21 10:34:54] [2025-12-21 10:34:54] Error pinging Cloudflare DNS (1.1.1.1): An exception occurred during a Ping request.
[2025-12-21 10:35:24] [2025-12-21 10:35:24] Error pinging Google DNS (8.8.8.8): An exception occurred during a Ping request.
[2025-12-21 10:35:24] [2025-12-21 10:35:24] Error pinging Cloudflare DNS (1.1.1.1): An exception occurred during a Ping request.
[2025-12-21 10:35:54] Status: 0/2 devices online
[2025-12-21 10:35:54] [2025-12-21 10:35:54] Error pinging Google DNS (8.8.8.8): An exception occurred during a Ping request.
[2025-12-21 10:35:54] [2025-12-21 10:35:54] Error pinging Cloudflare DNS (1.1.1.1): An exception occurred during a Ping request.
[2025-12-21 10:36:25] [2025-12-21 10:36:25] Error pinging Google DNS (8.8.8.8): An exception occurred during a Ping request.
[2025-12-21 10:36:25] [2025-12-21 10:36:25] Error pinging Cloudflare DNS (1.1.1.1): An exception occurred during a Ping request.
[2025-12-21 10:36:54] Status: 0/2 devices online
[2025-12-21 10:36:55] [2025-12-21 10:36:55] Error pinging Google DNS (8.8.8.8): An exception occurred during a Ping request.
[2025-12-21 10:36:55] [2025-12-21 10:36:55] Error pinging Cloudflare DNS (1.1.1.1): An exception occurred during a Ping request.
[2025-12-21 10:37:25] [2025-12-21 10:37:25] Error pinging Google DNS (8.8.8.8): An exception occurred during a Ping request.
[2025-12-21 10:37:25] [2025-12-21 10:37:25] Error pinging Cloudflare DNS (1.1.1.1): An exception occurred during a Ping request.
[2025-12-21 10:37:54] Status: 0/2 devices online
[2025-12-21 10:37:55] [2025-12-21 10:37:55] Error pinging Google DNS (8.8.8.8): An exception occurred during a Ping request.
[2025-12-21 10:37:55] [2025-12-21 10:37:55] Error pinging Cloudflare DNS (1.1.1.1): An exception occurred during a Ping request.
[2025-12-21 10:38:25] [2025-12-21 10:38:25] Error pinging Google DNS (8.8.8.8): An exception occurred during a Ping request.
[2025-12-21 10:38:26] [2025-12-21 10:38:26] Error pinging Cloudflare DNS (1.1.1.1): An exception occurred during a Ping request.
[2025-12-21 10:38:54] Status: 0/2 devices online
[2025-12-21 10:38:56] [2025-12-21 10:38:56] Error pinging Google DNS (8.8.8.8): An exception occurred during a Ping request.
[2025-12-21 10:38:56] [2025-12-21 10:38:56] Error pinging Cloudflare DNS (1.1.1.1): An exception occurred during a Ping request.
[2025-12-21 10:39:26] [2025-12-21 10:39:26] Error pinging Google DNS (8.8.8.8): An exception occurred during a Ping request.
[2025-12-21 10:39:26] [2025-12-21 10:39:26] Error pinging Cloudflare DNS (1.1.1.1): An exception occurred during a Ping request.
[2025-12-21 10:39:54] Status: 0/2 devices online
[2025-12-21 10:39:56] [2025-12-21 10:39:56] Error pinging Google DNS (8.8.8.8): An exception occurred during a Ping request.
[2025-12-21 10:39:56] [2025-12-21 10:39:56] Error pinging Cloudflare DNS (1.1.1.1): An exception occurred during a Ping request.
[2025-12-21 10:40:26] [2025-12-21 10:40:26] Error pinging Google DNS (8.8.8.8): An exception occurred during a Ping request.
[2025-12-21 10:40:27] [2025-12-21 10:40:27] Error pinging Cloudflare DNS (1.1.1.1): An exception occurred during a Ping request.
[2025-12-21 10:40:54] Status: 0/2 devices online
[2025-12-21 10:40:57] [2025-12-21 10:40:57] Error pinging Google DNS (8.8.8.8): An exception occurred during a Ping request.
[2025-12-21 10:40:57] [2025-12-21 10:40:57] Error pinging Cloudflare DNS (1.1.1.1): An exception occurred during a Ping request.
[2025-12-21 10:41:27] [2025-12-21 10:41:27] Error pinging Google DNS (8.8.8.8): An exception occurred during a Ping request.
[2025-12-21 10:41:27] [2025-12-21 10:41:27] Error pinging Cloudflare DNS (1.1.1.1): An exception occurred during a Ping request.
[2025-12-21 10:41:54] Status: 0/2 devices online
[2025-12-21 10:41:57] [2025-12-21 10:41:57] Error pinging Google DNS (8.8.8.8): An exception occurred during a Ping request.
[2025-12-21 10:41:57] [2025-12-21 10:41:57] Error pinging Cloudflare DNS (1.1.1.1): An exception occurred during a Ping request.
[2025-12-21 10:42:27] [2025-12-21 10:42:27] Error pinging Google DNS (8.8.8.8): An exception occurred during a Ping request.
[2025-12-21 10:42:28] [2025-12-21 10:42:28] Error pinging Cloudflare DNS (1.1.1.1): An exception occurred during a Ping request.
[2025-12-21 10:42:54] Status: 0/2 devices online
[2025-12-21 10:42:58] [2025-12-21 10:42:58] Error pinging Google DNS (8.8.8.8): An exception occurred during a Ping request.
[2025-12-21 10:42:58] [2025-12-21 10:42:58] Error pinging Cloudflare DNS (1.1.1.1): An exception occurred during a Ping request.
[2025-12-21 10:43:28] [2025-12-21 10:43:28] Error pinging Google DNS (8.8.8.8): An exception occurred during a Ping request.
[2025-12-21 10:43:28] [2025-12-21 10:43:28] Error pinging Cloudflare DNS (1.1.1.1): An exception occurred during a Ping request.
[2025-12-21 10:43:54] Status: 0/2 devices online
[2025-12-21 10:43:58] [2025-12-21 10:43:58] Error pinging Google DNS (8.8.8.8): An exception occurred during a Ping request.
[2025-12-21 10:43:58] [2025-12-21 10:43:58] Error pinging Cloudflare DNS (1.1.1.1): An exception occurred during a Ping request.
[2025-12-21 10:44:28] [2025-12-21 10:44:28] Error pinging Google DNS (8.8.8.8): An exception occurred during a Ping request.
[2025-12-21 10:44:28] [2025-12-21 10:44:28] Error pinging Cloudflare DNS (1.1.1.1): An exception occurred during a Ping request.
[2025-12-21 10:44:54] Status: 0/2 devices online
[2025-12-21 10:44:59] [2025-12-21 10:44:59] Error pinging Google DNS (8.8.8.8): An exception occurred during a Ping request.
[2025-12-21 10:44:59] [2025-12-21 10:44:59] Error pinging Cloudflare DNS (1.1.1.1): An exception occurred during a Ping request.
[2025-12-21 10:45:29] [2025-12-21 10:45:29] Error pinging Google DNS (8.8.8.8): An exception occurred during a Ping request.
[2025-12-21 10:45:29] [2025-12-21 10:45:29] Error pinging Cloudflare DNS (1.1.1.1): An exception occurred during a Ping request.
[2025-12-21 10:45:54] Status: 0/2 devices online
[2025-12-21 10:45:59] [2025-12-21 10:45:59] Error pinging Google DNS (8.8.8.8): An exception occurred during a Ping request.
[2025-12-21 10:45:59] [2025-12-21 10:45:59] Error pinging Cloudflare DNS (1.1.1.1): An exception occurred during a Ping request.
[2025-12-21 10:46:29] [2025-12-21 10:46:29] Error pinging Google DNS (8.8.8.8): An exception occurred during a Ping request.
[2025-12-21 10:46:30] [2025-12-21 10:46:30] Error pinging Cloudflare DNS (1.1.1.1): An exception occurred during a Ping request.
[2025-12-21 10:46:54] Status: 0/2 devices online
[2025-12-21 10:47:00] [2025-12-21 10:47:00] Error pinging Google DNS (8.8.8.8): An exception occurred during a Ping request.
[2025-12-21 10:47:00] [2025-12-21 10:47:00] Error pinging Cloudflare DNS (1.1.1.1): An exception occurred during a Ping request.
[2025-12-21 10:47:30] [2025-12-21 10:47:30] Error pinging Google DNS (8.8.8.8): An exception occurred during a Ping request.
[2025-12-21 10:47:30] [2025-12-21 10:47:30] Error pinging Cloudflare DNS (1.1.1.1): An exception occurred during a Ping request.
[2025-12-21 10:47:54] Status: 0/2 devices online
[2025-12-21 10:48:00] [2025-12-21 10:48:00] Error pinging Google DNS (8.8.8.8): An exception occurred during a Ping request.
[2025-12-21 10:48:00] [2025-12-21 10:48:00] Error pinging Cloudflare DNS (1.1.1.1): An exception occurred during a Ping request.
[2025-12-21 10:48:30] [2025-12-21 10:48:30] Error pinging Google DNS (8.8.8.8): An exception occurred during a Ping request.
[2025-12-21 10:48:30] [2025-12-21 10:48:30] Error pinging Cloudflare DNS (1.1.1.1): An exception occurred during a Ping request.
[2025-12-21 10:48:54] Status: 0/2 devices online
[2025-12-21 10:49:01] [2025-12-21 10:49:01] Error pinging Google DNS (8.8.8.8): An exception occurred during a Ping request.
[2025-12-21 10:49:01] [2025-12-21 10:49:01] Error pinging Cloudflare DNS (1.1.1.1): An exception occurred during a Ping request.
[2025-12-21 10:49:31] [2025-12-21 10:49:31] Error pinging Google DNS (8.8.8.8): An exception occurred during a Ping request.
[2025-12-21 10:49:31] [2025-12-21 10:49:31] Error pinging Cloudflare DNS (1.1.1.1): An exception occurred during a Ping request.
[2025-12-21 10:49:54] Status: 0/2 devices online
[2025-12-21 10:50:01] [2025-12-21 10:50:01] Error pinging Google DNS (8.8.8.8): An exception occurred during a Ping request.
[2025-12-21 10:50:01] [2025-12-21 10:50:01] Error pinging Cloudflare DNS (1.1.1.1): An exception occurred during a Ping request.
[2025-12-21 10:50:31] [2025-12-21 10:50:31] Error pinging Google DNS (8.8.8.8): An exception occurred during a Ping request.
[2025-12-21 10:50:31] [2025-12-21 10:50:31] Error pinging Cloudflare DNS (1.1.1.1): An exception occurred during a Ping request.
[2025-12-21 10:50:54] Status: 0/2 devices online
[2025-12-21 10:51:02] [2025-12-21 10:51:02] Error pinging Google DNS (8.8.8.8): An exception occurred during a Ping request.
[2025-12-21 10:51:02] [2025-12-21 10:51:02] Error pinging Cloudflare DNS (1.1.1.1): An exception occurred during a Ping request.
[2025-12-21 10:51:32] [2025-12-21 10:51:32] Error pinging Google DNS (8.8.8.8): An exception occurred during a Ping request.
[2025-12-21 10:51:32] [2025-12-21 10:51:32] Error pinging Cloudflare DNS (1.1.1.1): An exception occurred during a Ping request.
[2025-12-21 10:51:54] Status: 0/2 devices online
[2025-12-21 10:52:02] [2025-12-21 10:52:02] Error pinging Google DNS (8.8.8.8): An exception occurred during a Ping request.
[2025-12-21 10:52:02] [2025-12-21 10:52:02] Error pinging Cloudflare DNS (1.1.1.1): An exception occurred during a Ping request.
[2025-12-21 10:52:32] [2025-12-21 10:52:32] Error pinging Google DNS (8.8.8.8): An exception occurred during a Ping request.
[2025-12-21 10:52:32] [2025-12-21 10:52:32] Error pinging Cloudflare DNS (1.1.1.1): An exception occurred during a Ping request.
[2025-12-21 10:52:54] Status: 0/2 devices online
[2025-12-21 10:53:03] [2025-12-21 10:53:03] Error pinging Google DNS (8.8.8.8): An exception occurred during a Ping request.
[2025-12-21 10:53:03] [2025-12-21 10:53:03] Error pinging Cloudflare DNS (1.1.1.1): An exception occurred during a Ping request.
[2025-12-21 10:53:33] [2025-12-21 10:53:33] Error pinging Google DNS (8.8.8.8): An exception occurred during a Ping request.
[2025-12-21 10:53:33] [2025-12-21 10:53:33] Error pinging Cloudflare DNS (1.1.1.1): An exception occurred during a Ping request.
[2025-12-21 10:53:54] Status: 0/2 devices online
[2025-12-21 10:54:03] [2025-12-21 10:54:03] Error pinging Google DNS (8.8.8.8): An exception occurred during a Ping request.
[2025-12-21 10:54:03] [2025-12-21 10:54:03] Error pinging Cloudflare DNS (1.1.1.1): An exception occurred during a Ping request.
[2025-12-21 10:54:33] [2025-12-21 10:54:33] Error pinging Google DNS (8.8.8.8): An exception occurred during a Ping request.
[2025-12-21 10:54:33] [2025-12-21 10:54:33] Error pinging Cloudflare DNS (1.1.1.1): An exception occurred during a Ping request.
[2025-12-21 10:54:54] Status: 0/2 devices online
[2025-12-21 10:55:04] [2025-12-21 10:55:04] Error pinging Google DNS (8.8.8.8): An exception occurred during a Ping request.
[2025-12-21 10:55:04] [2025-12-21 10:55:04] Error pinging Cloudflare DNS (1.1.1.1): An exception occurred during a Ping request.
[2025-12-21 10:55:34] [2025-12-21 10:55:34] Error pinging Google DNS (8.8.8.8): An exception occurred during a Ping request.
[2025-12-21 10:55:34] [2025-12-21 10:55:34] Error pinging Cloudflare DNS (1.1.1.1): An exception occurred during a Ping request.
[2025-12-21 10:55:54] Status: 0/2 devices online
[2025-12-21 10:56:04] [2025-12-21 10:56:04] Error pinging Google DNS (8.8.8.8): An exception occurred during a Ping request.
[2025-12-21 10:56:04] [2025-12-21 10:56:04] Error pinging Cloudflare DNS (1.1.1.1): An exception occurred during a Ping request.
[2025-12-21 10:56:34] [2025-12-21 10:56:34] Error pinging Google DNS (8.8.8.8): An exception occurred during a Ping request.
[2025-12-21 10:56:34] [2025-12-21 10:56:34] Error pinging Cloudflare DNS (1.1.1.1): An exception occurred during a Ping request.
[2025-12-21 10:56:54] Status: 0/2 devices online
[2025-12-21 10:57:05] [2025-12-21 10:57:05] Error pinging Google DNS (8.8.8.8): An exception occurred during a Ping request.
[2025-12-21 10:57:05] [2025-12-21 10:57:05] Error pinging Cloudflare DNS (1.1.1.1): An exception occurred during a Ping request.
[2025-12-21 10:57:35] [2025-12-21 10:57:35] Error pinging Google DNS (8.8.8.8): An exception occurred during a Ping request.
[2025-12-21 10:57:35] [2025-12-21 10:57:35] Error pinging Cloudflare DNS (1.1.1.1): An exception occurred during a Ping request.
[2025-12-21 10:57:54] Status: 0/2 devices online
[2025-12-21 10:58:05] [2025-12-21 10:58:05] Error pinging Google DNS (8.8.8.8): An exception occurred during a Ping request.
[2025-12-21 10:58:05] [2025-12-21 10:58:05] Error pinging Cloudflare DNS (1.1.1.1): An exception occurred during a Ping request.
[2025-12-21 10:58:35] [2025-12-21 10:58:35] Error pinging Google DNS (8.8.8.8): An exception occurred during a Ping request.
[2025-12-21 10:58:35] [2025-12-21 10:58:35] Error pinging Cloudflare DNS (1.1.1.1): An exception occurred during a Ping request.
[2025-12-21 10:58:54] Status: 0/2 devices online
[2025-12-21 10:59:06] [2025-12-21 10:59:06] Error pinging Google DNS (8.8.8.8): An exception occurred during a Ping request.
[2025-12-21 10:59:06] [2025-12-21 10:59:06] Error pinging Cloudflare DNS (1.1.1.1): An exception occurred during a Ping request.
[2025-12-21 10:59:36] [2025-12-21 10:59:36] Error pinging Google DNS (8.8.8.8): An exception occurred during a Ping request.
[2025-12-21 10:59:36] [2025-12-21 10:59:36] Error pinging Cloudflare DNS (1.1.1.1): An exception occurred during a Ping request.
[2025-12-21 10:59:54] Status: 0/2 devices online
[2025-12-21 11:00:06] [2025-12-21 11:00:06] Error pinging Google DNS (8.8.8.8): An exception occurred during a Ping request.
[2025-12-21 11:00:06] [2025-12-21 11:00:06] Error pinging Cloudflare DNS (1.1.1.1): An exception occurred during a Ping request.
[2025-12-21 11:00:36] [2025-12-21 11:00:36] Error pinging Google DNS (8.8.8.8): An exception occurred during a Ping request.
[2025-12-21 11:00:36] [2025-12-21 11:00:36] Error pinging Cloudflare DNS (1.1.1.1): An exception occurred during a Ping request.
[2025-12-21 11:00:54] Status: 0/2 devices online
[2025-12-21 11:01:06] [2025-12-21 11:01:06] Error pinging Google DNS (8.8.8.8): An exception occurred during a Ping request.
[2025-12-21 11:01:07] [2025-12-21 11:01:07] Error pinging Cloudflare DNS (1.1.1.1): An exception occurred during a Ping request.
[2025-12-21 11:01:37] [2025-12-21 11:01:37] Error pinging Google DNS (8.8.8.8): An exception occurred during a Ping request.
[2025-12-21 11:01:37] [2025-12-21 11:01:37] Error pinging Cloudflare DNS (1.1.1.1): An exception occurred during a Ping request.
[2025-12-21 11:01:54] Status: 0/2 devices online
[2025-12-21 11:02:07] [2025-12-21 11:02:07] Error pinging Google DNS (8.8.8.8): An exception occurred during a Ping request.
[2025-12-21 11:02:07] [2025-12-21 11:02:07] Error pinging Cloudflare DNS (1.1.1.1): An exception occurred during a Ping request.
[2025-12-21 11:02:37] [2025-12-21 11:02:37] Error pinging Google DNS (8.8.8.8): An exception occurred during a Ping request.
[2025-12-21 11:02:37] [2025-12-21 11:02:37] Error pinging Cloudflare DNS (1.1.1.1): An exception occurred during a Ping request.
[2025-12-21 11:02:54] Status: 0/2 devices online
[2025-12-21 11:03:07] [2025-12-21 11:03:07] Error pinging Google DNS (8.8.8.8): An exception occurred during a Ping request.
[2025-12-21 11:03:08] [2025-12-21 11:03:08] Error pinging Cloudflare DNS (1.1.1.1): An exception occurred during a Ping request.
[2025-12-21 11:03:38] [2025-12-21 11:03:38] Error pinging Google DNS (8.8.8.8): An exception occurred during a Ping request.
[2025-12-21 11:03:38] [2025-12-21 11:03:38] Error pinging Cloudflare DNS (1.1.1.1): An exception occurred during a Ping request.
[2025-12-21 11:03:54] Status: 0/2 devices online
[2025-12-21 11:04:08] [2025-12-21 11:04:08] Error pinging Google DNS (8.8.8.8): An exception occurred during a Ping request.
[2025-12-21 11:04:08] [2025-12-21 11:04:08] Error pinging Cloudflare DNS (1.1.1.1): An exception occurred during a Ping request.
[2025-12-21 11:04:38] [2025-12-21 11:04:38] Error pinging Google DNS (8.8.8.8): An exception occurred during a Ping request.
[2025-12-21 11:04:38] [2025-12-21 11:04:38] Error pinging Cloudflare DNS (1.1.1.1): An exception occurred during a Ping request.
[2025-12-21 11:04:54] Status: 0/2 devices online
[2025-12-21 11:05:08] [2025-12-21 11:05:08] Error pinging Google DNS (8.8.8.8): An exception occurred during a Ping request.
[2025-12-21 11:05:09] [2025-12-21 11:05:09] Error pinging Cloudflare DNS (1.1.1.1): An exception occurred during a Ping request.
[2025-12-21 11:05:39] [2025-12-21 11:05:39] Error pinging Google DNS (8.8.8.8): An exception occurred during a Ping request.
[2025-12-21 11:05:39] [2025-12-21 11:05:39] Error pinging Cloudflare DNS (1.1.1.1): An exception occurred during a Ping request.
[2025-12-21 11:05:54] Status: 0/2 devices online
[2025-12-21 11:06:09] [2025-12-21 11:06:09] Error pinging Google DNS (8.8.8.8): An exception occurred during a Ping request.
[2025-12-21 11:06:09] [2025-12-21 11:06:09] Error pinging Cloudflare DNS (1.1.1.1): An exception occurred during a Ping request.
[2025-12-21 11:06:39] [2025-12-21 11:06:39] Error pinging Google DNS (8.8.8.8): An exception occurred during a Ping request.
[2025-12-21 11:06:39] [2025-12-21 11:06:39] Error pinging Cloudflare DNS (1.1.1.1): An exception occurred during a Ping request.
[2025-12-21 11:06:54] Status: 0/2 devices online
[2025-12-21 11:07:09] [2025-12-21 11:07:09] Error pinging Google DNS (8.8.8.8): An exception occurred during a Ping request.
[2025-12-21 11:07:10] [2025-12-21 11:07:10] Error pinging Cloudflare DNS (1.1.1.1): An exception occurred during a Ping request.
[2025-12-21 11:07:40] [2025-12-21 11:07:40] Error pinging Google DNS (8.8.8.8): An exception occurred during a Ping request.
[2025-12-21 11:07:40] [2025-12-21 11:07:40] Error pinging Cloudflare DNS (1.1.1.1): An exception occurred during a Ping request.
[2025-12-21 11:07:54] Status: 0/2 devices online
[2025-12-21 11:08:10] [2025-12-21 11:08:10] Error pinging Google DNS (8.8.8.8): An exception occurred during a Ping request.
[2025-12-21 11:08:10] [2025-12-21 11:08:10] Error pinging Cloudflare DNS (1.1.1.1): An exception occurred during a Ping request.
[2025-12-21 11:08:40] [2025-12-21 11:08:40] Error pinging Google DNS (8.8.8.8): An exception occurred during a Ping request.
[2025-12-21 11:08:40] [2025-12-21 11:08:40] Error pinging Cloudflare DNS (1.1.1.1): An exception occurred during a Ping request.
[2025-12-21 11:08:54] Status: 0/2 devices online
[2025-12-21 11:09:10] [2025-12-21 11:09:10] Error pinging Google DNS (8.8.8.8): An exception occurred during a Ping request.
[2025-12-21 11:09:11] [2025-12-21 11:09:11] Error pinging Cloudflare DNS (1.1.1.1): An exception occurred during a Ping request.
[2025-12-21 11:09:41] [2025-12-21 11:09:41] Error pinging Google DNS (8.8.8.8): An exception occurred during a Ping request.
[2025-12-21 11:09:41] [2025-12-21 11:09:41] Error pinging Cloudflare DNS (1.1.1.1): An exception occurred during a Ping request.
[2025-12-21 11:09:54] Status: 0/2 devices online
[2025-12-21 11:10:11] [2025-12-21 11:10:11] Error pinging Google DNS (8.8.8.8): An exception occurred during a Ping request.
[2025-12-21 11:10:11] [2025-12-21 11:10:11] Error pinging Cloudflare DNS (1.1.1.1): An exception occurred during a Ping request.
[2025-12-21 11:10:41] [2025-12-21 11:10:41] Error pinging Google DNS (8.8.8.8): An exception occurred during a Ping request.
[2025-12-21 11:10:41] [2025-12-21 11:10:41] Error pinging Cloudflare DNS (1.1.1.1): An exception occurred during a Ping request.
[2025-12-21 11:10:54] Status: 0/2 devices online
[2025-12-21 11:11:11] [2025-12-21 11:11:11] Error pinging Google DNS (8.8.8.8): An exception occurred during a Ping request.
[2025-12-21 11:11:11] [2025-12-21 11:11:11] Error pinging Cloudflare DNS (1.1.1.1): An exception occurred during a Ping request.
[2025-12-21 11:11:42] [2025-12-21 11:11:42] Error pinging Google DNS (8.8.8.8): An exception occurred during a Ping request.
[2025-12-21 11:11:42] [2025-12-21 11:11:42] Error pinging Cloudflare DNS (1.1.1.1): An exception occurred during a Ping request.
[2025-12-21 11:11:54] Status: 0/2 devices online
[2025-12-21 11:12:12] [2025-12-21 11:12:12] Error pinging Google DNS (8.8.8.8): An exception occurred during a Ping request.
[2025-12-21 11:12:12] [2025-12-21 11:12:12] Error pinging Cloudflare DNS (1.1.1.1): An exception occurred during a Ping request.
[2025-12-21 11:12:42] [2025-12-21 11:12:42] Error pinging Google DNS (8.8.8.8): An exception occurred during a Ping request.
[2025-12-21 11:12:42] [2025-12-21 11:12:42] Error pinging Cloudflare DNS (1.1.1.1): An exception occurred during a Ping request.
[2025-12-21 11:12:54] Status: 0/2 devices online
[2025-12-21 11:13:12] [2025-12-21 11:13:12] Error pinging Google DNS (8.8.8.8): An exception occurred during a Ping request.
[2025-12-21 11:13:12] [2025-12-21 11:13:12] Error pinging Cloudflare DNS (1.1.1.1): An exception occurred during a Ping request.
[2025-12-21 11:13:43] [2025-12-21 11:13:43] Error pinging Google DNS (8.8.8.8): An exception occurred during a Ping request.
[2025-12-21 11:13:43] [2025-12-21 11:13:43] Error pinging Cloudflare DNS (1.1.1.1): An exception occurred during a Ping request.
[2025-12-21 11:13:54] Status: 0/2 devices online
[2025-12-21 11:14:13] [2025-12-21 11:14:13] Error pinging Google DNS (8.8.8.8): An exception occurred during a Ping request.
[2025-12-21 11:14:13] [2025-12-21 11:14:13] Error pinging Cloudflare DNS (1.1.1.1): An exception occurred during a Ping request.
[2025-12-21 11:14:43] [2025-12-21 11:14:43] Error pinging Google DNS (8.8.8.8): An exception occurred during a Ping request.
[2025-12-21 11:14:43] [2025-12-21 11:14:43] Error pinging Cloudflare DNS (1.1.1.1): An exception occurred during a Ping request.
[2025-12-21 11:14:54] Status: 0/2 devices online
[2025-12-21 11:15:13] [2025-12-21 11:15:13] Error pinging Google DNS (8.8.8.8): An exception occurred during a Ping request.
[2025-12-21 11:15:13] [2025-12-21 11:15:13] Error pinging Cloudflare DNS (1.1.1.1): An exception occurred during a Ping request.
[2025-12-21 11:15:44] [2025-12-21 11:15:44] Error pinging Google DNS (8.8.8.8): An exception occurred during a Ping request.
[2025-12-21 11:15:44] [2025-12-21 11:15:44] Error pinging Cloudflare DNS (1.1.1.1): An exception occurred during a Ping request.
[2025-12-21 11:15:54] Status: 0/2 devices online
[2025-12-21 11:16:14] [2025-12-21 11:16:14] Error pinging Google DNS (8.8.8.8): An exception occurred during a Ping request.
[2025-12-21 11:16:14] [2025-12-21 11:16:14] Error pinging Cloudflare DNS (1.1.1.1): An exception occurred during a Ping request.
[2025-12-21 11:16:44] [2025-12-21 11:16:44] Error pinging Google DNS (8.8.8.8): An exception occurred during a Ping request.
[2025-12-21 11:16:44] [2025-12-21 11:16:44] Error pinging Cloudflare DNS (1.1.1.1): An exception occurred during a Ping request.
[2025-12-21 11:16:54] Status: 0/2 devices online
[2025-12-21 11:17:14] [2025-12-21 11:17:14] Error pinging Google DNS (8.8.8.8): An exception occurred during a Ping request.
[2025-12-21 11:17:14] [2025-12-21 11:17:14] Error pinging Cloudflare DNS (1.1.1.1): An exception occurred during a Ping request.
[2025-12-21 11:17:45] [2025-12-21 11:17:45] Error pinging Google DNS (8.8.8.8): An exception occurred during a Ping request.
[2025-12-21 11:17:45] [2025-12-21 11:17:45] Error pinging Cloudflare DNS (1.1.1.1): An exception occurred during a Ping request.
[2025-12-21 11:17:54] Status: 0/2 devices online
[2025-12-21 11:18:15] [2025-12-21 11:18:15] Error pinging Google DNS (8.8.8.8): An exception occurred during a Ping request.
[2025-12-21 11:18:15] [2025-12-21 11:18:15] Error pinging Cloudflare DNS (1.1.1.1): An exception occurred during a Ping request.
[2025-12-21 11:18:45] [2025-12-21 11:18:45] Error pinging Google DNS (8.8.8.8): An exception occurred during a Ping request.
[2025-12-21 11:18:45] [2025-12-21 11:18:45] Error pinging Cloudflare DNS (1.1.1.1): An exception occurred during a Ping request.
[2025-12-21 11:18:54] Status: 0/2 devices online
[2025-12-21 11:19:15] [2025-12-21 11:19:15] Error pinging Google DNS (8.8.8.8): An exception occurred during a Ping request.
[2025-12-21 11:19:15] [2025-12-21 11:19:15] Error pinging Cloudflare DNS (1.1.1.1): An exception occurred during a Ping request.
[2025-12-21 11:19:45] [2025-12-21 11:19:45] Error pinging Google DNS (8.8.8.8): An exception occurred during a Ping request.
[2025-12-21 11:19:46] [2025-12-21 11:19:46] Error pinging Cloudflare DNS (1.1.1.1): An exception occurred during a Ping request.
[2025-12-21 11:19:54] Status: 0/2 devices online
[2025-12-21 11:20:16] [2025-12-21 11:20:16] Error pinging Google DNS (8.8.8.8): An exception occurred during a Ping request.
[2025-12-21 11:20:16] [2025-12-21 11:20:16] Error pinging Cloudflare DNS (1.1.1.1): An exception occurred during a Ping request.
[2025-12-21 11:20:46] [2025-12-21 11:20:46] Error pinging Google DNS (8.8.8.8): An exception occurred during a Ping request.
[2025-12-21 11:20:46] [2025-12-21 11:20:46] Error pinging Cloudflare DNS (1.1.1.1): An exception occurred during a Ping request.
[2025-12-21 11:20:54] Status: 0/2 devices online
[2025-12-21 11:21:16] [2025-12-21 11:21:16] Error pinging Google DNS (8.8.8.8): An exception occurred during a Ping request.
[2025-12-21 11:21:16] [2025-12-21 11:21:16] Error pinging Cloudflare DNS (1.1.1.1): An exception occurred during a Ping request.
[2025-12-21 11:21:46] [2025-12-21 11:21:46] Error pinging Google DNS (8.8.8.8): An exception occurred during a Ping request.
[2025-12-21 11:21:47] [2025-12-21 11:21:47] Error pinging Cloudflare DNS (1.1.1.1): An exception occurred during a Ping request.
[2025-12-21 11:21:54] Status: 0/2 devices online
[2025-12-21 11:22:17] [2025-12-21 11:22:17] Error pinging Google DNS (8.8.8.8): An exception occurred during a Ping request.
[2025-12-21 11:22:17] [2025-12-21 11:22:17] Error pinging Cloudflare DNS (1.1.1.1): An exception occurred during a Ping request.
[2025-12-21 11:22:47] [2025-12-21 11:22:47] Error pinging Google DNS (8.8.8.8): An exception occurred during a Ping request.
[2025-12-21 11:22:47] [2025-12-21 11:22:47] Error pinging Cloudflare DNS (1.1.1.1): An exception occurred during a Ping request.
[2025-12-21 11:22:54] Status: 0/2 devices online
[2025-12-21 11:23:17] [2025-12-21 11:23:17] Error pinging Google DNS (8.8.8.8): An exception occurred during a Ping request.
[2025-12-21 11:23:17] [2025-12-21 11:23:17] Error pinging Cloudflare DNS (1.1.1.1): An exception occurred during a Ping request.
[2025-12-21 11:23:47] [2025-12-21 11:23:47] Error pinging Google DNS (8.8.8.8): An exception occurred during a Ping request.
[2025-12-21 11:23:48] [2025-12-21 11:23:48] Error pinging Cloudflare DNS (1.1.1.1): An exception occurred during a Ping request.
[2025-12-21 11:23:54] Status: 0/2 devices online
[2025-12-21 11:24:18] [2025-12-21 11:24:18] Error pinging Google DNS (8.8.8.8): An exception occurred during a Ping request.
[2025-12-21 11:24:18] [2025-12-21 11:24:18] Error pinging Cloudflare DNS (1.1.1.1): An exception occurred during a Ping request.
[2025-12-21 11:24:48] [2025-12-21 11:24:48] Error pinging Google DNS (8.8.8.8): An exception occurred during a Ping request.
[2025-12-21 11:24:48] [2025-12-21 11:24:48] Error pinging Cloudflare DNS (1.1.1.1): An exception occurred during a Ping request.
[2025-12-21 11:24:54] Status: 0/2 devices online
[2025-12-21 11:25:18] [2025-12-21 11:25:18] Error pinging Google DNS (8.8.8.8): An exception occurred during a Ping request.
[2025-12-21 11:25:18] [2025-12-21 11:25:18] Error pinging Cloudflare DNS (1.1.1.1): An exception occurred during a Ping request.
[2025-12-21 11:25:48] [2025-12-21 11:25:48] Error pinging Google DNS (8.8.8.8): An exception occurred during a Ping request.
[2025-12-21 11:25:49] [2025-12-21 11:25:49] Error pinging Cloudflare DNS (1.1.1.1): An exception occurred during a Ping request.
[2025-12-21 11:25:54] Status: 0/2 devices online
[2025-12-21 11:26:19] [2025-12-21 11:26:19] Error pinging Google DNS (8.8.8.8): An exception occurred during a Ping request.
[2025-12-21 11:26:19] [2025-12-21 11:26:19] Error pinging Cloudflare DNS (1.1.1.1): An exception occurred during a Ping request.
[2025-12-21 11:26:49] [2025-12-21 11:26:49] Error pinging Google DNS (8.8.8.8): An exception occurred during a Ping request.
[2025-12-21 11:26:49] [2025-12-21 11:26:49] Error pinging Cloudflare DNS (1.1.1.1): An exception occurred during a Ping request.
[2025-12-21 11:26:54] Status: 0/2 devices online
[2025-12-21 11:27:19] [2025-12-21 11:27:19] Error pinging Google DNS (8.8.8.8): An exception occurred during a Ping request.
[2025-12-21 11:27:19] [2025-12-21 11:27:19] Error pinging Cloudflare DNS (1.1.1.1): An exception occurred during a Ping request.
[2025-12-21 11:27:49] [2025-12-21 11:27:49] Error pinging Google DNS (8.8.8.8): An exception occurred during a Ping request.
[2025-12-21 11:27:49] [2025-12-21 11:27:49] Error pinging Cloudflare DNS (1.1.1.1): An exception occurred during a Ping request.
[2025-12-21 11:27:54] Status: 0/2 devices online
[2025-12-21 11:28:20] [2025-12-21 11:28:20] Error pinging Google DNS (8.8.8.8): An exception occurred during a Ping request.
[2025-12-21 11:28:20] [2025-12-21 11:28:20] Error pinging Cloudflare DNS (1.1.1.1): An exception occurred during a Ping request.
[2025-12-21 11:28:50] [2025-12-21 11:28:50] Error pinging Google DNS (8.8.8.8): An exception occurred during a Ping request.
[2025-12-21 11:28:50] [2025-12-21 11:28:50] Error pinging Cloudflare DNS (1.1.1.1): An exception occurred during a Ping request.
[2025-12-21 11:28:54] Status: 0/2 devices online
[2025-12-21 11:29:20] [2025-12-21 11:29:20] Error pinging Google DNS (8.8.8.8): An exception occurred during a Ping request.
[2025-12-21 11:29:20] [2025-12-21 11:29:20] Error pinging Cloudflare DNS (1.1.1.1): An exception occurred during a Ping request.
[2025-12-21 11:29:50] [2025-12-21 11:29:50] Error pinging Google DNS (8.8.8.8): An exception occurred during a Ping request.
[2025-12-21 11:29:50] [2025-12-21 11:29:50] Error pinging Cloudflare DNS (1.1.1.1): An exception occurred during a Ping request.
[2025-12-21 11:29:54] Status: 0/2 devices online
[2025-12-21 11:30:21] [2025-12-21 11:30:21] Error pinging Google DNS (8.8.8.8): An exception occurred during a Ping request.
[2025-12-21 11:30:21] [2025-12-21 11:30:21] Error pinging Cloudflare DNS (1.1.1.1): An exception occurred during a Ping request.
[2025-12-21 11:30:51] [2025-12-21 11:30:51] Error pinging Google DNS (8.8.8.8): An exception occurred during a Ping request.
[2025-12-21 11:30:51] [2025-12-21 11:30:51] Error pinging Cloudflare DNS (1.1.1.1): An exception occurred during a Ping request.
[2025-12-21 11:30:54] Status: 0/2 devices online
[2025-12-21 11:31:21] [2025-12-21 11:31:21] Error pinging Google DNS (8.8.8.8): An exception occurred during a Ping request.
[2025-12-21 11:31:21] [2025-12-21 11:31:21] Error pinging Cloudflare DNS (1.1.1.1): An exception occurred during a Ping request.
[2025-12-21 11:31:51] [2025-12-21 11:31:51] Error pinging Google DNS (8.8.8.8): An exception occurred during a Ping request.
[2025-12-21 11:31:52] [2025-12-21 11:31:52] Error pinging Cloudflare DNS (1.1.1.1): An exception occurred during a Ping request.
[2025-12-21 11:31:54] Status: 0/2 devices online
[2025-12-21 11:32:22] [2025-12-21 11:32:22] Error pinging Google DNS (8.8.8.8): An exception occurred during a Ping request.
[2025-12-21 11:32:22] [2025-12-21 11:32:22] Error pinging Cloudflare DNS (1.1.1.1): An exception occurred during a Ping request.
[2025-12-21 11:32:52] [2025-12-21 11:32:52] Error pinging Google DNS (8.8.8.8): An exception occurred during a Ping request.
[2025-12-21 11:32:52] [2025-12-21 11:32:52] Error pinging Cloudflare DNS (1.1.1.1): An exception occurred during a Ping request.
[2025-12-21 11:32:54] Status: 0/2 devices online
[2025-12-21 11:33:22] [2025-12-21 11:33:22] Error pinging Google DNS (8.8.8.8): An exception occurred during a Ping request.
[2025-12-21 11:33:22] [2025-12-21 11:33:22] Error pinging Cloudflare DNS (1.1.1.1): An exception occurred during a Ping request.
[2025-12-21 11:33:52] [2025-12-21 11:33:52] Error pinging Google DNS (8.8.8.8): An exception occurred during a Ping request.
[2025-12-21 11:33:52] [2025-12-21 11:33:52] Error pinging Cloudflare DNS (1.1.1.1): An exception occurred during a Ping request.
[2025-12-21 13:36:48] Status: 0/2 devices online
[2025-12-21 13:37:17] [2025-12-21 13:37:17] Device Google DNS is now Online (Ping: 23ms)
[2025-12-21 13:37:17] [2025-12-21 13:37:17] Device Cloudflare DNS is now Online (Ping: 35ms)
[2025-12-21 13:37:45] Status: 2/2 devices online
[2025-12-21 13:38:45] Status: 2/2 devices online
[2025-12-21 13:39:45] Status: 2/2 devices online
[2025-12-21 13:40:45] Status: 2/2 devices online
[2025-12-21 13:41:45] Status: 2/2 devices online
[2025-12-21 13:42:45] Status: 2/2 devices online
[2025-12-21 13:42:52] [2025-12-21 13:42:52] Device Cloudflare DNS is now Offline (Ping: 0ms)
[2025-12-21 13:43:22] [2025-12-21 13:43:22] Device Cloudflare DNS is now Online (Ping: 26ms)
[2025-12-21 13:43:45] Status: 2/2 devices online
[2025-12-21 13:43:54] [2025-12-21 13:43:54] Device Cloudflare DNS is now Offline (Ping: 0ms)
[2025-12-21 13:44:24] [2025-12-21 13:44:24] Device Cloudflare DNS is now Online (Ping: 30ms)
[2025-12-21 13:44:45] Status: 2/2 devices online
[2025-12-21 13:45:27] [2025-12-21 13:45:27] Device Cloudflare DNS is now Offline (Ping: 0ms)
[2025-12-21 13:45:45] Status: 1/2 devices online
[2025-12-21 13:45:57] [2025-12-21 13:45:57] Device Cloudflare DNS is now Online (Ping: 38ms)
[2025-12-21 13:46:45] Status: 2/2 devices online
[2025-12-21 13:46:59] [2025-12-21 13:46:59] Device Cloudflare DNS is now Offline (Ping: 0ms)
[2025-12-21 13:47:30] [2025-12-21 13:47:30] Device Cloudflare DNS is now Online (Ping: 292ms)
[2025-12-21 13:47:45] Status: 2/2 devices online
[2025-12-21 13:48:45] Status: 2/2 devices online
[2025-12-21 13:49:45] Status: 2/2 devices online
[2025-12-21 13:50:45] Status: 2/2 devices online
[2025-12-21 13:51:45] Status: 2/2 devices online
[2025-12-21 13:52:34] [2025-12-21 13:52:34] Device Cloudflare DNS is now Offline (Ping: 0ms)
[2025-12-21 13:52:45] Status: 1/2 devices online
[2025-12-21 13:53:04] [2025-12-21 13:53:04] Device Cloudflare DNS is now Online (Ping: 37ms)
[2025-12-21 13:53:45] Status: 2/2 devices online
[2025-12-21 13:54:36] [2025-12-21 13:54:36] Device Cloudflare DNS is now Offline (Ping: 0ms)
[2025-12-21 13:54:45] Status: 1/2 devices online
[2025-12-21 13:55:06] [2025-12-21 13:55:06] Device Cloudflare DNS is now Online (Ping: 81ms)
[2025-12-21 13:55:45] Status: 2/2 devices online
[2025-12-21 13:56:45] Status: 2/2 devices online
[2025-12-21 13:57:45] Status: 2/2 devices online
[2025-12-21 13:58:45] Status: 2/2 devices online
[2025-12-21 13:59:46] Status: 2/2 devices online
[2025-12-21 14:00:41] [2025-12-21 14:00:41] Device Cloudflare DNS is now Offline (Ping: 0ms)
[2025-12-21 14:00:46] Status: 1/2 devices online
[2025-12-21 14:01:11] [2025-12-21 14:01:11] Device Cloudflare DNS is now Online (Ping: 32ms)
[2025-12-21 14:01:43] [2025-12-21 14:01:43] Device Cloudflare DNS is now Offline (Ping: 0ms)
[2025-12-21 14:01:46] Status: 1/2 devices online
[2025-12-21 14:02:13] [2025-12-21 14:02:13] Device Cloudflare DNS is now Online (Ping: 59ms)
[2025-12-21 14:02:46] Status: 2/2 devices online
[2025-12-21 14:03:46] Status: 2/2 devices online
[2025-12-21 14:04:46] Status: 2/2 devices online
[2025-12-21 14:05:46] Status: 2/2 devices online
[2025-12-21 14:06:17] [2025-12-21 14:06:17] Device Cloudflare DNS is now Offline (Ping: 0ms)
[2025-12-21 14:06:46] Status: 1/2 devices online
[2025-12-21 14:06:47] [2025-12-21 14:06:47] Device Cloudflare DNS is now Online (Ping: 38ms)
[2025-12-21 14:07:46] Status: 2/2 devices online
[2025-12-21 14:08:46] Status: 2/2 devices online
[2025-12-21 14:09:46] Status: 2/2 devices online
[2025-12-21 14:09:50] [2025-12-21 14:09:50] Device Cloudflare DNS is now Offline (Ping: 0ms)
[2025-12-21 14:10:20] [2025-12-21 14:10:20] Device Cloudflare DNS is now Online (Ping: 35ms)
[2025-12-21 14:10:46] Status: 2/2 devices online
[2025-12-21 14:11:46] Status: 2/2 devices online
[2025-12-21 14:11:53] [2025-12-21 14:11:53] Device Cloudflare DNS is now Offline (Ping: 0ms)
[2025-12-21 14:12:23] [2025-12-21 14:12:23] Device Cloudflare DNS is now Online (Ping: 29ms)
[2025-12-21 14:12:46] Status: 2/2 devices online
[2025-12-21 14:13:46] Status: 2/2 devices online
[2025-12-21 14:14:46] Status: 2/2 devices online
[2025-12-21 14:15:46] Status: 2/2 devices online
[2025-12-21 14:16:46] Status: 2/2 devices online
[2025-12-21 14:17:46] Status: 2/2 devices online
[2025-12-21 14:18:46] Status: 2/2 devices online
[2025-12-21 14:19:46] Status: 2/2 devices online
[2025-12-21 14:20:28] [2025-12-21 14:20:28] Device Cloudflare DNS is now Offline (Ping: 0ms)
[2025-12-21 14:20:46] Status: 1/2 devices online
[2025-12-21 14:20:58] [2025-12-21 14:20:58] Device Cloudflare DNS is now Online (Ping: 34ms)
[2025-12-21 14:21:46] Status: 2/2 devices online
[2025-12-21 14:22:46] Status: 2/2 devices online
[2025-12-21 14:23:31] [2025-12-21 14:23:31] Device Cloudflare DNS is now Offline (Ping: 0ms)
[2025-12-21 14:23:46] Status: 1/2 devices online
[2025-12-21 14:24:01] [2025-12-21 14:24:01] Device Cloudflare DNS is now Online (Ping: 32ms)
[2025-12-21 14:24:33] [2025-12-21 14:24:33] Device Cloudflare DNS is now Offline (Ping: 0ms)
[2025-12-21 14:24:46] Status: 1/2 devices online
[2025-12-21 14:25:03] [2025-12-21 14:25:03] Device Cloudflare DNS is now Online (Ping: 32ms)
[2025-12-21 14:25:46] Status: 2/2 devices online
[2025-12-21 14:26:46] Status: 2/2 devices online
[2025-12-21 14:27:06] [2025-12-21 14:27:06] Device Cloudflare DNS is now Offline (Ping: 0ms)
[2025-12-21 14:27:36] [2025-12-21 14:27:36] Device Cloudflare DNS is now Online (Ping: 79ms)
[2025-12-21 14:27:46] Status: 2/2 devices online
[2025-12-21 14:28:46] Status: 2/2 devices online
[2025-12-21 14:29:46] Status: 2/2 devices online
[2025-12-21 14:30:09] [2025-12-21 14:30:09] Device Cloudflare DNS is now Offline (Ping: 0ms)
[2025-12-21 14:30:39] [2025-12-21 14:30:39] Device Cloudflare DNS is now Online (Ping: 30ms)
[2025-12-21 14:30:46] Status: 2/2 devices online
[2025-12-21 14:31:46] Status: 2/2 devices online
[2025-12-21 14:32:46] Status: 2/2 devices online
[2025-12-21 14:33:46] Status: 2/2 devices online
[2025-12-21 14:34:13] [2025-12-21 14:34:13] Device Cloudflare DNS is now Offline (Ping: 0ms)
[2025-12-21 14:34:43] [2025-12-21 14:34:43] Device Cloudflare DNS is now Online (Ping: 31ms)
[2025-12-21 14:34:46] Status: 2/2 devices online
[2025-12-21 14:35:46] Status: 2/2 devices online
[2025-12-21 14:36:46] [2025-12-21 14:36:46] Device Cloudflare DNS is now Offline (Ping: 0ms)
[2025-12-21 14:36:46] Status: 1/2 devices online
[2025-12-21 14:37:16] [2025-12-21 14:37:16] Device Cloudflare DNS is now Online (Ping: 31ms)
[2025-12-21 14:37:46] Status: 2/2 devices online
[2025-12-21 14:37:48] [2025-12-21 14:37:48] Device Cloudflare DNS is now Offline (Ping: 0ms)
[2025-12-21 14:38:18] [2025-12-21 14:38:18] Device Cloudflare DNS is now Online (Ping: 33ms)
[2025-12-21 14:38:46] Status: 2/2 devices online
[2025-12-21 14:38:50] [2025-12-21 14:38:50] Device Cloudflare DNS is now Offline (Ping: 0ms)
[2025-12-21 14:39:20] [2025-12-21 14:39:20] Device Cloudflare DNS is now Online (Ping: 73ms)
[2025-12-21 14:39:46] Status: 2/2 devices online
[2025-12-21 14:40:46] Status: 2/2 devices online
[2025-12-21 14:41:46] Status: 2/2 devices online
[2025-12-21 14:42:23] [2025-12-21 14:42:23] Device Cloudflare DNS is now Offline (Ping: 0ms)
[2025-12-21 14:42:46] Status: 1/2 devices online
[2025-12-21 14:42:53] [2025-12-21 14:42:53] Device Cloudflare DNS is now Online (Ping: 36ms)
[2025-12-21 14:43:46] Status: 2/2 devices online
[2025-12-21 14:43:56] [2025-12-21 14:43:56] Device Cloudflare DNS is now Offline (Ping: 0ms)
[2025-12-22 05:34:25] [2025-12-22 05:34:25] Error pinging Google DNS (8.8.8.8): An exception occurred during a Ping request.
[2025-12-22 05:34:25] [2025-12-22 05:34:25] Device Google DNS is now Offline (Ping: 0ms)
[2025-12-22 05:34:25] [2025-12-22 05:34:25] Error pinging Cloudflare DNS (1.1.1.1): An exception occurred during a Ping request.
[2025-12-22 05:34:45] Status: 0/2 devices online
[2025-12-22 05:34:55] [2025-12-22 05:34:55] Error pinging Google DNS (8.8.8.8): An exception occurred during a Ping request.
[2025-12-22 05:34:55] [2025-12-22 05:34:55] Error pinging Cloudflare DNS (1.1.1.1): An exception occurred during a Ping request.
[2025-12-22 05:35:25] [2025-12-22 05:35:25] Error pinging Google DNS (8.8.8.8): An exception occurred during a Ping request.
[2025-12-22 05:35:25] [2025-12-22 05:35:25] Error pinging Cloudflare DNS (1.1.1.1): An exception occurred during a Ping request.
[2025-12-22 05:35:45] Status: 0/2 devices online
[2025-12-22 05:35:55] [2025-12-22 05:35:55] Error pinging Google DNS (8.8.8.8): An exception occurred during a Ping request.
[2025-12-22 05:35:56] [2025-12-22 05:35:56] Error pinging Cloudflare DNS (1.1.1.1): An exception occurred during a Ping request.
[2025-12-22 05:36:26] [2025-12-22 05:36:26] Error pinging Google DNS (8.8.8.8): An exception occurred during a Ping request.
[2025-12-22 05:36:26] [2025-12-22 05:36:26] Error pinging Cloudflare DNS (1.1.1.1): An exception occurred during a Ping request.
[2025-12-22 05:36:45] Status: 0/2 devices online
[2025-12-22 05:36:56] [2025-12-22 05:36:56] Error pinging Google DNS (8.8.8.8): An exception occurred during a Ping request.
[2025-12-22 05:36:56] [2025-12-22 05:36:56] Error pinging Cloudflare DNS (1.1.1.1): An exception occurred during a Ping request.
[2025-12-22 05:37:26] [2025-12-22 05:37:26] Error pinging Google DNS (8.8.8.8): An exception occurred during a Ping request.
[2025-12-22 05:37:26] [2025-12-22 05:37:26] Error pinging Cloudflare DNS (1.1.1.1): An exception occurred during a Ping request.
[2025-12-22 05:37:45] Status: 0/2 devices online
[2025-12-22 05:37:56] [2025-12-22 05:37:56] Error pinging Google DNS (8.8.8.8): An exception occurred during a Ping request.
[2025-12-22 05:37:57] [2025-12-22 05:37:57] Error pinging Cloudflare DNS (1.1.1.1): An exception occurred during a Ping request.
[2025-12-22 05:38:27] [2025-12-22 05:38:27] Error pinging Google DNS (8.8.8.8): An exception occurred during a Ping request.
[2025-12-22 05:38:27] [2025-12-22 05:38:27] Error pinging Cloudflare DNS (1.1.1.1): An exception occurred during a Ping request.
[2025-12-22 05:38:45] Status: 0/2 devices online
[2025-12-22 05:38:57] [2025-12-22 05:38:57] Error pinging Google DNS (8.8.8.8): An exception occurred during a Ping request.
[2025-12-22 05:38:57] [2025-12-22 05:38:57] Error pinging Cloudflare DNS (1.1.1.1): An exception occurred during a Ping request.
[2025-12-22 05:39:27] [2025-12-22 05:39:27] Error pinging Google DNS (8.8.8.8): An exception occurred during a Ping request.
[2025-12-22 05:39:27] [2025-12-22 05:39:27] Error pinging Cloudflare DNS (1.1.1.1): An exception occurred during a Ping request.
[2025-12-22 05:39:45] Status: 0/2 devices online
[2025-12-22 05:39:57] [2025-12-22 05:39:57] Error pinging Google DNS (8.8.8.8): An exception occurred during a Ping request.
[2025-12-22 05:39:57] [2025-12-22 05:39:57] Error pinging Cloudflare DNS (1.1.1.1): An exception occurred during a Ping request.
[2025-12-22 05:40:28] [2025-12-22 05:40:28] Error pinging Google DNS (8.8.8.8): An exception occurred during a Ping request.
[2025-12-22 05:40:28] [2025-12-22 05:40:28] Error pinging Cloudflare DNS (1.1.1.1): An exception occurred during a Ping request.
[2025-12-22 05:40:45] Status: 0/2 devices online
[2025-12-22 05:40:58] [2025-12-22 05:40:58] Error pinging Google DNS (8.8.8.8): An exception occurred during a Ping request.
[2025-12-22 05:40:58] [2025-12-22 05:40:58] Error pinging Cloudflare DNS (1.1.1.1): An exception occurred during a Ping request.
[2025-12-22 05:41:28] [2025-12-22 05:41:28] Error pinging Google DNS (8.8.8.8): An exception occurred during a Ping request.
[2025-12-22 05:41:28] [2025-12-22 05:41:28] Error pinging Cloudflare DNS (1.1.1.1): An exception occurred during a Ping request.
[2025-12-22 05:41:45] Status: 0/2 devices online
[2025-12-22 05:46:23] [2025-12-22 05:46:23] Error pinging Google DNS (8.8.8.8): An exception occurred during a Ping request.
[2025-12-22 05:46:23] [2025-12-22 05:46:23] Error pinging Cloudflare DNS (1.1.1.1): An exception occurred during a Ping request.
[2025-12-22 05:46:53] [2025-12-22 05:46:53] Error pinging Google DNS (8.8.8.8): An exception occurred during a Ping request.
[2025-12-22 05:46:53] [2025-12-22 05:46:53] Error pinging Cloudflare DNS (1.1.1.1): An exception occurred during a Ping request.
[2025-12-22 05:47:09] Status: 0/2 devices online
[2025-12-22 05:47:23] [2025-12-22 05:47:23] Error pinging Google DNS (8.8.8.8): An exception occurred during a Ping request.
[2025-12-22 05:47:23] [2025-12-22 05:47:23] Error pinging Cloudflare DNS (1.1.1.1): An exception occurred during a Ping request.
[2025-12-22 05:47:53] [2025-12-22 05:47:53] Error pinging Google DNS (8.8.8.8): An exception occurred during a Ping request.
[2025-12-22 05:47:53] [2025-12-22 05:47:53] Error pinging Cloudflare DNS (1.1.1.1): An exception occurred during a Ping request.
[2025-12-22 05:48:09] Status: 0/2 devices online
[2025-12-22 05:48:24] [2025-12-22 05:48:24] Error pinging Google DNS (8.8.8.8): An exception occurred during a Ping request.
[2025-12-22 05:48:24] [2025-12-22 05:48:24] Error pinging Cloudflare DNS (1.1.1.1): An exception occurred during a Ping request.
[2025-12-22 05:48:54] [2025-12-22 05:48:54] Error pinging Google DNS (8.8.8.8): An exception occurred during a Ping request.
[2025-12-22 05:48:54] [2025-12-22 05:48:54] Error pinging Cloudflare DNS (1.1.1.1): An exception occurred during a Ping request.
[2025-12-22 05:49:09] Status: 0/2 devices online
[2025-12-22 05:49:24] [2025-12-22 05:49:24] Error pinging Google DNS (8.8.8.8): An exception occurred during a Ping request.
[2025-12-22 05:49:24] [2025-12-22 05:49:24] Error pinging Cloudflare DNS (1.1.1.1): An exception occurred during a Ping request.
[2025-12-22 05:49:54] [2025-12-22 05:49:54] Error pinging Google DNS (8.8.8.8): An exception occurred during a Ping request.
[2025-12-22 05:49:54] [2025-12-22 05:49:54] Error pinging Cloudflare DNS (1.1.1.1): An exception occurred during a Ping request.
[2025-12-22 05:50:09] Status: 0/2 devices online
[2025-12-22 05:50:25] [2025-12-22 05:50:25] Error pinging Google DNS (8.8.8.8): An exception occurred during a Ping request.
[2025-12-22 05:50:25] [2025-12-22 05:50:25] Error pinging Cloudflare DNS (1.1.1.1): An exception occurred during a Ping request.
[2025-12-22 05:50:55] [2025-12-22 05:50:55] Error pinging Google DNS (8.8.8.8): An exception occurred during a Ping request.
[2025-12-22 05:50:55] [2025-12-22 05:50:55] Error pinging Cloudflare DNS (1.1.1.1): An exception occurred during a Ping request.
[2025-12-22 05:51:09] Status: 0/2 devices online
[2025-12-22 05:51:25] [2025-12-22 05:51:25] Error pinging Google DNS (8.8.8.8): An exception occurred during a Ping request.
[2025-12-22 05:51:25] [2025-12-22 05:51:25] Error pinging Cloudflare DNS (1.1.1.1): An exception occurred during a Ping request.
[2025-12-22 05:51:55] [2025-12-22 05:51:55] Error pinging Google DNS (8.8.8.8): An exception occurred during a Ping request.
[2025-12-22 05:51:55] [2025-12-22 05:51:55] Error pinging Cloudflare DNS (1.1.1.1): An exception occurred during a Ping request.
[2025-12-22 05:52:09] Status: 0/2 devices online
[2025-12-22 05:52:26] [2025-12-22 05:52:26] Error pinging Google DNS (8.8.8.8): An exception occurred during a Ping request.
[2025-12-22 05:52:26] [2025-12-22 05:52:26] Error pinging Cloudflare DNS (1.1.1.1): An exception occurred during a Ping request.
[2025-12-22 05:52:56] [2025-12-22 05:52:56] Error pinging Google DNS (8.8.8.8): An exception occurred during a Ping request.
[2025-12-22 05:52:56] [2025-12-22 05:52:56] Error pinging Cloudflare DNS (1.1.1.1): An exception occurred during a Ping request.
[2025-12-22 05:53:09] Status: 0/2 devices online
[2025-12-22 05:53:26] [2025-12-22 05:53:26] Error pinging Google DNS (8.8.8.8): An exception occurred during a Ping request.
[2025-12-22 05:53:26] [2025-12-22 05:53:26] Error pinging Cloudflare DNS (1.1.1.1): An exception occurred during a Ping request.
[2025-12-22 05:53:56] [2025-12-22 05:53:56] Error pinging Google DNS (8.8.8.8): An exception occurred during a Ping request.
[2025-12-22 05:53:56] [2025-12-22 05:53:56] Error pinging Cloudflare DNS (1.1.1.1): An exception occurred during a Ping request.
[2025-12-22 05:54:09] Status: 0/2 devices online
[2025-12-22 05:54:27] [2025-12-22 05:54:27] Error pinging Google DNS (8.8.8.8): An exception occurred during a Ping request.
[2025-12-22 05:54:27] [2025-12-22 05:54:27] Error pinging Cloudflare DNS (1.1.1.1): An exception occurred during a Ping request.
[2025-12-22 05:54:57] [2025-12-22 05:54:57] Error pinging Google DNS (8.8.8.8): An exception occurred during a Ping request.
[2025-12-22 05:54:57] [2025-12-22 05:54:57] Error pinging Cloudflare DNS (1.1.1.1): An exception occurred during a Ping request.
[2025-12-22 05:55:09] Status: 0/2 devices online
[2025-12-22 05:55:27] [2025-12-22 05:55:27] Error pinging Google DNS (8.8.8.8): An exception occurred during a Ping request.
[2025-12-22 05:55:27] [2025-12-22 05:55:27] Error pinging Cloudflare DNS (1.1.1.1): An exception occurred during a Ping request.
[2025-12-22 05:55:57] [2025-12-22 05:55:57] Error pinging Google DNS (8.8.8.8): An exception occurred during a Ping request.
[2025-12-22 05:55:57] [2025-12-22 05:55:57] Error pinging Cloudflare DNS (1.1.1.1): An exception occurred during a Ping request.
[2025-12-22 05:56:10] Status: 0/2 devices online
[2025-12-22 05:56:27] [2025-12-22 05:56:27] Error pinging Google DNS (8.8.8.8): An exception occurred during a Ping request.
[2025-12-22 05:56:28] [2025-12-22 05:56:28] Error pinging Cloudflare DNS (1.1.1.1): An exception occurred during a Ping request.
[2025-12-22 05:56:58] [2025-12-22 05:56:58] Error pinging Google DNS (8.8.8.8): An exception occurred during a Ping request.
[2025-12-22 05:56:58] [2025-12-22 05:56:58] Error pinging Cloudflare DNS (1.1.1.1): An exception occurred during a Ping request.
[2025-12-22 05:57:10] Status: 0/2 devices online
[2025-12-22 05:57:28] [2025-12-22 05:57:28] Error pinging Google DNS (8.8.8.8): An exception occurred during a Ping request.
[2025-12-22 05:57:28] [2025-12-22 05:57:28] Error pinging Cloudflare DNS (1.1.1.1): An exception occurred during a Ping request.
[2025-12-22 05:57:58] [2025-12-22 05:57:58] Device Google DNS is now Online (Ping: 67ms)
[2025-12-22 05:57:58] [2025-12-22 05:57:58] Device Cloudflare DNS is now Online (Ping: 43ms)
[2025-12-22 05:58:10] Status: 2/2 devices online
[2025-12-22 05:59:10] Status: 2/2 devices online
[2025-12-22 06:00:10] Status: 2/2 devices online
[2025-12-22 06:01:10] Status: 2/2 devices online
[2025-12-22 06:02:10] Status: 2/2 devices online
[2025-12-22 06:03:10] Status: 2/2 devices online
[2025-12-22 06:04:10] Status: 2/2 devices online
[2025-12-22 06:05:10] Status: 2/2 devices online
[2025-12-22 06:06:10] Status: 2/2 devices online
[2025-12-22 06:07:10] Status: 2/2 devices online
[2025-12-22 06:08:10] Status: 2/2 devices online
[2025-12-22 06:09:10] Status: 2/2 devices online
[2025-12-22 06:10:10] Status: 2/2 devices online
[2025-12-22 06:11:10] Status: 2/2 devices online
[2025-12-22 06:12:10] Status: 2/2 devices online
[2025-12-22 06:13:10] Status: 2/2 devices online
[2025-12-22 06:14:10] Status: 2/2 devices online
[2025-12-22 06:15:10] Status: 2/2 devices online
[2025-12-22 06:16:10] Status: 2/2 devices online
[2025-12-22 06:17:10] Status: 2/2 devices online
[2025-12-22 06:18:10] Status: 2/2 devices online
[2025-12-22 06:19:10] Status: 2/2 devices online
[2025-12-22 06:20:10] Status: 2/2 devices online
[2025-12-22 06:21:10] Status: 2/2 devices online
[2025-12-22 06:22:10] Status: 2/2 devices online
[2025-12-22 06:23:10] Status: 2/2 devices online
[2025-12-22 06:24:10] Status: 2/2 devices online
[2025-12-22 06:25:10] Status: 2/2 devices online
[2025-12-22 06:26:10] Status: 2/2 devices online
[2025-12-22 06:27:10] Status: 2/2 devices online
[2025-12-22 06:28:10] Status: 2/2 devices online
[2025-12-22 06:29:10] Status: 2/2 devices online
[2025-12-22 06:30:10] Status: 2/2 devices online
[2025-12-22 06:31:10] Status: 2/2 devices online
[2025-12-22 06:32:10] Status: 2/2 devices online
[2025-12-22 06:33:10] Status: 2/2 devices online
[2025-12-22 06:33:52] [2025-12-22 06:33:52] Monitoring engine stopped.
[2025-12-22 06:33:57] Network Monitor Service stopped.
[2025-12-22 06:40:20] [2025-12-22 06:40:20] Monitoring engine started.
[2025-12-22 06:40:20] Network Monitor Service started successfully.
[2025-12-22 06:40:20] [2025-12-22 06:40:20] Starting to monitor 2 devices...
[2025-12-22 06:40:20] Status: 0/2 devices online
[2025-12-22 06:40:20] [2025-12-22 06:40:20] Device Google DNS is now Online (Ping: 19ms)
[2025-12-22 06:40:21] [2025-12-22 06:40:21] Device Cloudflare DNS is now Online (Ping: 34ms)
[2025-12-22 06:41:20] Status: 2/2 devices online
[2025-12-22 06:42:20] Status: 2/2 devices online
[2025-12-22 06:43:20] Status: 2/2 devices online
[2025-12-22 06:43:59] [2025-12-22 06:43:59] Device Google DNS is now Offline (Ping: 0ms)
[2025-12-22 06:43:59] [2025-12-22 06:43:59] Device Cloudflare DNS is now Offline (Ping: 0ms)
[2025-12-22 06:44:20] Status: 0/2 devices online
[2025-12-22 06:44:29] [2025-12-22 06:44:29] Device Google DNS is now Online (Ping: 55ms)
[2025-12-22 06:44:29] [2025-12-22 06:44:29] Device Cloudflare DNS is now Online (Ping: 44ms)
[2025-12-22 06:45:20] Status: 2/2 devices online
[2025-12-22 06:46:20] Status: 2/2 devices online
[2025-12-22 06:47:20] Status: 2/2 devices online
[2025-12-22 06:48:20] Status: 2/2 devices online
[2025-12-22 06:49:20] Status: 2/2 devices online
[2025-12-22 06:50:20] Status: 2/2 devices online
[2025-12-22 06:51:20] Status: 2/2 devices online
[2025-12-22 06:52:20] Status: 2/2 devices online
[2025-12-22 06:53:20] Status: 2/2 devices online
[2025-12-22 06:54:20] Status: 2/2 devices online
[2025-12-22 06:55:20] Status: 2/2 devices online
[2025-12-22 06:56:20] Status: 2/2 devices online
[2025-12-22 06:57:21] Status: 2/2 devices online
[2025-12-22 06:58:21] Status: 2/2 devices online
[2025-12-22 06:59:21] Status: 2/2 devices online
[2025-12-22 07:00:21] Status: 2/2 devices online
[2025-12-22 07:01:21] Status: 2/2 devices online
[2025-12-22 07:02:21] Status: 2/2 devices online
[2025-12-22 07:03:21] Status: 2/2 devices online
[2025-12-22 07:04:21] Status: 2/2 devices online
[2025-12-22 07:05:21] Status: 2/2 devices online
[2025-12-22 07:06:21] Status: 2/2 devices online
[2025-12-22 07:07:21] Status: 2/2 devices online
[2025-12-22 07:08:21] Status: 2/2 devices online
[2025-12-22 07:09:21] Status: 2/2 devices online
[2025-12-22 07:10:21] Status: 2/2 devices online
[2025-12-22 07:11:21] Status: 2/2 devices online
[2025-12-22 07:12:21] Status: 2/2 devices online
[2025-12-22 07:13:21] Status: 2/2 devices online
[2025-12-22 07:14:21] Status: 2/2 devices online
[2025-12-22 07:15:21] Status: 2/2 devices online
[2025-12-22 07:16:21] Status: 2/2 devices online
[2025-12-22 07:17:21] Status: 2/2 devices online
[2025-12-22 07:18:21] Status: 2/2 devices online
[2025-12-22 07:19:21] Status: 2/2 devices online
[2025-12-22 07:20:21] Status: 2/2 devices online
[2025-12-22 07:21:21] Status: 2/2 devices online
[2025-12-22 07:22:21] Status: 2/2 devices online
[2025-12-22 07:23:21] Status: 2/2 devices online
[2025-12-22 07:24:21] Status: 2/2 devices online
[2025-12-22 07:25:21] Status: 2/2 devices online
[2025-12-22 07:26:21] Status: 2/2 devices online
[2025-12-22 07:27:21] Status: 2/2 devices online
[2025-12-22 07:28:21] Status: 2/2 devices online
[2025-12-22 07:29:21] Status: 2/2 devices online
[2025-12-22 07:30:21] Status: 2/2 devices online
[2025-12-22 07:31:21] Status: 2/2 devices online
[2025-12-22 07:32:21] Status: 2/2 devices online
[2025-12-22 07:33:21] Status: 2/2 devices online
[2025-12-22 07:34:21] Status: 2/2 devices online
[2025-12-22 07:35:21] Status: 2/2 devices online
[2025-12-22 07:36:21] Status: 2/2 devices online
[2025-12-22 07:37:21] Status: 2/2 devices online
[2025-12-22 07:38:21] Status: 2/2 devices online
[2025-12-22 07:39:21] Status: 2/2 devices online
[2025-12-22 07:40:21] Status: 2/2 devices online
[2025-12-22 07:41:21] Status: 2/2 devices online
[2025-12-22 07:42:21] Status: 2/2 devices online
[2025-12-22 07:43:21] Status: 2/2 devices online
[2025-12-22 07:44:21] Status: 2/2 devices online
[2025-12-22 07:45:21] Status: 2/2 devices online
[2025-12-22 07:46:21] Status: 2/2 devices online
[2025-12-22 07:47:21] Status: 2/2 devices online
[2025-12-22 07:48:21] Status: 2/2 devices online
[2025-12-22 07:49:21] Status: 2/2 devices online
[2025-12-22 07:50:21] Status: 2/2 devices online
[2025-12-22 07:51:21] Status: 2/2 devices online
[2025-12-22 07:52:21] Status: 2/2 devices online
[2025-12-22 07:53:21] Status: 2/2 devices online
[2025-12-22 07:54:21] Status: 2/2 devices online
[2025-12-22 07:55:21] Status: 2/2 devices online
[2025-12-22 07:56:21] Status: 2/2 devices online
[2025-12-22 07:57:21] Status: 2/2 devices online
[2025-12-22 07:58:21] Status: 2/2 devices online
[2025-12-22 07:59:21] Status: 2/2 devices online
[2025-12-22 08:00:21] Status: 2/2 devices online
[2025-12-22 08:01:21] Status: 2/2 devices online
[2025-12-22 08:02:21] Status: 2/2 devices online
[2025-12-22 08:03:21] Status: 2/2 devices online
[2025-12-22 08:04:21] Status: 2/2 devices online
[2025-12-22 08:05:21] Status: 2/2 devices online
[2025-12-22 08:06:21] Status: 2/2 devices online
[2025-12-22 08:07:21] Status: 2/2 devices online
[2025-12-22 08:08:21] Status: 2/2 devices online
[2025-12-22 08:09:21] Status: 2/2 devices online
[2025-12-22 08:10:21] Status: 2/2 devices online
[2025-12-22 08:11:21] Status: 2/2 devices online
[2025-12-22 08:12:21] Status: 2/2 devices online
[2025-12-22 08:13:21] Status: 2/2 devices online
[2025-12-22 08:14:21] Status: 2/2 devices online
[2025-12-22 08:15:21] Status: 2/2 devices online
[2025-12-22 08:16:21] Status: 2/2 devices online
[2025-12-22 08:17:21] Status: 2/2 devices online
[2025-12-22 08:18:21] Status: 2/2 devices online
[2025-12-22 08:19:21] Status: 2/2 devices online
[2025-12-22 08:20:21] Status: 2/2 devices online
[2025-12-22 08:21:21] Status: 2/2 devices online
[2025-12-22 08:22:21] Status: 2/2 devices online
[2025-12-22 08:23:21] Status: 2/2 devices online
[2025-12-22 08:24:21] Status: 2/2 devices online
[2025-12-22 08:25:19] [2025-12-22 08:25:19] Monitoring engine stopped.
[2025-12-22 08:25:21] Network Monitor Service stopped.
[2025-12-22 14:06:54] [2025-12-22 14:06:54] Monitoring engine started.
[2025-12-22 14:06:54] Network Monitor Service started successfully.
[2025-12-22 14:06:54] [2025-12-22 14:06:54] Starting to monitor 2 devices...
[2025-12-22 14:06:54] Status: 0/2 devices online
[2025-12-22 14:06:54] [2025-12-22 14:06:54] Device Google DNS is now Online (Ping: 42ms)
[2025-12-22 14:06:55] [2025-12-22 14:06:55] Device Cloudflare DNS is now Online (Ping: 72ms)
[2025-12-22 14:07:41] [2025-12-22 14:07:41] Monitoring engine stopped.
[2025-12-22 14:07:46] Network Monitor Service stopped.
[2025-12-23 03:48:01] [2025-12-23 03:48:01] Monitoring engine started.
[2025-12-23 03:48:01] Network Monitor Service started successfully.
[2025-12-23 03:48:01] [2025-12-23 03:48:01] Starting to monitor 2 devices...
[2025-12-23 03:48:01] Status: 0/2 devices online
[2025-12-23 03:48:01] [2025-12-23 03:48:01] Device Google DNS is now Online (Ping: 33ms)
[2025-12-23 03:48:01] [2025-12-23 03:48:01] Device Cloudflare DNS is now Online (Ping: 35ms)
[2025-12-23 03:49:01] Status: 2/2 devices online
[2025-12-23 03:49:29] [2025-12-23 03:49:29] Monitoring engine stopped.
[2025-12-23 03:49:34] Network Monitor Service stopped.
[2025-12-23 03:49:35] [2025-12-23 03:49:35] Monitoring engine started.
[2025-12-23 03:49:35] Network Monitor Service started successfully.
[2025-12-23 03:49:35] [2025-12-23 03:49:35] Starting to monitor 3 devices...
[2025-12-23 03:49:35] Status: 0/3 devices online
[2025-12-23 03:49:35] [2025-12-23 03:49:35] Device Google DNS is now Online (Ping: 31ms)
[2025-12-23 03:49:35] [2025-12-23 03:49:35] Device Cloudflare DNS is now Online (Ping: 51ms)
[2025-12-23 03:50:35] Status: 2/3 devices online
[2025-12-23 03:51:35] Status: 2/3 devices online
[2025-12-23 03:52:35] Status: 2/3 devices online
[2025-12-23 03:53:35] Status: 2/3 devices online
[2025-12-23 03:54:35] Status: 2/3 devices online
[2025-12-23 03:55:35] Status: 2/3 devices online
[2025-12-23 03:56:35] Status: 2/3 devices online
[2025-12-23 03:57:35] Status: 2/3 devices online
[2025-12-23 03:58:35] Status: 2/3 devices online
[2025-12-23 03:59:35] Status: 2/3 devices online
[2025-12-23 04:00:35] Status: 2/3 devices online
[2025-12-23 04:01:35] Status: 2/3 devices online
[2025-12-23 04:02:35] Status: 2/3 devices online
[2025-12-23 04:03:35] Status: 2/3 devices online
[2025-12-23 04:04:35] Status: 2/3 devices online
[2025-12-23 04:05:35] Status: 2/3 devices online
[2025-12-23 04:06:35] Status: 2/3 devices online
[2025-12-23 04:07:35] Status: 2/3 devices online
[2025-12-23 04:08:35] Status: 2/3 devices online
[2025-12-23 04:09:35] Status: 2/3 devices online
[2025-12-23 04:10:35] Status: 2/3 devices online
[2025-12-23 04:11:35] Status: 2/3 devices online
[2025-12-23 04:12:35] Status: 2/3 devices online
[2025-12-23 04:13:35] Status: 2/3 devices online
[2025-12-23 04:14:35] Status: 2/3 devices online
[2025-12-23 04:15:35] Status: 2/3 devices online
[2025-12-23 04:16:35] Status: 2/3 devices online
[2025-12-23 04:17:35] Status: 2/3 devices online
[2025-12-23 04:18:35] Status: 2/3 devices online
[2025-12-23 04:19:35] Status: 2/3 devices online
[2025-12-23 04:20:35] Status: 2/3 devices online
[2025-12-23 04:21:35] Status: 2/3 devices online
[2025-12-23 04:22:35] Status: 2/3 devices online
[2025-12-23 04:23:35] Status: 2/3 devices online
[2025-12-23 04:24:35] Status: 2/3 devices online
[2025-12-23 04:25:35] Status: 2/3 devices online
[2025-12-23 04:26:35] Status: 2/3 devices online
[2025-12-23 04:27:35] Status: 2/3 devices online
[2025-12-23 04:28:35] Status: 2/3 devices online
[2025-12-23 04:29:35] Status: 2/3 devices online
[2025-12-23 04:29:58] [2025-12-23 04:29:58] Monitoring engine stopped.
[2025-12-23 04:30:03] Network Monitor Service stopped.
[2025-12-23 04:31:00] [2025-12-23 04:31:00] Monitoring engine started.
[2025-12-23 04:31:00] Network Monitor Service started successfully.
[2025-12-23 04:31:00] [2025-12-23 04:31:00] Starting to monitor 3 devices...
[2025-12-23 04:31:00] Status: 0/3 devices online
[2025-12-23 04:31:01] [2025-12-23 04:31:01] Device Google DNS is now Online (Ping: 42ms)
[2025-12-23 04:31:01] [2025-12-23 04:31:01] Device Cloudflare DNS is now Online (Ping: 68ms)
[2025-12-23 04:32:01] Status: 2/3 devices online
[2025-12-23 04:33:01] Status: 2/3 devices online
[2025-12-23 04:34:01] Status: 2/3 devices online
[2025-12-23 04:35:01] Status: 2/3 devices online
[2025-12-23 04:36:01] Status: 2/3 devices online
[2025-12-23 04:37:01] Status: 2/3 devices online
[2025-12-23 04:38:01] Status: 2/3 devices online
[2025-12-23 04:39:01] Status: 2/3 devices online
[2025-12-23 04:40:01] Status: 2/3 devices online
[2025-12-23 04:41:01] Status: 2/3 devices online
[2025-12-23 04:42:01] Status: 2/3 devices online
[2025-12-23 04:43:01] Status: 2/3 devices online
[2025-12-23 04:44:01] Status: 2/3 devices online
[2025-12-23 04:45:01] Status: 2/3 devices online
[2025-12-23 04:46:01] Status: 2/3 devices online
[2025-12-23 04:47:01] Status: 2/3 devices online
[2025-12-23 04:48:01] Status: 2/3 devices online
[2025-12-23 04:49:01] Status: 2/3 devices online
[2025-12-23 04:50:01] Status: 2/3 devices online
[2025-12-23 04:51:01] Status: 2/3 devices online
[2025-12-23 04:52:01] Status: 2/3 devices online
[2025-12-23 04:53:01] Status: 2/3 devices online
[2025-12-23 04:54:01] Status: 2/3 devices online
[2025-12-23 04:55:01] Status: 2/3 devices online
[2025-12-23 04:56:01] Status: 2/3 devices online
[2025-12-23 04:57:01] Status: 2/3 devices online
[2025-12-23 04:58:01] Status: 2/3 devices online
[2025-12-23 04:59:01] Status: 2/3 devices online
[2025-12-23 05:00:01] Status: 2/3 devices online
[2025-12-23 05:01:01] Status: 2/3 devices online
[2025-12-23 05:02:01] Status: 2/3 devices online
[2025-12-23 05:03:01] Status: 2/3 devices online
[2025-12-23 05:04:01] Status: 2/3 devices online
[2025-12-23 05:05:01] Status: 2/3 devices online
[2025-12-23 05:06:01] Status: 2/3 devices online
[2025-12-23 05:07:01] Status: 2/3 devices online
[2025-12-23 05:08:01] Status: 2/3 devices online
[2025-12-23 05:09:01] Status: 2/3 devices online
[2025-12-23 05:10:01] Status: 2/3 devices online
[2025-12-23 05:11:01] Status: 2/3 devices online
[2025-12-23 05:12:01] Status: 2/3 devices online
[2025-12-23 05:13:01] Status: 2/3 devices online
[2025-12-23 05:14:01] Status: 2/3 devices online
[2025-12-23 05:15:01] Status: 2/3 devices online
[2025-12-23 05:16:01] Status: 2/3 devices online
[2025-12-23 05:17:01] Status: 2/3 devices online
[2025-12-23 05:18:01] Status: 2/3 devices online
[2025-12-23 05:19:01] Status: 2/3 devices online
[2025-12-23 05:20:01] Status: 2/3 devices online
[2025-12-23 05:21:01] Status: 2/3 devices online
[2025-12-23 05:22:01] Status: 2/3 devices online
[2025-12-23 05:23:01] Status: 2/3 devices online
[2025-12-23 05:24:01] Status: 2/3 devices online
[2025-12-23 05:25:01] Status: 2/3 devices online
[2025-12-23 05:26:01] Status: 2/3 devices online
[2025-12-23 05:27:01] Status: 2/3 devices online
[2025-12-23 05:28:01] Status: 2/3 devices online
[2025-12-23 05:29:01] Status: 2/3 devices online
[2025-12-23 05:30:01] Status: 2/3 devices online
[2025-12-23 05:31:01] Status: 2/3 devices online
[2025-12-23 05:32:01] Status: 2/3 devices online
[2025-12-23 05:33:01] Status: 2/3 devices online
[2025-12-23 05:34:01] Status: 2/3 devices online
[2025-12-23 05:35:01] Status: 2/3 devices online
[2025-12-23 05:36:01] Status: 2/3 devices online
[2025-12-23 05:37:01] Status: 2/3 devices online
[2025-12-23 05:38:01] Status: 2/3 devices online
[2025-12-23 05:39:01] Status: 2/3 devices online
[2025-12-23 05:40:01] Status: 2/3 devices online
[2025-12-23 05:41:01] Status: 2/3 devices online
[2025-12-23 05:42:01] Status: 2/3 devices online
[2025-12-23 05:43:01] Status: 2/3 devices online
[2025-12-23 05:44:01] Status: 2/3 devices online
[2025-12-23 05:45:01] Status: 2/3 devices online
[2025-12-23 05:46:01] Status: 2/3 devices online
[2025-12-23 05:47:01] Status: 2/3 devices online
[2025-12-23 05:48:01] Status: 2/3 devices online
[2025-12-23 05:49:01] Status: 2/3 devices online
[2025-12-23 05:50:01] Status: 2/3 devices online
[2025-12-23 05:51:01] Status: 2/3 devices online
[2025-12-23 05:52:01] Status: 2/3 devices online
[2025-12-23 05:53:01] Status: 2/3 devices online
[2025-12-23 05:54:01] Status: 2/3 devices online
[2025-12-23 05:55:01] Status: 2/3 devices online
[2025-12-23 05:56:01] Status: 2/3 devices online
[2025-12-23 05:57:01] Status: 2/3 devices online
[2025-12-23 05:58:01] Status: 2/3 devices online
[2025-12-23 05:59:01] Status: 2/3 devices online
[2025-12-23 06:00:01] Status: 2/3 devices online
[2025-12-23 06:01:01] Status: 2/3 devices online
[2025-12-23 06:02:01] Status: 2/3 devices online
[2025-12-23 06:03:01] Status: 2/3 devices online
[2025-12-23 06:04:01] Status: 2/3 devices online
[2025-12-23 06:05:01] Status: 2/3 devices online
[2025-12-23 06:06:01] Status: 2/3 devices online
[2025-12-23 06:07:01] Status: 2/3 devices online
[2025-12-23 06:08:01] Status: 2/3 devices online
[2025-12-23 06:09:01] Status: 2/3 devices online
[2025-12-23 06:10:01] Status: 2/3 devices online
[2025-12-23 06:11:01] Status: 2/3 devices online
[2025-12-23 06:12:01] Status: 2/3 devices online
[2025-12-23 06:13:01] Status: 2/3 devices online
[2025-12-23 06:14:01] Status: 2/3 devices online
[2025-12-23 06:15:01] Status: 2/3 devices online
[2025-12-23 06:16:01] Status: 2/3 devices online
[2025-12-23 06:17:01] Status: 2/3 devices online
[2025-12-23 06:18:01] Status: 2/3 devices online
[2025-12-23 06:19:01] Status: 2/3 devices online
[2025-12-23 06:20:01] Status: 2/3 devices online
[2025-12-23 06:21:01] Status: 2/3 devices online
[2025-12-23 06:22:01] Status: 2/3 devices online
[2025-12-23 06:23:01] Status: 2/3 devices online
[2025-12-23 06:24:01] Status: 2/3 devices online
[2025-12-23 06:25:01] Status: 2/3 devices online
[2025-12-23 06:26:01] Status: 2/3 devices online
[2025-12-23 06:27:01] Status: 2/3 devices online
[2025-12-23 06:28:01] Status: 2/3 devices online
[2025-12-23 06:29:01] Status: 2/3 devices online
[2025-12-23 06:30:01] Status: 2/3 devices online
[2025-12-23 06:31:01] Status: 2/3 devices online
[2025-12-23 06:32:01] Status: 2/3 devices online
[2025-12-23 06:33:01] Status: 2/3 devices online
[2025-12-23 06:34:02] Status: 2/3 devices online
[2025-12-23 06:35:02] Status: 2/3 devices online
[2025-12-23 06:36:02] Status: 2/3 devices online
[2025-12-23 06:37:02] Status: 2/3 devices online
[2025-12-23 06:38:02] Status: 2/3 devices online
[2025-12-23 06:39:02] Status: 2/3 devices online
[2025-12-23 06:40:02] Status: 2/3 devices online
[2025-12-23 06:41:02] Status: 2/3 devices online
[2025-12-23 06:42:02] Status: 2/3 devices online
[2025-12-23 06:43:02] Status: 2/3 devices online
[2025-12-23 06:44:02] Status: 2/3 devices online
[2025-12-23 06:45:02] Status: 2/3 devices online
[2025-12-23 06:46:02] Status: 2/3 devices online
[2025-12-23 06:47:02] Status: 2/3 devices online
[2025-12-23 06:48:02] Status: 2/3 devices online
[2025-12-23 06:49:02] Status: 2/3 devices online
[2025-12-23 06:50:02] Status: 2/3 devices online
[2025-12-23 06:51:02] Status: 2/3 devices online
[2025-12-23 06:52:02] Status: 2/3 devices online
[2025-12-23 06:53:02] Status: 2/3 devices online
[2025-12-23 06:54:02] Status: 2/3 devices online
[2025-12-23 06:55:02] Status: 2/3 devices online
[2025-12-23 06:56:02] Status: 2/3 devices online
[2025-12-23 06:57:02] Status: 2/3 devices online
[2025-12-23 06:58:02] Status: 2/3 devices online
[2025-12-23 06:59:02] Status: 2/3 devices online
[2025-12-23 07:00:02] Status: 2/3 devices online
[2025-12-23 07:01:02] Status: 2/3 devices online
[2025-12-23 07:02:02] Status: 2/3 devices online
[2025-12-23 07:03:02] Status: 2/3 devices online
[2025-12-23 07:04:02] Status: 2/3 devices online
[2025-12-23 07:05:02] Status: 2/3 devices online
[2025-12-23 07:06:02] Status: 2/3 devices online
[2025-12-23 07:07:02] Status: 2/3 devices online
[2025-12-23 07:08:02] Status: 2/3 devices online
[2025-12-23 07:09:02] Status: 2/3 devices online
[2025-12-23 12:22:40] [2025-12-23 12:22:40] Monitoring engine started.
[2025-12-23 12:22:40] Network Monitor Service started successfully.
[2025-12-23 12:22:40] [2025-12-23 12:22:40] Starting to monitor 3 devices...
[2025-12-23 12:22:40] Status: 0/3 devices online
[2025-12-23 12:22:40] [2025-12-23 12:22:40] Device Google DNS is now Online (Ping: 5ms)
[2025-12-23 12:22:40] [2025-12-23 12:22:40] Device Cloudflare DNS is now Online (Ping: 4ms)
[2025-12-23 12:23:40] Status: 2/3 devices online
[2025-12-23 12:24:40] Status: 2/3 devices online
[2025-12-23 12:25:40] Status: 2/3 devices online
[2025-12-23 12:26:40] Status: 2/3 devices online
[2025-12-23 12:27:40] Status: 2/3 devices online
[2025-12-23 12:28:40] Status: 2/3 devices online
[2025-12-23 12:29:40] Status: 2/3 devices online
[2025-12-23 12:30:40] Status: 2/3 devices online
[2025-12-23 12:31:40] Status: 2/3 devices online
[2025-12-23 12:32:40] Status: 2/3 devices online
[2025-12-23 12:33:40] Status: 2/3 devices online
[2025-12-23 12:34:40] Status: 2/3 devices online
[2025-12-23 12:35:40] Status: 2/3 devices online
[2025-12-23 12:36:40] Status: 2/3 devices online
[2025-12-23 12:37:40] Status: 2/3 devices online
[2025-12-23 12:38:40] Status: 2/3 devices online
[2025-12-23 12:39:40] Status: 2/3 devices online
[2025-12-23 12:40:40] Status: 2/3 devices online
[2025-12-23 12:41:40] Status: 2/3 devices online
[2025-12-23 12:42:41] Status: 2/3 devices online
[2025-12-23 12:43:41] Status: 2/3 devices online
[2025-12-23 12:44:41] Status: 2/3 devices online
[2025-12-23 12:45:41] Status: 2/3 devices online
[2025-12-23 12:46:41] Status: 2/3 devices online
[2025-12-23 12:47:41] Status: 2/3 devices online
[2025-12-23 12:48:41] Status: 2/3 devices online
[2025-12-23 12:49:41] Status: 2/3 devices online
[2025-12-23 12:50:41] Status: 2/3 devices online
[2025-12-23 12:51:41] Status: 2/3 devices online
[2025-12-23 12:52:41] Status: 2/3 devices online
[2025-12-23 12:53:41] Status: 2/3 devices online
[2025-12-23 12:54:41] Status: 2/3 devices online
[2025-12-23 12:55:41] Status: 2/3 devices online
[2025-12-23 12:56:41] Status: 2/3 devices online
[2025-12-23 12:57:41] Status: 2/3 devices online
[2025-12-23 12:58:41] Status: 2/3 devices online
[2025-12-23 12:59:41] Status: 2/3 devices online
[2025-12-23 13:00:41] Status: 2/3 devices online
[2025-12-23 13:01:41] Status: 2/3 devices online
[2025-12-23 13:02:41] Status: 2/3 devices online
[2025-12-23 13:03:41] Status: 2/3 devices online
[2025-12-23 13:04:41] Status: 2/3 devices online
[2025-12-23 13:05:41] Status: 2/3 devices online
[2025-12-23 13:06:41] Status: 2/3 devices online
[2025-12-23 13:07:41] Status: 2/3 devices online
[2025-12-23 13:08:41] Status: 2/3 devices online
[2025-12-23 13:09:41] Status: 2/3 devices online
[2025-12-23 13:10:41] Status: 2/3 devices online
[2025-12-23 13:11:41] Status: 2/3 devices online
[2025-12-23 13:12:41] Status: 2/3 devices online
[2025-12-23 13:13:41] Status: 2/3 devices online
[2025-12-23 13:14:41] Status: 2/3 devices online
[2025-12-23 13:15:41] Status: 2/3 devices online
[2025-12-23 13:16:41] Status: 2/3 devices online
[2025-12-23 13:17:41] Status: 2/3 devices online
[2025-12-23 13:18:41] Status: 2/3 devices online
[2025-12-23 13:19:41] Status: 2/3 devices online
[2025-12-23 13:20:41] Status: 2/3 devices online
[2025-12-23 13:21:41] Status: 2/3 devices online
[2025-12-23 13:22:41] Status: 2/3 devices online
[2025-12-23 13:23:41] Status: 2/3 devices online
[2025-12-23 13:24:41] Status: 2/3 devices online
[2025-12-23 13:25:41] Status: 2/3 devices online
[2025-12-23 13:26:41] Status: 2/3 devices online
[2025-12-23 13:27:41] Status: 2/3 devices online
[2025-12-23 13:28:41] Status: 2/3 devices online
[2025-12-23 13:29:41] Status: 2/3 devices online
[2025-12-23 13:30:41] Status: 2/3 devices online
[2025-12-23 13:31:41] Status: 2/3 devices online
[2025-12-23 13:32:41] Status: 2/3 devices online
[2025-12-23 13:33:41] Status: 2/3 devices online
[2025-12-23 13:34:41] Status: 2/3 devices online
[2025-12-23 13:35:41] Status: 2/3 devices online
[2025-12-23 13:36:41] Status: 2/3 devices online
[2025-12-23 13:37:41] Status: 2/3 devices online
[2025-12-23 13:38:41] Status: 2/3 devices online
[2025-12-23 13:39:41] Status: 2/3 devices online
[2025-12-23 13:40:41] Status: 2/3 devices online
[2025-12-23 13:41:41] Status: 2/3 devices online
[2025-12-23 13:42:41] Status: 2/3 devices online
[2025-12-23 13:43:41] Status: 2/3 devices online
[2025-12-23 13:44:41] Status: 2/3 devices online
[2025-12-23 13:45:41] Status: 2/3 devices online
[2025-12-23 13:46:41] Status: 2/3 devices online
[2025-12-23 13:47:41] Status: 2/3 devices online
[2025-12-23 13:48:41] Status: 2/3 devices online
[2025-12-23 13:49:41] Status: 2/3 devices online
[2025-12-23 13:50:41] Status: 2/3 devices online
[2025-12-23 13:51:41] Status: 2/3 devices online
[2025-12-23 13:52:41] Status: 2/3 devices online
[2025-12-23 13:53:41] Status: 2/3 devices online
[2025-12-23 13:54:41] Status: 2/3 devices online
[2025-12-23 13:55:41] Status: 2/3 devices online
[2025-12-23 13:56:41] Status: 2/3 devices online
[2025-12-23 13:57:41] Status: 2/3 devices online
[2025-12-23 13:58:41] Status: 2/3 devices online
[2025-12-23 13:59:41] Status: 2/3 devices online
[2025-12-23 14:00:41] Status: 2/3 devices online
[2025-12-23 14:01:41] Status: 2/3 devices online
[2025-12-23 14:02:41] Status: 2/3 devices online
[2025-12-23 14:03:41] Status: 2/3 devices online
[2025-12-23 14:04:41] Status: 2/3 devices online
[2025-12-23 14:05:41] Status: 2/3 devices online
[2025-12-23 14:06:42] Status: 2/3 devices online
[2025-12-23 14:07:42] Status: 2/3 devices online
[2025-12-23 14:08:42] Status: 2/3 devices online
[2025-12-23 14:09:42] Status: 2/3 devices online
[2025-12-23 14:10:42] Status: 2/3 devices online
[2025-12-23 14:11:42] Status: 2/3 devices online
[2025-12-23 14:12:42] Status: 2/3 devices online
[2025-12-23 14:13:42] Status: 2/3 devices online
[2025-12-23 14:14:42] Status: 2/3 devices online
[2025-12-23 14:15:42] Status: 2/3 devices online
[2025-12-23 14:16:42] Status: 2/3 devices online
[2025-12-23 14:17:42] Status: 2/3 devices online
[2025-12-23 14:18:42] Status: 2/3 devices online
[2025-12-23 14:19:42] Status: 2/3 devices online
[2025-12-23 14:20:42] Status: 2/3 devices online
[2025-12-23 14:21:42] Status: 2/3 devices online
[2025-12-23 14:22:42] Status: 2/3 devices online
[2025-12-23 14:23:42] Status: 2/3 devices online
[2025-12-23 14:24:42] Status: 2/3 devices online
[2025-12-23 14:25:42] Status: 2/3 devices online
[2025-12-23 14:26:42] Status: 2/3 devices online
[2025-12-23 14:27:42] Status: 2/3 devices online
[2025-12-23 14:28:42] Status: 2/3 devices online
[2025-12-23 14:29:42] Status: 2/3 devices online
[2025-12-23 14:30:42] Status: 2/3 devices online
[2025-12-23 14:31:42] Status: 2/3 devices online
[2025-12-23 14:32:42] Status: 2/3 devices online
[2025-12-23 14:33:42] Status: 2/3 devices online
[2025-12-23 14:34:42] Status: 2/3 devices online
[2025-12-23 14:35:42] Status: 2/3 devices online
[2025-12-23 14:36:42] Status: 2/3 devices online
[2025-12-23 14:37:42] Status: 2/3 devices online
[2025-12-23 14:38:42] Status: 2/3 devices online
[2025-12-23 14:39:42] Status: 2/3 devices online
[2025-12-23 14:40:42] Status: 2/3 devices online
[2025-12-23 14:41:42] Status: 2/3 devices online
[2025-12-23 14:42:42] Status: 2/3 devices online
[2025-12-23 14:43:42] Status: 2/3 devices online
[2025-12-23 14:44:42] Status: 2/3 devices online
[2025-12-23 14:45:42] Status: 2/3 devices online
[2025-12-23 14:46:42] Status: 2/3 devices online
[2025-12-23 14:47:42] Status: 2/3 devices online
[2025-12-23 14:48:42] Status: 2/3 devices online
[2025-12-23 14:49:42] Status: 2/3 devices online
[2025-12-23 14:50:42] Status: 2/3 devices online
[2025-12-23 14:51:42] Status: 2/3 devices online
[2025-12-23 14:52:42] Status: 2/3 devices online
[2025-12-23 14:53:42] Status: 2/3 devices online
[2025-12-23 14:54:42] Status: 2/3 devices online
[2025-12-23 14:55:42] Status: 2/3 devices online
[2025-12-23 14:56:42] Status: 2/3 devices online
[2025-12-23 14:57:42] Status: 2/3 devices online
[2025-12-23 14:58:42] Status: 2/3 devices online
[2025-12-23 14:59:42] Status: 2/3 devices online
[2025-12-23 15:00:42] Status: 2/3 devices online
[2025-12-23 15:01:42] Status: 2/3 devices online
[2025-12-23 15:02:42] Status: 2/3 devices online
[2025-12-23 15:03:42] Status: 2/3 devices online
[2025-12-23 15:04:42] Status: 2/3 devices online
[2025-12-23 15:05:42] Status: 2/3 devices online
[2025-12-23 15:06:42] Status: 2/3 devices online
[2025-12-23 15:07:42] Status: 2/3 devices online
[2025-12-23 15:08:42] Status: 2/3 devices online
[2025-12-23 15:09:42] Status: 2/3 devices online
[2025-12-23 15:10:42] Status: 2/3 devices online
[2025-12-23 15:11:42] Status: 2/3 devices online
[2025-12-23 15:12:42] Status: 2/3 devices online
[2025-12-23 15:13:42] Status: 2/3 devices online
[2025-12-23 15:14:42] Status: 2/3 devices online
[2025-12-23 15:15:42] Status: 2/3 devices online
[2025-12-23 15:16:42] Status: 2/3 devices online
[2025-12-23 15:17:42] Status: 2/3 devices online
[2025-12-23 15:18:43] Status: 2/3 devices online
[2025-12-23 15:19:43] Status: 2/3 devices online
[2025-12-23 15:20:43] Status: 2/3 devices online
[2025-12-23 15:21:43] Status: 2/3 devices online
[2025-12-23 15:22:43] Status: 2/3 devices online
[2025-12-23 15:23:43] Status: 2/3 devices online
[2025-12-23 15:24:43] Status: 2/3 devices online
[2025-12-23 15:25:43] Status: 2/3 devices online
[2025-12-23 15:26:43] Status: 2/3 devices online
[2025-12-23 15:27:43] Status: 2/3 devices online
[2025-12-23 15:28:43] Status: 2/3 devices online
[2025-12-23 15:29:43] Status: 2/3 devices online
[2025-12-23 15:30:43] Status: 2/3 devices online
[2025-12-23 15:31:43] Status: 2/3 devices online
[2025-12-23 15:32:43] Status: 2/3 devices online
[2025-12-23 15:33:43] Status: 2/3 devices online
[2025-12-23 15:34:43] Status: 2/3 devices online
[2025-12-23 15:35:43] Status: 2/3 devices online
[2025-12-23 15:36:43] Status: 2/3 devices online
[2025-12-23 15:37:43] Status: 2/3 devices online
[2025-12-23 15:38:43] Status: 2/3 devices online
[2025-12-23 15:39:43] Status: 2/3 devices online
[2025-12-23 15:40:43] Status: 2/3 devices online
[2025-12-23 15:41:43] Status: 2/3 devices online
[2025-12-23 15:42:43] Status: 2/3 devices online
[2025-12-23 15:43:43] Status: 2/3 devices online
[2025-12-23 15:44:43] Status: 2/3 devices online
[2025-12-23 15:45:43] Status: 2/3 devices online
[2025-12-23 15:46:43] Status: 2/3 devices online
[2025-12-23 15:47:43] Status: 2/3 devices online
[2025-12-23 15:48:43] Status: 2/3 devices online
[2025-12-23 15:49:43] Status: 2/3 devices online
[2025-12-23 15:50:43] Status: 2/3 devices online
[2025-12-23 15:51:43] Status: 2/3 devices online
[2025-12-23 15:52:43] Status: 2/3 devices online
[2025-12-23 15:53:43] Status: 2/3 devices online
[2025-12-23 15:54:43] Status: 2/3 devices online
[2025-12-23 15:55:43] Status: 2/3 devices online
[2025-12-23 15:56:43] Status: 2/3 devices online
[2025-12-23 15:57:43] Status: 2/3 devices online
[2025-12-23 15:58:43] Status: 2/3 devices online
[2025-12-23 15:59:43] Status: 2/3 devices online
[2025-12-23 16:00:43] Status: 2/3 devices online
[2025-12-23 16:01:43] Status: 2/3 devices online
[2025-12-23 16:02:43] Status: 2/3 devices online
[2025-12-23 16:03:43] Status: 2/3 devices online
[2025-12-23 16:04:43] Status: 2/3 devices online
[2025-12-23 16:05:43] Status: 2/3 devices online
[2025-12-23 16:06:43] Status: 2/3 devices online
[2025-12-23 16:07:43] Status: 2/3 devices online
[2025-12-23 16:08:43] Status: 2/3 devices online
[2025-12-23 16:09:43] Status: 2/3 devices online
[2025-12-23 16:10:43] Status: 2/3 devices online
[2025-12-23 16:11:43] Status: 2/3 devices online
[2025-12-23 16:12:43] Status: 2/3 devices online
[2025-12-23 16:13:43] Status: 2/3 devices online
[2025-12-23 16:14:43] Status: 2/3 devices online
[2025-12-23 16:15:43] Status: 2/3 devices online
[2025-12-23 16:16:43] Status: 2/3 devices online
[2025-12-23 16:17:43] Status: 2/3 devices online
[2025-12-23 16:18:43] Status: 2/3 devices online
[2025-12-23 16:19:43] Status: 2/3 devices online
[2025-12-23 16:20:43] Status: 2/3 devices online
[2025-12-23 16:21:43] Status: 2/3 devices online
[2025-12-23 16:22:43] Status: 2/3 devices online
[2025-12-23 16:23:43] Status: 2/3 devices online
[2025-12-23 16:24:43] Status: 2/3 devices online
[2025-12-23 16:25:43] Status: 2/3 devices online
[2025-12-23 16:26:43] Status: 2/3 devices online
[2025-12-23 16:27:43] Status: 2/3 devices online
[2025-12-23 16:28:43] Status: 2/3 devices online
[2025-12-23 16:29:43] Status: 2/3 devices online
[2025-12-23 16:30:44] Status: 2/3 devices online
[2025-12-23 16:31:44] Status: 2/3 devices online
[2025-12-23 16:32:44] Status: 2/3 devices online
[2025-12-23 16:33:44] Status: 2/3 devices online
[2025-12-23 16:34:44] Status: 2/3 devices online
[2025-12-23 16:35:44] Status: 2/3 devices online
[2025-12-23 16:36:44] Status: 2/3 devices online
[2025-12-23 16:37:44] Status: 2/3 devices online
[2025-12-23 16:38:44] Status: 2/3 devices online
[2025-12-23 16:39:44] Status: 2/3 devices online
[2025-12-23 16:40:44] Status: 2/3 devices online
[2025-12-23 16:41:44] Status: 2/3 devices online
[2025-12-23 16:42:44] Status: 2/3 devices online
[2025-12-23 16:43:44] Status: 2/3 devices online
[2025-12-23 16:44:44] Status: 2/3 devices online
[2025-12-23 16:45:44] Status: 2/3 devices online
[2025-12-23 16:46:44] Status: 2/3 devices online
[2025-12-23 16:47:44] Status: 2/3 devices online
[2025-12-23 16:48:44] Status: 2/3 devices online
[2025-12-23 16:49:44] Status: 2/3 devices online
[2025-12-23 16:50:44] Status: 2/3 devices online
[2025-12-23 16:51:44] Status: 2/3 devices online
[2025-12-23 16:52:44] Status: 2/3 devices online
[2025-12-23 16:53:44] Status: 2/3 devices online
[2025-12-23 16:54:44] Status: 2/3 devices online
[2025-12-23 16:55:44] Status: 2/3 devices online
[2025-12-23 16:56:44] Status: 2/3 devices online
[2025-12-23 16:57:44] Status: 2/3 devices online
[2025-12-23 16:58:44] Status: 2/3 devices online
[2025-12-23 16:59:44] Status: 2/3 devices online
[2025-12-23 17:00:44] Status: 2/3 devices online
[2025-12-23 17:01:44] Status: 2/3 devices online
[2025-12-23 17:02:44] Status: 2/3 devices online
[2025-12-23 17:03:44] Status: 2/3 devices online
[2025-12-23 17:04:44] Status: 2/3 devices online
[2025-12-23 17:05:44] Status: 2/3 devices online
[2025-12-23 17:06:44] Status: 2/3 devices online
[2025-12-23 17:07:44] Status: 2/3 devices online
[2025-12-23 17:08:44] Status: 2/3 devices online
[2025-12-23 17:09:44] Status: 2/3 devices online
[2025-12-23 17:10:44] Status: 2/3 devices online
[2025-12-23 17:11:44] Status: 2/3 devices online
[2025-12-23 17:12:31] [2025-12-23 17:12:31] Monitoring engine started.
[2025-12-23 17:12:31] [2025-12-23 17:12:31] Starting to monitor 3 devices...
[2025-12-23 17:12:31] Network Monitor Service started successfully.
[2025-12-23 17:12:31] Status: 0/3 devices online
[2025-12-23 17:12:31] [2025-12-23 17:12:31] Device Google DNS is now Online (Ping: 15ms)
[2025-12-23 17:12:31] [2025-12-23 17:12:31] Device Cloudflare DNS is now Online (Ping: 11ms)
[2025-12-23 17:13:31] Status: 2/3 devices online
[2025-12-23 17:14:31] Status: 2/3 devices online
[2025-12-23 17:15:31] Status: 2/3 devices online
[2025-12-23 17:16:31] Status: 2/3 devices online
[2025-12-23 17:17:31] Status: 2/3 devices online
[2025-12-23 17:18:31] Status: 2/3 devices online
[2025-12-23 17:19:31] Status: 2/3 devices online
[2025-12-23 17:20:31] Status: 2/3 devices online
[2025-12-23 17:21:31] Status: 2/3 devices online
[2025-12-23 17:22:31] Status: 2/3 devices online
[2025-12-23 17:23:31] Status: 2/3 devices online
[2025-12-23 17:24:31] Status: 2/3 devices online
[2025-12-23 17:25:31] Status: 2/3 devices online
[2025-12-23 17:26:31] Status: 2/3 devices online
[2025-12-23 17:27:31] Status: 2/3 devices online
[2025-12-23 17:28:31] Status: 2/3 devices online
[2025-12-23 17:29:31] Status: 2/3 devices online
[2025-12-23 17:30:31] Status: 2/3 devices online
[2025-12-23 17:31:31] Status: 2/3 devices online
[2025-12-23 17:32:31] Status: 2/3 devices online
[2025-12-23 17:33:31] Status: 2/3 devices online
[2025-12-23 17:34:31] Status: 2/3 devices online
[2025-12-23 17:35:31] Status: 2/3 devices online
[2025-12-23 17:36:31] Status: 2/3 devices online
[2025-12-23 17:37:31] Status: 2/3 devices online
[2025-12-23 17:38:31] Status: 2/3 devices online
[2025-12-23 17:39:31] Status: 2/3 devices online
[2025-12-23 17:40:31] Status: 2/3 devices online
[2025-12-23 17:41:31] Status: 2/3 devices online
[2025-12-23 17:42:31] Status: 2/3 devices online
[2025-12-23 17:43:31] Status: 2/3 devices online
[2025-12-23 17:44:31] Status: 2/3 devices online
[2025-12-23 17:45:31] Status: 2/3 devices online
[2025-12-23 17:46:31] Status: 2/3 devices online
[2025-12-23 17:47:31] Status: 2/3 devices online
[2025-12-23 17:48:31] Status: 2/3 devices online
[2025-12-23 17:49:31] Status: 2/3 devices online
[2025-12-23 17:50:31] Status: 2/3 devices online
[2025-12-23 17:51:31] Status: 2/3 devices online
[2025-12-23 17:52:31] Status: 2/3 devices online
[2025-12-23 17:53:31] Status: 2/3 devices online
[2025-12-23 17:54:31] Status: 2/3 devices online
[2025-12-23 17:55:31] Status: 2/3 devices online
[2025-12-23 17:56:31] Status: 2/3 devices online
[2025-12-23 17:57:31] Status: 2/3 devices online
[2025-12-23 17:58:31] Status: 2/3 devices online
[2025-12-23 17:59:31] Status: 2/3 devices online
[2025-12-23 18:00:31] Status: 2/3 devices online
[2025-12-23 18:01:31] Status: 2/3 devices online
[2025-12-23 18:02:31] Status: 2/3 devices online
[2025-12-23 18:03:31] Status: 2/3 devices online
[2025-12-23 18:04:31] Status: 2/3 devices online
[2025-12-23 18:05:31] Status: 2/3 devices online
[2025-12-23 18:06:31] Status: 2/3 devices online
[2025-12-23 18:07:31] Status: 2/3 devices online
[2025-12-23 18:08:31] Status: 2/3 devices online
[2025-12-23 18:09:31] Status: 2/3 devices online
[2025-12-23 18:10:32] Status: 2/3 devices online
[2025-12-23 18:11:32] Status: 2/3 devices online
[2025-12-23 18:12:32] Status: 2/3 devices online
[2025-12-23 18:13:32] Status: 2/3 devices online
[2025-12-23 18:14:32] Status: 2/3 devices online
[2025-12-23 18:15:32] Status: 2/3 devices online
[2025-12-23 18:16:32] Status: 2/3 devices online
[2025-12-23 18:17:32] Status: 2/3 devices online
[2025-12-23 18:18:32] Status: 2/3 devices online
[2025-12-23 18:19:32] Status: 2/3 devices online
[2025-12-23 18:20:32] Status: 2/3 devices online
[2025-12-23 18:21:32] Status: 2/3 devices online
[2025-12-23 18:22:32] Status: 2/3 devices online
[2025-12-23 18:23:32] Status: 2/3 devices online
[2025-12-23 18:24:32] Status: 2/3 devices online
[2025-12-23 18:25:32] Status: 2/3 devices online
[2025-12-23 18:26:32] Status: 2/3 devices online
[2025-12-23 18:27:32] Status: 2/3 devices online
[2025-12-23 18:28:32] Status: 2/3 devices online
[2025-12-23 18:29:32] Status: 2/3 devices online
[2025-12-23 18:30:32] Status: 2/3 devices online
[2025-12-23 18:31:32] Status: 2/3 devices online
[2025-12-23 18:32:32] Status: 2/3 devices online
[2025-12-23 18:33:32] Status: 2/3 devices online
[2025-12-23 18:34:32] Status: 2/3 devices online
[2025-12-23 18:35:32] Status: 2/3 devices online
[2025-12-23 18:36:32] Status: 2/3 devices online
[2025-12-23 18:37:32] Status: 2/3 devices online
[2025-12-23 18:38:32] Status: 2/3 devices online
[2025-12-23 18:39:32] Status: 2/3 devices online
[2025-12-23 18:40:32] Status: 2/3 devices online
[2025-12-23 18:41:32] Status: 2/3 devices online
[2025-12-23 18:42:32] Status: 2/3 devices online
[2025-12-23 18:43:32] Status: 2/3 devices online
[2025-12-23 18:44:32] Status: 2/3 devices online
[2025-12-23 18:45:32] Status: 2/3 devices online
[2025-12-23 18:46:32] Status: 2/3 devices online
[2025-12-23 18:47:32] Status: 2/3 devices online
[2025-12-23 18:48:32] Status: 2/3 devices online
[2025-12-23 18:49:32] Status: 2/3 devices online
[2025-12-23 18:50:32] Status: 2/3 devices online
[2025-12-23 18:51:32] Status: 2/3 devices online
[2025-12-23 18:52:32] Status: 2/3 devices online
[2025-12-23 18:53:32] Status: 2/3 devices online
[2025-12-23 18:54:32] Status: 2/3 devices online
[2025-12-23 18:55:32] Status: 2/3 devices online
[2025-12-23 18:56:32] Status: 2/3 devices online
[2025-12-23 18:57:32] Status: 2/3 devices online
[2025-12-23 18:58:32] Status: 2/3 devices online
[2025-12-23 18:59:32] Status: 2/3 devices online
[2025-12-23 19:00:32] Status: 2/3 devices online
[2025-12-23 19:01:32] Status: 2/3 devices online
[2025-12-23 19:02:32] Status: 2/3 devices online
[2025-12-23 19:03:32] Status: 2/3 devices online
[2025-12-23 19:04:32] Status: 2/3 devices online
[2025-12-23 19:05:32] Status: 2/3 devices online
[2025-12-23 19:06:32] Status: 2/3 devices online
[2025-12-23 19:07:32] Status: 2/3 devices online
[2025-12-23 19:08:32] Status: 2/3 devices online
[2025-12-23 19:09:32] Status: 2/3 devices online
[2025-12-23 19:10:32] Status: 2/3 devices online
[2025-12-23 19:11:32] Status: 2/3 devices online
[2025-12-23 19:12:32] Status: 2/3 devices online
[2025-12-23 19:13:32] Status: 2/3 devices online
[2025-12-23 19:14:32] Status: 2/3 devices online
[2025-12-23 19:15:32] Status: 2/3 devices online
[2025-12-23 19:16:32] Status: 2/3 devices online
[2025-12-23 19:17:32] Status: 2/3 devices online
[2025-12-23 19:18:32] Status: 2/3 devices online
[2025-12-23 19:19:32] Status: 2/3 devices online
[2025-12-23 19:20:32] Status: 2/3 devices online
[2025-12-23 19:21:32] Status: 2/3 devices online
[2025-12-23 19:22:32] Status: 2/3 devices online
[2025-12-23 19:23:32] Status: 2/3 devices online
[2025-12-23 19:24:32] Status: 2/3 devices online
[2025-12-23 19:25:32] Status: 2/3 devices online
[2025-12-23 19:26:32] Status: 2/3 devices online
[2025-12-23 19:27:32] Status: 2/3 devices online
[2025-12-23 19:28:32] Status: 2/3 devices online
[2025-12-23 19:29:32] Status: 2/3 devices online
[2025-12-23 19:30:32] Status: 2/3 devices online
[2025-12-23 19:31:32] Status: 2/3 devices online
[2025-12-23 19:32:32] Status: 2/3 devices online
[2025-12-23 19:33:32] Status: 2/3 devices online
[2025-12-23 19:34:32] Status: 2/3 devices online
[2025-12-23 19:35:32] Status: 2/3 devices online
[2025-12-23 19:36:32] Status: 2/3 devices online
[2025-12-23 19:37:32] Status: 2/3 devices online
[2025-12-23 19:38:32] Status: 2/3 devices online
[2025-12-23 19:39:32] Status: 2/3 devices online
[2025-12-23 19:40:32] Status: 2/3 devices online
[2025-12-23 19:41:33] Status: 2/3 devices online
[2025-12-23 19:42:33] Status: 2/3 devices online
[2025-12-23 19:43:33] Status: 2/3 devices online
[2025-12-23 19:44:33] Status: 2/3 devices online
[2025-12-23 19:45:33] Status: 2/3 devices online
[2025-12-23 19:46:33] Status: 2/3 devices online
[2025-12-23 19:47:33] Status: 2/3 devices online
[2025-12-23 19:48:33] Status: 2/3 devices online
[2025-12-23 19:49:33] Status: 2/3 devices online
[2025-12-23 19:50:33] Status: 2/3 devices online
[2025-12-23 19:51:33] Status: 2/3 devices online
[2025-12-23 19:52:33] Status: 2/3 devices online
[2025-12-23 19:53:33] Status: 2/3 devices online
[2025-12-23 19:54:33] Status: 2/3 devices online
[2025-12-23 19:55:33] Status: 2/3 devices online
[2025-12-23 19:56:33] Status: 2/3 devices online
[2025-12-23 19:57:33] Status: 2/3 devices online
[2025-12-23 19:58:33] Status: 2/3 devices online
[2025-12-23 19:59:33] Status: 2/3 devices online
[2025-12-23 20:00:33] Status: 2/3 devices online
[2025-12-23 20:01:33] Status: 2/3 devices online
[2025-12-23 20:02:33] Status: 2/3 devices online
[2025-12-23 20:03:33] Status: 2/3 devices online
[2025-12-23 20:04:33] Status: 2/3 devices online
[2025-12-23 20:05:33] Status: 2/3 devices online
[2025-12-23 20:06:33] Status: 2/3 devices online
[2025-12-23 20:07:33] Status: 2/3 devices online
[2025-12-23 20:08:33] Status: 2/3 devices online
[2025-12-23 20:09:33] Status: 2/3 devices online
[2025-12-23 20:10:33] Status: 2/3 devices online
[2025-12-23 20:11:33] Status: 2/3 devices online
[2025-12-23 20:12:33] Status: 2/3 devices online
[2025-12-23 20:13:33] Status: 2/3 devices online
[2025-12-23 20:14:33] Status: 2/3 devices online
[2025-12-23 20:15:33] Status: 2/3 devices online
[2025-12-23 20:16:33] Status: 2/3 devices online
[2025-12-23 20:17:33] Status: 2/3 devices online
[2025-12-23 20:18:33] Status: 2/3 devices online
[2025-12-23 20:19:33] Status: 2/3 devices online
[2025-12-23 20:20:33] Status: 2/3 devices online
[2025-12-23 20:21:33] Status: 2/3 devices online
[2025-12-23 20:22:33] Status: 2/3 devices online
[2025-12-23 20:23:33] Status: 2/3 devices online
[2025-12-23 20:24:33] Status: 2/3 devices online
[2025-12-23 20:25:33] Status: 2/3 devices online
[2025-12-23 20:26:33] Status: 2/3 devices online
[2025-12-23 20:27:33] Status: 2/3 devices online
[2025-12-23 20:28:33] Status: 2/3 devices online
[2025-12-23 20:29:33] Status: 2/3 devices online
[2025-12-23 20:30:33] Status: 2/3 devices online
[2025-12-23 20:31:33] Status: 2/3 devices online
[2025-12-23 20:32:33] Status: 2/3 devices online
[2025-12-23 20:33:33] Status: 2/3 devices online
[2025-12-23 20:34:33] Status: 2/3 devices online
[2025-12-23 20:35:33] Status: 2/3 devices online
[2025-12-23 20:36:33] Status: 2/3 devices online
[2025-12-23 20:37:33] Status: 2/3 devices online
[2025-12-23 20:38:33] Status: 2/3 devices online
[2025-12-23 20:39:33] Status: 2/3 devices online
[2025-12-23 20:40:33] Status: 2/3 devices online
[2025-12-23 20:41:33] Status: 2/3 devices online
[2025-12-23 20:42:33] Status: 2/3 devices online
[2025-12-23 20:43:33] Status: 2/3 devices online
[2025-12-23 20:44:33] Status: 2/3 devices online
[2025-12-23 20:45:33] Status: 2/3 devices online
[2025-12-23 20:46:33] Status: 2/3 devices online
[2025-12-23 20:47:33] Status: 2/3 devices online
[2025-12-23 20:48:33] Status: 2/3 devices online
[2025-12-23 20:49:33] Status: 2/3 devices online
[2025-12-23 20:50:33] Status: 2/3 devices online
[2025-12-23 20:51:33] Status: 2/3 devices online
[2025-12-23 20:52:33] Status: 2/3 devices online
[2025-12-23 20:53:33] Status: 2/3 devices online
[2025-12-23 20:54:33] Status: 2/3 devices online
[2025-12-23 20:55:33] Status: 2/3 devices online
[2025-12-23 20:56:33] Status: 2/3 devices online
[2025-12-23 20:57:33] Status: 2/3 devices online
[2025-12-23 20:58:33] Status: 2/3 devices online
[2025-12-23 20:59:33] Status: 2/3 devices online
[2025-12-23 21:00:33] Status: 2/3 devices online
[2025-12-23 21:01:34] Status: 2/3 devices online
[2025-12-23 21:02:34] Status: 2/3 devices online
[2025-12-23 21:03:34] Status: 2/3 devices online
[2025-12-23 21:04:34] Status: 2/3 devices online
[2025-12-23 21:05:34] Status: 2/3 devices online
[2025-12-23 21:06:34] Status: 2/3 devices online
[2025-12-23 21:07:34] Status: 2/3 devices online
[2025-12-23 21:08:34] Status: 2/3 devices online
[2025-12-23 21:09:34] Status: 2/3 devices online
[2025-12-23 21:10:34] Status: 2/3 devices online
[2025-12-23 21:11:34] Status: 2/3 devices online
[2025-12-23 21:12:34] Status: 2/3 devices online
[2025-12-23 21:13:34] Status: 2/3 devices online
[2025-12-23 21:14:34] Status: 2/3 devices online
[2025-12-23 21:15:34] Status: 2/3 devices online
[2025-12-23 21:16:34] Status: 2/3 devices online
[2025-12-23 21:17:34] Status: 2/3 devices online
[2025-12-23 21:18:34] Status: 2/3 devices online
[2025-12-23 21:19:34] Status: 2/3 devices online
[2025-12-23 21:20:34] Status: 2/3 devices online
[2025-12-23 21:21:34] Status: 2/3 devices online
[2025-12-23 21:22:34] Status: 2/3 devices online
[2025-12-23 21:23:34] Status: 2/3 devices online
[2025-12-23 21:24:34] Status: 2/3 devices online
[2025-12-23 21:25:34] Status: 2/3 devices online
[2025-12-23 21:26:34] Status: 2/3 devices online
[2025-12-23 21:27:34] Status: 2/3 devices online
[2025-12-23 21:28:34] Status: 2/3 devices online
[2025-12-23 21:29:34] Status: 2/3 devices online
[2025-12-23 21:30:34] Status: 2/3 devices online
[2025-12-23 21:31:34] Status: 2/3 devices online
[2025-12-23 21:32:34] Status: 2/3 devices online
[2025-12-23 21:33:34] Status: 2/3 devices online
[2025-12-23 21:34:34] Status: 2/3 devices online
[2025-12-23 21:35:34] Status: 2/3 devices online
[2025-12-23 21:36:34] Status: 2/3 devices online
[2025-12-23 21:37:34] Status: 2/3 devices online
[2025-12-23 21:38:34] Status: 2/3 devices online
[2025-12-23 21:39:34] Status: 2/3 devices online
[2025-12-23 21:40:34] Status: 2/3 devices online
[2025-12-23 21:41:34] Status: 2/3 devices online
[2025-12-23 21:42:34] Status: 2/3 devices online
[2025-12-23 21:43:34] Status: 2/3 devices online
[2025-12-23 21:44:34] Status: 2/3 devices online
[2025-12-23 21:45:34] Status: 2/3 devices online
[2025-12-23 21:46:34] Status: 2/3 devices online
[2025-12-23 21:47:34] Status: 2/3 devices online
[2025-12-23 21:48:34] Status: 2/3 devices online
[2025-12-23 21:49:34] Status: 2/3 devices online
[2025-12-23 21:50:34] Status: 2/3 devices online
[2025-12-23 21:51:34] Status: 2/3 devices online
[2025-12-23 21:52:34] Status: 2/3 devices online
[2025-12-23 21:53:34] Status: 2/3 devices online
[2025-12-23 21:54:34] Status: 2/3 devices online
[2025-12-23 21:55:34] Status: 2/3 devices online
[2025-12-23 21:56:34] Status: 2/3 devices online
[2025-12-23 21:57:34] Status: 2/3 devices online
[2025-12-23 21:58:34] Status: 2/3 devices online
[2025-12-23 21:59:34] Status: 2/3 devices online
[2025-12-23 22:00:34] Status: 2/3 devices online
[2025-12-23 22:01:34] Status: 2/3 devices online
[2025-12-23 22:02:34] Status: 2/3 devices online
[2025-12-23 22:03:34] Status: 2/3 devices online
[2025-12-23 22:04:34] Status: 2/3 devices online
[2025-12-23 22:05:34] Status: 2/3 devices online
[2025-12-23 22:06:34] Status: 2/3 devices online
[2025-12-23 22:07:34] Status: 2/3 devices online
[2025-12-23 22:08:34] Status: 2/3 devices online
[2025-12-23 22:09:34] Status: 2/3 devices online
[2025-12-23 22:10:34] Status: 2/3 devices online
[2025-12-23 22:11:34] Status: 2/3 devices online
[2025-12-23 22:12:34] Status: 2/3 devices online
[2025-12-23 22:13:34] Status: 2/3 devices online
[2025-12-23 22:14:34] Status: 2/3 devices online
[2025-12-23 22:15:34] Status: 2/3 devices online
[2025-12-23 22:16:34] Status: 2/3 devices online
[2025-12-23 22:17:34] Status: 2/3 devices online
[2025-12-23 22:18:34] Status: 2/3 devices online
[2025-12-23 22:19:34] Status: 2/3 devices online
[2025-12-23 22:20:34] Status: 2/3 devices online
[2025-12-23 22:21:34] Status: 2/3 devices online
[2025-12-23 22:22:35] Status: 2/3 devices online
[2025-12-23 22:23:35] Status: 2/3 devices online
[2025-12-23 22:24:35] Status: 2/3 devices online
[2025-12-23 22:25:35] Status: 2/3 devices online
[2025-12-23 22:26:35] Status: 2/3 devices online
[2025-12-23 22:27:35] Status: 2/3 devices online
[2025-12-23 22:28:35] Status: 2/3 devices online
[2025-12-23 22:29:35] Status: 2/3 devices online
[2025-12-23 22:30:35] Status: 2/3 devices online
[2025-12-23 22:31:35] Status: 2/3 devices online
[2025-12-23 22:32:35] Status: 2/3 devices online
[2025-12-23 22:33:35] Status: 2/3 devices online
[2025-12-23 22:34:35] Status: 2/3 devices online
[2025-12-23 22:35:35] Status: 2/3 devices online
[2025-12-23 22:36:35] Status: 2/3 devices online
[2025-12-23 22:37:35] Status: 2/3 devices online
[2025-12-23 22:38:35] Status: 2/3 devices online
[2025-12-23 22:39:35] Status: 2/3 devices online
[2025-12-23 22:40:35] Status: 2/3 devices online
[2025-12-23 22:41:35] Status: 2/3 devices online
[2025-12-23 22:42:35] Status: 2/3 devices online
[2025-12-23 22:43:35] Status: 2/3 devices online
[2025-12-23 22:44:35] Status: 2/3 devices online
[2025-12-23 22:45:35] Status: 2/3 devices online
[2025-12-23 22:46:35] Status: 2/3 devices online
[2025-12-23 22:47:35] Status: 2/3 devices online
[2025-12-23 22:48:35] Status: 2/3 devices online
[2025-12-23 22:49:35] Status: 2/3 devices online
[2025-12-23 22:50:35] Status: 2/3 devices online
[2025-12-23 22:51:35] Status: 2/3 devices online
[2025-12-23 22:52:35] Status: 2/3 devices online
[2025-12-23 22:53:35] Status: 2/3 devices online
[2025-12-23 22:54:35] Status: 2/3 devices online
[2025-12-23 22:55:35] Status: 2/3 devices online
[2025-12-23 22:56:35] Status: 2/3 devices online
[2025-12-23 22:57:35] Status: 2/3 devices online
[2025-12-23 22:58:35] Status: 2/3 devices online
[2025-12-23 22:59:35] Status: 2/3 devices online
[2025-12-23 23:00:35] Status: 2/3 devices online
[2025-12-23 23:01:35] Status: 2/3 devices online
[2025-12-23 23:02:35] Status: 2/3 devices online
[2025-12-23 23:03:35] Status: 2/3 devices online
[2025-12-23 23:04:35] Status: 2/3 devices online
[2025-12-23 23:05:35] Status: 2/3 devices online
[2025-12-23 23:06:35] Status: 2/3 devices online
[2025-12-23 23:07:35] Status: 2/3 devices online
[2025-12-23 23:08:35] Status: 2/3 devices online
[2025-12-23 23:09:35] Status: 2/3 devices online
[2025-12-23 23:10:35] Status: 2/3 devices online
[2025-12-23 23:11:35] Status: 2/3 devices online
[2025-12-23 23:12:35] Status: 2/3 devices online
[2025-12-23 23:13:35] Status: 2/3 devices online
[2025-12-23 23:14:35] Status: 2/3 devices online
[2025-12-23 23:15:35] Status: 2/3 devices online
[2025-12-23 23:16:35] Status: 2/3 devices online
[2025-12-23 23:17:35] Status: 2/3 devices online
[2025-12-23 23:18:35] Status: 2/3 devices online
[2025-12-23 23:19:35] Status: 2/3 devices online
[2025-12-23 23:20:35] Status: 2/3 devices online
[2025-12-23 23:21:35] Status: 2/3 devices online
[2025-12-23 23:22:35] Status: 2/3 devices online
[2025-12-23 23:23:35] Status: 2/3 devices online
[2025-12-23 23:24:35] Status: 2/3 devices online
[2025-12-23 23:25:35] Status: 2/3 devices online
[2025-12-23 23:26:35] Status: 2/3 devices online
[2025-12-23 23:27:35] Status: 2/3 devices online
[2025-12-23 23:28:35] Status: 2/3 devices online
[2025-12-23 23:29:35] Status: 2/3 devices online
[2025-12-23 23:30:35] Status: 2/3 devices online
[2025-12-23 23:31:35] Status: 2/3 devices online
[2025-12-23 23:32:35] Status: 2/3 devices online
[2025-12-23 23:33:35] Status: 2/3 devices online
[2025-12-23 23:34:35] Status: 2/3 devices online
[2025-12-23 23:35:35] Status: 2/3 devices online
[2025-12-23 23:36:35] Status: 2/3 devices online
[2025-12-23 23:37:35] Status: 2/3 devices online
[2025-12-23 23:38:36] Status: 2/3 devices online
[2025-12-23 23:39:36] Status: 2/3 devices online
[2025-12-23 23:40:36] Status: 2/3 devices online
[2025-12-23 23:41:36] Status: 2/3 devices online
[2025-12-23 23:42:36] Status: 2/3 devices online
[2025-12-23 23:43:36] Status: 2/3 devices online
[2025-12-23 23:44:36] Status: 2/3 devices online
[2025-12-23 23:45:36] Status: 2/3 devices online
[2025-12-23 23:46:36] Status: 2/3 devices online
[2025-12-23 23:47:36] Status: 2/3 devices online
[2025-12-23 23:48:36] Status: 2/3 devices online
[2025-12-23 23:49:36] Status: 2/3 devices online
[2025-12-23 23:50:36] Status: 2/3 devices online
[2025-12-23 23:51:36] Status: 2/3 devices online
[2025-12-23 23:52:36] Status: 2/3 devices online
[2025-12-23 23:53:36] Status: 2/3 devices online
[2025-12-23 23:54:36] Status: 2/3 devices online
[2025-12-23 23:55:36] Status: 2/3 devices online
[2025-12-23 23:56:36] Status: 2/3 devices online
[2025-12-23 23:57:36] Status: 2/3 devices online
[2025-12-23 23:58:36] Status: 2/3 devices online
[2025-12-23 23:59:36] Status: 2/3 devices online
[2025-12-24 00:00:36] Status: 2/3 devices online
[2025-12-24 00:01:36] Status: 2/3 devices online
[2025-12-24 00:02:36] Status: 2/3 devices online
[2025-12-24 00:03:36] Status: 2/3 devices online
[2025-12-24 00:04:36] Status: 2/3 devices online
[2025-12-24 00:05:36] Status: 2/3 devices online
[2025-12-24 00:06:36] Status: 2/3 devices online
[2025-12-24 00:07:36] Status: 2/3 devices online
[2025-12-24 00:08:36] Status: 2/3 devices online
[2025-12-24 00:09:36] Status: 2/3 devices online
[2025-12-24 00:10:36] Status: 2/3 devices online
[2025-12-24 00:11:36] Status: 2/3 devices online
[2025-12-24 00:12:36] Status: 2/3 devices online
[2025-12-24 00:13:36] Status: 2/3 devices online
[2025-12-24 00:14:36] Status: 2/3 devices online
[2025-12-24 00:15:36] Status: 2/3 devices online
[2025-12-24 00:16:36] Status: 2/3 devices online
[2025-12-24 00:17:36] Status: 2/3 devices online
[2025-12-24 00:18:36] Status: 2/3 devices online
[2025-12-24 00:19:36] Status: 2/3 devices online
[2025-12-24 00:20:36] Status: 2/3 devices online
[2025-12-24 00:21:36] Status: 2/3 devices online
[2025-12-24 00:22:36] Status: 2/3 devices online
[2025-12-24 00:23:36] Status: 2/3 devices online
[2025-12-24 00:24:36] Status: 2/3 devices online
[2025-12-24 00:25:36] Status: 2/3 devices online
[2025-12-24 00:26:36] Status: 2/3 devices online
[2025-12-24 00:27:36] Status: 2/3 devices online
[2025-12-24 00:28:36] Status: 2/3 devices online
[2025-12-24 00:29:36] Status: 2/3 devices online
[2025-12-24 00:30:36] Status: 2/3 devices online
[2025-12-24 00:31:36] Status: 2/3 devices online
[2025-12-24 00:32:36] Status: 2/3 devices online
[2025-12-24 00:33:36] Status: 2/3 devices online
[2025-12-24 00:34:36] Status: 2/3 devices online
[2025-12-24 00:35:36] Status: 2/3 devices online
[2025-12-24 00:36:36] Status: 2/3 devices online
[2025-12-24 00:37:36] Status: 2/3 devices online
[2025-12-24 00:38:36] Status: 2/3 devices online
[2025-12-24 00:39:36] Status: 2/3 devices online
[2025-12-24 00:40:36] Status: 2/3 devices online
[2025-12-24 00:41:36] Status: 2/3 devices online
[2025-12-24 00:42:36] Status: 2/3 devices online
[2025-12-24 00:43:36] Status: 2/3 devices online
[2025-12-24 00:44:36] Status: 2/3 devices online
[2025-12-24 00:45:36] Status: 2/3 devices online
[2025-12-24 00:46:36] Status: 2/3 devices online
[2025-12-24 00:47:36] Status: 2/3 devices online
[2025-12-24 00:48:36] Status: 2/3 devices online
[2025-12-24 00:49:36] Status: 2/3 devices online
[2025-12-24 00:50:36] Status: 2/3 devices online
[2025-12-24 00:51:36] Status: 2/3 devices online
[2025-12-24 00:52:36] Status: 2/3 devices online
[2025-12-24 00:53:36] Status: 2/3 devices online
[2025-12-24 00:54:36] Status: 2/3 devices online
[2025-12-24 00:55:36] Status: 2/3 devices online
[2025-12-24 00:56:37] Status: 2/3 devices online
[2025-12-24 00:57:37] Status: 2/3 devices online
[2025-12-24 00:58:37] Status: 2/3 devices online
[2025-12-24 00:59:37] Status: 2/3 devices online
[2025-12-24 01:00:37] Status: 2/3 devices online
[2025-12-24 01:01:37] Status: 2/3 devices online
[2025-12-24 01:02:37] Status: 2/3 devices online
[2025-12-24 01:03:37] Status: 2/3 devices online
[2025-12-24 01:04:37] Status: 2/3 devices online
[2025-12-24 01:05:37] Status: 2/3 devices online
[2025-12-24 01:06:37] Status: 2/3 devices online
[2025-12-24 01:07:37] Status: 2/3 devices online
[2025-12-24 01:08:37] Status: 2/3 devices online
[2025-12-24 01:09:37] Status: 2/3 devices online
[2025-12-24 01:10:37] Status: 2/3 devices online
[2025-12-24 01:11:37] Status: 2/3 devices online
[2025-12-24 01:12:37] Status: 2/3 devices online
[2025-12-24 01:13:37] Status: 2/3 devices online
[2025-12-24 01:14:37] Status: 2/3 devices online
[2025-12-24 01:15:37] Status: 2/3 devices online
[2025-12-24 01:16:37] Status: 2/3 devices online
[2025-12-24 01:17:37] Status: 2/3 devices online
[2025-12-24 01:18:37] Status: 2/3 devices online
[2025-12-24 01:19:37] Status: 2/3 devices online
[2025-12-24 01:20:37] Status: 2/3 devices online
[2025-12-24 01:21:37] Status: 2/3 devices online
[2025-12-24 01:22:37] Status: 2/3 devices online
[2025-12-24 01:23:37] Status: 2/3 devices online
[2025-12-24 01:24:37] Status: 2/3 devices online
[2025-12-24 01:25:37] Status: 2/3 devices online
[2025-12-24 01:26:37] Status: 2/3 devices online
[2025-12-24 01:27:37] Status: 2/3 devices online
[2025-12-24 01:28:37] Status: 2/3 devices online
[2025-12-24 01:29:37] Status: 2/3 devices online
[2025-12-24 01:30:37] Status: 2/3 devices online
[2025-12-24 01:31:37] Status: 2/3 devices online
[2025-12-24 01:32:37] Status: 2/3 devices online
[2025-12-24 01:33:37] Status: 2/3 devices online
[2025-12-24 01:34:37] Status: 2/3 devices online
[2025-12-24 01:35:37] Status: 2/3 devices online
[2025-12-24 01:36:37] Status: 2/3 devices online
[2025-12-24 01:37:37] Status: 2/3 devices online
[2025-12-24 01:38:37] Status: 2/3 devices online
[2025-12-24 01:39:37] Status: 2/3 devices online
[2025-12-24 01:40:37] Status: 2/3 devices online
[2025-12-24 01:41:37] Status: 2/3 devices online
[2025-12-24 01:42:37] Status: 2/3 devices online
[2025-12-24 01:43:37] Status: 2/3 devices online
[2025-12-24 01:44:37] Status: 2/3 devices online
[2025-12-24 01:45:37] Status: 2/3 devices online
[2025-12-24 01:46:37] Status: 2/3 devices online
[2025-12-24 01:47:37] Status: 2/3 devices online
[2025-12-24 01:48:37] Status: 2/3 devices online
[2025-12-24 01:49:37] Status: 2/3 devices online
[2025-12-24 01:50:37] Status: 2/3 devices online
[2025-12-24 01:51:37] Status: 2/3 devices online
[2025-12-24 01:52:37] Status: 2/3 devices online
[2025-12-24 01:53:37] Status: 2/3 devices online
[2025-12-24 01:54:37] Status: 2/3 devices online
[2025-12-24 01:55:37] Status: 2/3 devices online
[2025-12-24 01:56:37] Status: 2/3 devices online
[2025-12-24 01:57:37] Status: 2/3 devices online
[2025-12-24 01:58:37] Status: 2/3 devices online
[2025-12-24 01:59:37] Status: 2/3 devices online
[2025-12-24 02:00:37] Status: 2/3 devices online
[2025-12-24 02:01:37] Status: 2/3 devices online
[2025-12-24 02:02:37] Status: 2/3 devices online
[2025-12-24 02:03:37] Status: 2/3 devices online
[2025-12-24 02:04:37] Status: 2/3 devices online
[2025-12-24 02:05:37] Status: 2/3 devices online
[2025-12-24 02:06:37] Status: 2/3 devices online
[2025-12-24 02:07:37] Status: 2/3 devices online
[2025-12-24 02:08:37] Status: 2/3 devices online
[2025-12-24 02:09:37] Status: 2/3 devices online
[2025-12-24 02:10:37] Status: 2/3 devices online
[2025-12-24 02:11:37] Status: 2/3 devices online
[2025-12-24 02:12:37] Status: 2/3 devices online
[2025-12-24 02:13:37] Status: 2/3 devices online
[2025-12-24 02:14:37] Status: 2/3 devices online
[2025-12-24 02:15:37] Status: 2/3 devices online
[2025-12-24 02:16:37] Status: 2/3 devices online
[2025-12-24 02:17:37] Status: 2/3 devices online
[2025-12-24 02:18:37] Status: 2/3 devices online
[2025-12-24 02:19:37] Status: 2/3 devices online
[2025-12-24 02:20:37] Status: 2/3 devices online
[2025-12-24 02:21:38] Status: 2/3 devices online
[2025-12-24 02:22:38] Status: 2/3 devices online
[2025-12-24 02:23:38] Status: 2/3 devices online
[2025-12-24 02:24:38] Status: 2/3 devices online
[2025-12-24 02:25:38] Status: 2/3 devices online
[2025-12-24 02:26:38] Status: 2/3 devices online
[2025-12-24 02:27:38] Status: 2/3 devices online
[2025-12-24 02:28:38] Status: 2/3 devices online
[2025-12-24 02:29:38] Status: 2/3 devices online
[2025-12-24 02:30:38] Status: 2/3 devices online
[2025-12-24 02:31:38] Status: 2/3 devices online
[2025-12-24 02:32:38] Status: 2/3 devices online
[2025-12-24 02:33:38] Status: 2/3 devices online
[2025-12-24 02:34:38] Status: 2/3 devices online
[2025-12-24 02:35:38] Status: 2/3 devices online
[2025-12-24 02:36:38] Status: 2/3 devices online
[2025-12-24 02:37:38] Status: 2/3 devices online
[2025-12-24 02:38:38] Status: 2/3 devices online
[2025-12-24 02:39:38] Status: 2/3 devices online
[2025-12-24 02:40:38] Status: 2/3 devices online
[2025-12-24 02:41:38] Status: 2/3 devices online
[2025-12-24 02:42:38] Status: 2/3 devices online
[2025-12-24 02:43:38] Status: 2/3 devices online
[2025-12-24 02:44:38] Status: 2/3 devices online
[2025-12-24 02:45:38] Status: 2/3 devices online
[2025-12-24 02:46:38] Status: 2/3 devices online
[2025-12-24 02:47:38] Status: 2/3 devices online
[2025-12-24 02:48:38] Status: 2/3 devices online
[2025-12-24 02:49:38] Status: 2/3 devices online
[2025-12-24 02:50:38] Status: 2/3 devices online
[2025-12-24 02:51:38] Status: 2/3 devices online
[2025-12-24 02:52:38] Status: 2/3 devices online
[2025-12-24 02:53:38] Status: 2/3 devices online
[2025-12-24 02:54:38] Status: 2/3 devices online
[2025-12-24 02:55:38] Status: 2/3 devices online
[2025-12-24 02:56:38] Status: 2/3 devices online
[2025-12-24 02:57:38] Status: 2/3 devices online
[2025-12-24 02:58:38] Status: 2/3 devices online
[2025-12-24 02:59:38] Status: 2/3 devices online
[2025-12-24 03:00:38] Status: 2/3 devices online
[2025-12-24 03:01:38] Status: 2/3 devices online
[2025-12-24 03:02:38] Status: 2/3 devices online
[2025-12-24 03:03:38] Status: 2/3 devices online
[2025-12-24 03:04:38] Status: 2/3 devices online
[2025-12-24 03:05:38] Status: 2/3 devices online
[2025-12-24 03:06:38] Status: 2/3 devices online
[2025-12-24 03:07:38] Status: 2/3 devices online
[2025-12-24 03:08:38] Status: 2/3 devices online
[2025-12-24 03:09:38] Status: 2/3 devices online
[2025-12-24 03:10:38] Status: 2/3 devices online
[2025-12-24 03:11:38] Status: 2/3 devices online
[2025-12-24 03:12:38] Status: 2/3 devices online
[2025-12-24 03:13:38] Status: 2/3 devices online
[2025-12-24 03:14:38] Status: 2/3 devices online
[2025-12-24 03:15:38] Status: 2/3 devices online
[2025-12-24 03:16:19] [2025-12-24 03:16:19] Monitoring engine started.
[2025-12-24 03:16:19] [2025-12-24 03:16:19] Starting to monitor 3 devices...
[2025-12-24 03:16:20] Network Monitor Service started successfully.
[2025-12-24 03:16:20] Status: 0/3 devices online
[2025-12-24 03:16:20] [2025-12-24 03:16:20] Device Google DNS is now Online (Ping: 40ms)
[2025-12-24 03:16:20] [2025-12-24 03:16:20] Device Cloudflare DNS is now Online (Ping: 3ms)
[2025-12-24 03:17:20] Status: 2/3 devices online
[2025-12-24 03:18:20] Status: 2/3 devices online
[2025-12-24 03:19:20] Status: 2/3 devices online
[2025-12-24 03:20:20] Status: 2/3 devices online
[2025-12-24 03:21:20] Status: 2/3 devices online
[2025-12-24 03:22:20] Status: 2/3 devices online
[2025-12-24 03:23:20] Status: 2/3 devices online
[2025-12-24 03:24:20] Status: 2/3 devices online
[2025-12-24 03:25:20] Status: 2/3 devices online
[2025-12-24 03:26:20] Status: 2/3 devices online
[2025-12-24 03:27:20] Status: 2/3 devices online
[2025-12-24 03:28:20] Status: 2/3 devices online
[2025-12-24 03:29:20] Status: 2/3 devices online
[2025-12-24 03:30:20] Status: 2/3 devices online
[2025-12-24 03:31:20] Status: 2/3 devices online
[2025-12-24 03:32:20] Status: 2/3 devices online
[2025-12-24 03:33:20] Status: 2/3 devices online
[2025-12-24 03:34:20] Status: 2/3 devices online
[2025-12-24 03:35:20] Status: 2/3 devices online
[2025-12-24 03:36:20] Status: 2/3 devices online
[2025-12-24 03:37:20] Status: 2/3 devices online
[2025-12-24 03:38:20] Status: 2/3 devices online
[2025-12-24 03:39:20] Status: 2/3 devices online
[2025-12-24 03:40:20] Status: 2/3 devices online
[2025-12-24 03:41:20] Status: 2/3 devices online
[2025-12-24 03:42:20] Status: 2/3 devices online
[2025-12-24 03:43:20] Status: 2/3 devices online
[2025-12-24 03:44:20] Status: 2/3 devices online
[2025-12-24 03:45:20] Status: 2/3 devices online
[2025-12-24 03:46:20] Status: 2/3 devices online
[2025-12-24 03:47:20] Status: 2/3 devices online
[2025-12-24 03:48:20] Status: 2/3 devices online
[2025-12-24 03:49:20] Status: 2/3 devices online
[2025-12-24 03:50:20] Status: 2/3 devices online
[2025-12-24 03:51:20] Status: 2/3 devices online
[2025-12-24 03:52:20] Status: 2/3 devices online
[2025-12-24 03:53:20] Status: 2/3 devices online
[2025-12-24 03:54:20] Status: 2/3 devices online
[2025-12-24 03:55:20] Status: 2/3 devices online
[2025-12-24 03:56:20] Status: 2/3 devices online
[2025-12-24 03:57:20] Status: 2/3 devices online
[2025-12-24 03:58:20] Status: 2/3 devices online
[2025-12-24 03:59:20] Status: 2/3 devices online
[2025-12-24 04:00:20] Status: 2/3 devices online
[2025-12-24 04:01:20] Status: 2/3 devices online
[2025-12-24 04:02:20] Status: 2/3 devices online
[2025-12-24 04:03:20] Status: 2/3 devices online
[2025-12-24 04:04:20] Status: 2/3 devices online
[2025-12-24 04:05:20] Status: 2/3 devices online
[2025-12-24 04:06:20] Status: 2/3 devices online
[2025-12-24 04:07:20] Status: 2/3 devices online
[2025-12-24 04:08:20] Status: 2/3 devices online
[2025-12-24 04:09:20] Status: 2/3 devices online
[2025-12-24 04:10:20] Status: 2/3 devices online
[2025-12-24 04:11:20] Status: 2/3 devices online
[2025-12-24 04:12:20] Status: 2/3 devices online
[2025-12-24 04:13:20] Status: 2/3 devices online
[2025-12-24 04:14:20] Status: 2/3 devices online
[2025-12-24 04:15:20] Status: 2/3 devices online
[2025-12-24 04:16:20] Status: 2/3 devices online
[2025-12-24 04:17:20] Status: 2/3 devices online
[2025-12-24 04:18:20] Status: 2/3 devices online
[2025-12-24 04:19:20] Status: 2/3 devices online
[2025-12-24 04:20:20] Status: 2/3 devices online
[2025-12-24 04:21:20] Status: 2/3 devices online
[2025-12-24 04:22:20] Status: 2/3 devices online
[2025-12-24 04:23:20] Status: 2/3 devices online
[2025-12-24 04:24:20] Status: 2/3 devices online
[2025-12-24 04:25:20] Status: 2/3 devices online
[2025-12-24 04:26:20] Status: 2/3 devices online
[2025-12-24 04:27:20] Status: 2/3 devices online
[2025-12-24 04:28:20] Status: 2/3 devices online
[2025-12-24 04:29:20] Status: 2/3 devices online
[2025-12-24 04:30:20] Status: 2/3 devices online
[2025-12-24 04:31:20] Status: 2/3 devices online
[2025-12-24 04:32:20] Status: 2/3 devices online
[2025-12-24 04:33:20] Status: 2/3 devices online
[2025-12-24 04:34:20] Status: 2/3 devices online
[2025-12-24 04:35:20] Status: 2/3 devices online
[2025-12-24 04:36:20] Status: 2/3 devices online
[2025-12-24 04:37:20] Status: 2/3 devices online
[2025-12-24 04:38:20] Status: 2/3 devices online
[2025-12-24 04:39:20] Status: 2/3 devices online
[2025-12-24 04:40:20] Status: 2/3 devices online
[2025-12-24 04:41:20] Status: 2/3 devices online
[2025-12-24 04:42:20] Status: 2/3 devices online
[2025-12-24 04:43:20] Status: 2/3 devices online
[2025-12-24 04:44:20] Status: 2/3 devices online
[2025-12-24 04:45:20] Status: 2/3 devices online
[2025-12-24 04:46:20] Status: 2/3 devices online
[2025-12-24 04:47:20] Status: 2/3 devices online
[2025-12-24 04:48:20] Status: 2/3 devices online
[2025-12-24 04:49:20] Status: 2/3 devices online
[2025-12-24 04:50:20] Status: 2/3 devices online
[2025-12-24 04:51:20] Status: 2/3 devices online
[2025-12-24 04:52:20] Status: 2/3 devices online
[2025-12-24 04:53:20] Status: 2/3 devices online
[2025-12-24 04:54:20] Status: 2/3 devices online
[2025-12-24 04:55:20] Status: 2/3 devices online
[2025-12-24 04:56:20] Status: 2/3 devices online
[2025-12-24 04:57:20] Status: 2/3 devices online
[2025-12-24 04:58:20] Status: 2/3 devices online
[2025-12-24 04:59:20] Status: 2/3 devices online
[2025-12-24 05:00:20] Status: 2/3 devices online
[2025-12-24 05:01:21] Status: 2/3 devices online
[2025-12-24 05:02:21] Status: 2/3 devices online
[2025-12-24 05:03:21] Status: 2/3 devices online
[2025-12-24 05:04:21] Status: 2/3 devices online
[2025-12-24 05:05:21] Status: 2/3 devices online
[2025-12-24 05:06:21] Status: 2/3 devices online
[2025-12-24 05:07:21] Status: 2/3 devices online
[2025-12-24 05:08:21] Status: 2/3 devices online
[2025-12-24 05:09:21] Status: 2/3 devices online
[2025-12-24 05:10:21] Status: 2/3 devices online
[2025-12-24 05:11:21] Status: 2/3 devices online
[2025-12-24 05:12:21] Status: 2/3 devices online
[2025-12-24 05:13:21] Status: 2/3 devices online
[2025-12-24 05:14:21] Status: 2/3 devices online
[2025-12-24 05:15:21] Status: 2/3 devices online
[2025-12-24 05:16:21] Status: 2/3 devices online
[2025-12-24 05:17:21] Status: 2/3 devices online
[2025-12-24 05:18:21] Status: 2/3 devices online
[2025-12-24 05:19:21] Status: 2/3 devices online
[2025-12-24 05:20:21] Status: 2/3 devices online
[2025-12-24 05:21:21] Status: 2/3 devices online
[2025-12-24 05:22:21] Status: 2/3 devices online
[2025-12-24 05:23:21] Status: 2/3 devices online
[2025-12-24 05:24:21] Status: 2/3 devices online
[2025-12-24 05:25:21] Status: 2/3 devices online
[2025-12-24 05:26:21] Status: 2/3 devices online
[2025-12-24 05:27:21] Status: 2/3 devices online
[2025-12-24 05:28:21] Status: 2/3 devices online
[2025-12-24 05:29:21] Status: 2/3 devices online
[2025-12-24 05:30:21] Status: 2/3 devices online
[2025-12-24 05:31:21] Status: 2/3 devices online
[2025-12-24 05:32:21] Status: 2/3 devices online
[2025-12-24 05:33:21] Status: 2/3 devices online
[2025-12-24 05:34:21] Status: 2/3 devices online
[2025-12-24 05:35:21] Status: 2/3 devices online
[2025-12-24 05:36:21] Status: 2/3 devices online
[2025-12-24 05:37:21] Status: 2/3 devices online
[2025-12-24 05:38:21] Status: 2/3 devices online
[2025-12-24 05:39:21] Status: 2/3 devices online
[2025-12-24 05:40:21] Status: 2/3 devices online
[2025-12-24 05:41:21] Status: 2/3 devices online
[2025-12-24 05:42:21] Status: 2/3 devices online
[2025-12-24 05:43:21] Status: 2/3 devices online
[2025-12-24 05:44:21] Status: 2/3 devices online
[2025-12-24 05:45:21] Status: 2/3 devices online
[2025-12-24 05:46:21] Status: 2/3 devices online
[2025-12-24 05:47:21] Status: 2/3 devices online
[2025-12-24 05:48:21] Status: 2/3 devices online
[2025-12-24 05:49:21] Status: 2/3 devices online
[2025-12-24 05:50:21] Status: 2/3 devices online
[2025-12-24 05:51:21] Status: 2/3 devices online
[2025-12-24 05:52:21] Status: 2/3 devices online
[2025-12-24 05:53:21] Status: 2/3 devices online
[2025-12-24 05:54:21] Status: 2/3 devices online
[2025-12-24 05:55:21] Status: 2/3 devices online
[2025-12-24 05:56:21] Status: 2/3 devices online
[2025-12-24 05:57:21] Status: 2/3 devices online
[2025-12-24 05:58:21] Status: 2/3 devices online
[2025-12-24 05:59:21] Status: 2/3 devices online
[2025-12-24 06:00:21] Status: 2/3 devices online
[2025-12-24 06:01:21] Status: 2/3 devices online
[2025-12-24 06:02:21] Status: 2/3 devices online
[2025-12-24 06:03:21] Status: 2/3 devices online
[2025-12-24 06:04:21] Status: 2/3 devices online
[2025-12-24 06:05:21] Status: 2/3 devices online
[2025-12-24 09:01:43] [2025-12-24 09:01:43] Starting to monitor 3 devices...
[2025-12-24 09:01:43] Status: 0/3 devices online
[2025-12-24 09:01:43] Network Monitor Service started successfully.
[2025-12-24 09:01:43] [2025-12-24 09:01:43] Device Google DNS is now Online (Ping: 9ms)
[2025-12-24 09:01:43] [2025-12-24 09:01:43] Device Cloudflare DNS is now Online (Ping: 9ms)
[2025-12-24 09:02:43] Status: 2/3 devices online
[2025-12-24 09:03:43] Status: 2/3 devices online
[2025-12-24 09:04:43] Status: 2/3 devices online
[2025-12-24 09:05:43] Status: 2/3 devices online
[2025-12-24 09:06:43] Status: 2/3 devices online
[2025-12-24 09:07:43] Status: 2/3 devices online
[2025-12-24 09:08:43] Status: 2/3 devices online
[2025-12-24 09:09:43] Status: 2/3 devices online
[2025-12-24 09:10:43] Status: 2/3 devices online
[2025-12-24 09:11:43] Status: 2/3 devices online
[2025-12-24 09:12:43] Status: 2/3 devices online
[2025-12-24 09:13:43] Status: 2/3 devices online
[2025-12-24 09:14:43] Status: 2/3 devices online
[2025-12-24 09:15:43] Status: 2/3 devices online
[2025-12-24 09:16:43] Status: 2/3 devices online
[2025-12-24 09:17:43] Status: 2/3 devices online
[2025-12-24 09:18:43] Status: 2/3 devices online
[2025-12-24 09:19:44] Status: 2/3 devices online
[2025-12-24 09:20:44] Status: 2/3 devices online
[2025-12-24 09:21:44] Status: 2/3 devices online
[2025-12-24 09:22:44] Status: 2/3 devices online
[2025-12-24 09:23:44] Status: 2/3 devices online
[2025-12-24 09:24:44] Status: 2/3 devices online
[2025-12-24 09:25:44] Status: 2/3 devices online
[2025-12-24 09:26:44] Status: 2/3 devices online
[2025-12-24 09:27:44] Status: 2/3 devices online
[2025-12-24 09:28:44] Status: 2/3 devices online
[2025-12-24 09:29:44] Status: 2/3 devices online
[2025-12-24 09:30:44] Status: 2/3 devices online
[2025-12-24 09:31:44] Status: 2/3 devices online
[2025-12-24 09:32:44] Status: 2/3 devices online
[2025-12-24 09:33:44] Status: 2/3 devices online
[2025-12-24 09:34:44] Status: 2/3 devices online
[2025-12-24 09:35:44] Status: 2/3 devices online
[2025-12-24 09:36:44] Status: 2/3 devices online
[2025-12-24 09:37:44] Status: 2/3 devices online
[2025-12-24 09:38:44] Status: 2/3 devices online
[2025-12-24 09:39:44] Status: 2/3 devices online
[2025-12-24 09:40:44] Status: 2/3 devices online
[2025-12-24 09:41:44] Status: 2/3 devices online
[2025-12-24 09:42:44] Status: 2/3 devices online
[2025-12-24 09:43:44] Status: 2/3 devices online
[2025-12-24 09:44:44] Status: 2/3 devices online
[2025-12-24 09:45:44] Status: 2/3 devices online
[2025-12-24 09:46:44] Status: 2/3 devices online
[2025-12-24 09:47:44] Status: 2/3 devices online
[2025-12-24 09:48:44] Status: 2/3 devices online
[2025-12-24 09:49:44] Status: 2/3 devices online
[2025-12-24 09:50:44] Status: 2/3 devices online
[2025-12-24 09:51:44] Status: 2/3 devices online
[2025-12-24 09:52:44] Status: 2/3 devices online
[2025-12-24 09:53:44] Status: 2/3 devices online
[2025-12-24 09:54:44] Status: 2/3 devices online
[2025-12-24 09:55:44] Status: 2/3 devices online
[2025-12-24 09:56:44] Status: 2/3 devices online
[2025-12-24 09:57:44] Status: 2/3 devices online
[2025-12-24 09:58:44] Status: 2/3 devices online
[2025-12-24 09:59:44] Status: 2/3 devices online
[2025-12-24 10:00:44] Status: 2/3 devices online
[2025-12-24 10:01:44] Status: 2/3 devices online
[2025-12-24 10:02:44] Status: 2/3 devices online
[2025-12-24 10:03:44] Status: 2/3 devices online
[2025-12-24 10:04:44] Status: 2/3 devices online
[2025-12-24 10:05:44] Status: 2/3 devices online
[2025-12-24 10:06:44] Status: 2/3 devices online
[2025-12-24 10:07:44] Status: 2/3 devices online
[2025-12-24 10:08:44] Status: 2/3 devices online
[2025-12-24 10:09:44] Status: 2/3 devices online
[2025-12-24 10:10:44] Status: 2/3 devices online
[2025-12-24 10:11:44] Status: 2/3 devices online
[2025-12-24 10:12:44] Status: 2/3 devices online
[2025-12-24 10:13:44] Status: 2/3 devices online
[2025-12-24 10:14:44] Status: 2/3 devices online
[2025-12-24 10:15:44] Status: 2/3 devices online
[2025-12-24 10:16:44] Status: 2/3 devices online
[2025-12-24 10:17:44] Status: 2/3 devices online
[2025-12-24 10:18:44] Status: 2/3 devices online
[2025-12-24 10:19:44] Status: 2/3 devices online
[2025-12-24 10:20:44] Status: 2/3 devices online
[2025-12-24 10:21:44] Status: 2/3 devices online
[2025-12-24 10:22:44] Status: 2/3 devices online
[2025-12-24 10:23:44] Status: 2/3 devices online
[2025-12-24 10:24:44] Status: 2/3 devices online
[2025-12-24 10:25:44] Status: 2/3 devices online
[2025-12-24 10:26:44] Status: 2/3 devices online
[2025-12-24 10:27:44] Status: 2/3 devices online
[2025-12-24 10:28:44] Status: 2/3 devices online
[2025-12-24 10:29:44] Status: 2/3 devices online
[2025-12-24 10:30:44] Status: 2/3 devices online
[2025-12-24 10:31:44] Status: 2/3 devices online
[2025-12-24 10:32:44] Status: 2/3 devices online
[2025-12-24 10:33:44] Status: 2/3 devices online
[2025-12-24 10:34:44] Status: 2/3 devices online
[2025-12-24 10:35:44] Status: 2/3 devices online
[2025-12-24 10:36:44] Status: 2/3 devices online
[2025-12-24 10:37:44] Status: 2/3 devices online
[2025-12-24 10:38:44] Status: 2/3 devices online
[2025-12-24 10:39:44] Status: 2/3 devices online
[2025-12-24 10:40:44] Status: 2/3 devices online
[2025-12-24 10:41:44] Status: 2/3 devices online
[2025-12-24 10:42:44] Status: 2/3 devices online
[2025-12-24 10:43:44] Status: 2/3 devices online
[2025-12-24 10:44:44] Status: 2/3 devices online
[2025-12-24 10:45:44] Status: 2/3 devices online
[2025-12-24 10:46:44] Status: 2/3 devices online
[2025-12-24 10:47:44] Status: 2/3 devices online
[2025-12-24 10:48:44] Status: 2/3 devices online
[2025-12-24 10:49:44] Status: 2/3 devices online
[2025-12-24 10:50:44] Status: 2/3 devices online
[2025-12-24 10:51:44] Status: 2/3 devices online
[2025-12-24 10:52:44] Status: 2/3 devices online
[2025-12-24 10:53:44] Status: 2/3 devices online
[2025-12-24 10:54:44] Status: 2/3 devices online
[2025-12-24 10:55:45] Status: 2/3 devices online
[2025-12-24 10:56:45] Status: 2/3 devices online
[2025-12-24 10:57:45] Status: 2/3 devices online
[2025-12-24 10:58:45] Status: 2/3 devices online
[2025-12-24 10:59:45] Status: 2/3 devices online
[2025-12-24 11:00:45] Status: 2/3 devices online
[2025-12-24 11:01:45] Status: 2/3 devices online
[2025-12-24 11:02:45] Status: 2/3 devices online
[2025-12-24 11:03:45] Status: 2/3 devices online
[2025-12-24 11:04:45] Status: 2/3 devices online
[2025-12-24 11:05:45] Status: 2/3 devices online
[2025-12-24 11:06:45] Status: 2/3 devices online
[2025-12-24 11:07:45] Status: 2/3 devices online
[2025-12-24 11:08:45] Status: 2/3 devices online
[2025-12-24 11:09:45] Status: 2/3 devices online
[2025-12-24 11:10:45] Status: 2/3 devices online
[2025-12-24 11:11:45] Status: 2/3 devices online
[2025-12-24 11:12:45] Status: 2/3 devices online
[2025-12-24 11:13:45] Status: 2/3 devices online
[2025-12-24 11:14:45] Status: 2/3 devices online
[2025-12-24 11:15:45] Status: 2/3 devices online
[2025-12-24 11:16:45] Status: 2/3 devices online
[2025-12-24 11:17:45] Status: 2/3 devices online
[2025-12-24 11:18:45] Status: 2/3 devices online
[2025-12-24 11:19:45] Status: 2/3 devices online
[2025-12-24 11:20:45] Status: 2/3 devices online
[2025-12-24 11:21:45] Status: 2/3 devices online
[2025-12-24 11:22:45] Status: 2/3 devices online
[2025-12-24 11:23:45] Status: 2/3 devices online
[2025-12-24 11:24:45] Status: 2/3 devices online
[2025-12-24 11:25:45] Status: 2/3 devices online
[2025-12-24 11:26:45] Status: 2/3 devices online
[2025-12-24 11:27:45] Status: 2/3 devices online
[2025-12-24 11:28:45] Status: 2/3 devices online
[2025-12-24 11:29:45] Status: 2/3 devices online
[2025-12-24 11:30:45] Status: 2/3 devices online
[2025-12-24 11:31:45] Status: 2/3 devices online
[2025-12-24 11:32:45] Status: 2/3 devices online
[2025-12-24 11:33:45] Status: 2/3 devices online
[2025-12-24 11:34:45] Status: 2/3 devices online
[2025-12-24 11:35:45] Status: 2/3 devices online
[2025-12-24 11:36:45] Status: 2/3 devices online
[2025-12-24 11:37:45] Status: 2/3 devices online
[2025-12-24 11:38:45] Status: 2/3 devices online
[2025-12-24 11:39:45] Status: 2/3 devices online
[2025-12-24 11:40:45] Status: 2/3 devices online
[2025-12-24 11:41:45] Status: 2/3 devices online
[2025-12-24 11:42:45] Status: 2/3 devices online
[2025-12-24 11:43:45] Status: 2/3 devices online
[2025-12-24 11:44:45] Status: 2/3 devices online
[2025-12-24 11:45:45] Status: 2/3 devices online
[2025-12-24 11:46:45] Status: 2/3 devices online
[2025-12-24 11:47:45] Status: 2/3 devices online
[2025-12-24 11:48:45] Status: 2/3 devices online
[2025-12-24 11:49:45] Status: 2/3 devices online
[2025-12-24 11:50:45] Status: 2/3 devices online
[2025-12-24 11:51:45] Status: 2/3 devices online
[2025-12-24 11:52:45] Status: 2/3 devices online
[2025-12-24 11:53:45] Status: 2/3 devices online
[2025-12-24 11:54:45] Status: 2/3 devices online
[2025-12-24 11:55:45] Status: 2/3 devices online
[2025-12-24 11:56:45] Status: 2/3 devices online
[2025-12-24 11:57:45] Status: 2/3 devices online
[2025-12-24 11:58:45] Status: 2/3 devices online
[2025-12-24 11:59:45] Status: 2/3 devices online
[2025-12-24 12:00:45] Status: 2/3 devices online
[2025-12-24 12:01:45] Status: 2/3 devices online
[2025-12-24 12:02:45] Status: 2/3 devices online
[2025-12-24 12:03:45] Status: 2/3 devices online
[2025-12-24 12:04:45] Status: 2/3 devices online
[2025-12-24 12:05:45] Status: 2/3 devices online
[2025-12-24 12:06:45] Status: 2/3 devices online
[2025-12-24 12:07:45] Status: 2/3 devices online
[2025-12-24 12:08:45] Status: 2/3 devices online
[2025-12-24 12:09:45] Status: 2/3 devices online
[2025-12-24 12:10:45] Status: 2/3 devices online
[2025-12-24 12:11:45] Status: 2/3 devices online
[2025-12-24 12:12:46] Status: 2/3 devices online
[2025-12-24 12:13:46] Status: 2/3 devices online
[2025-12-24 12:14:46] Status: 2/3 devices online
[2025-12-24 12:15:46] Status: 2/3 devices online
[2025-12-24 12:16:46] Status: 2/3 devices online
[2025-12-24 12:17:46] Status: 2/3 devices online
[2025-12-24 12:18:46] Status: 2/3 devices online
[2025-12-24 12:19:46] Status: 2/3 devices online
[2025-12-24 12:20:46] Status: 2/3 devices online
[2025-12-24 12:21:46] Status: 2/3 devices online
[2025-12-24 12:22:46] Status: 2/3 devices online
[2025-12-24 12:23:46] Status: 2/3 devices online
[2025-12-24 12:24:46] Status: 2/3 devices online
[2025-12-24 12:25:46] Status: 2/3 devices online
[2025-12-24 12:26:46] Status: 2/3 devices online
[2025-12-24 12:27:46] Status: 2/3 devices online
[2025-12-24 12:28:46] Status: 2/3 devices online
[2025-12-24 12:29:46] Status: 2/3 devices online
[2025-12-24 12:30:46] Status: 2/3 devices online
[2025-12-24 12:31:46] Status: 2/3 devices online
[2025-12-24 12:32:46] Status: 2/3 devices online
[2025-12-24 12:33:46] Status: 2/3 devices online
[2025-12-24 12:34:46] Status: 2/3 devices online
[2025-12-24 12:35:46] Status: 2/3 devices online
[2025-12-24 12:36:46] Status: 2/3 devices online
[2025-12-24 12:37:46] Status: 2/3 devices online
[2025-12-24 12:38:46] Status: 2/3 devices online
[2025-12-24 12:39:46] Status: 2/3 devices online
[2025-12-24 12:40:46] Status: 2/3 devices online
[2025-12-24 12:41:46] Status: 2/3 devices online
[2025-12-24 12:42:46] Status: 2/3 devices online
[2025-12-24 12:43:46] Status: 2/3 devices online
[2025-12-24 12:44:46] Status: 2/3 devices online
[2025-12-24 12:45:46] Status: 2/3 devices online
[2025-12-24 12:46:46] Status: 2/3 devices online
[2025-12-24 12:47:46] Status: 2/3 devices online
[2025-12-24 12:48:46] Status: 2/3 devices online
[2025-12-24 12:49:46] Status: 2/3 devices online
[2025-12-24 12:50:46] Status: 2/3 devices online
[2025-12-24 12:51:46] Status: 2/3 devices online
[2025-12-24 12:52:46] Status: 2/3 devices online
[2025-12-24 12:53:46] Status: 2/3 devices online
[2025-12-24 12:54:46] Status: 2/3 devices online
[2025-12-24 12:55:46] Status: 2/3 devices online
[2025-12-24 12:56:46] Status: 2/3 devices online
[2025-12-24 12:57:46] Status: 2/3 devices online
[2025-12-24 12:58:46] Status: 2/3 devices online
[2025-12-24 12:59:46] Status: 2/3 devices online
[2025-12-24 13:00:46] Status: 2/3 devices online
[2025-12-24 13:01:46] Status: 2/3 devices online
[2025-12-24 13:02:46] Status: 2/3 devices online
[2025-12-24 13:03:46] Status: 2/3 devices online
[2025-12-24 13:04:46] Status: 2/3 devices online
[2025-12-24 13:05:46] Status: 2/3 devices online
[2025-12-24 13:06:46] Status: 2/3 devices online
[2025-12-24 13:07:46] Status: 2/3 devices online
[2025-12-24 13:08:46] Status: 2/3 devices online
[2025-12-24 13:09:46] Status: 2/3 devices online
[2025-12-24 13:09:52] [2025-12-24 13:09:52] Device Google DNS is now Offline (Ping: 0ms)
[2025-12-24 13:09:52] [2025-12-24 13:09:52] Device Cloudflare DNS is now Offline (Ping: 0ms)
[2025-12-24 13:10:22] [2025-12-24 13:10:22] Device Google DNS is now Online (Ping: 5ms)
[2025-12-24 13:10:22] [2025-12-24 13:10:22] Device Cloudflare DNS is now Online (Ping: 3ms)
[2025-12-24 13:10:46] Status: 2/3 devices online
[2025-12-24 13:11:46] Status: 2/3 devices online
[2025-12-24 13:12:46] Status: 2/3 devices online
[2025-12-24 13:13:43] [2025-12-24 13:13:43] Device Google DNS is now Offline (Ping: 0ms)
[2025-12-24 13:13:43] [2025-12-24 13:13:43] Device Cloudflare DNS is now Offline (Ping: 0ms)
[2025-12-24 13:13:46] Status: 0/3 devices online
[2025-12-24 13:14:13] [2025-12-24 13:14:13] Device Google DNS is now Online (Ping: 5ms)
[2025-12-24 13:14:13] [2025-12-24 13:14:13] Device Cloudflare DNS is now Online (Ping: 3ms)
[2025-12-24 13:14:46] Status: 2/3 devices online
[2025-12-24 13:15:46] Status: 2/3 devices online
[2025-12-24 13:16:46] Status: 2/3 devices online
[2025-12-24 13:17:46] Status: 2/3 devices online
[2025-12-24 13:18:46] Status: 2/3 devices online
[2025-12-24 13:19:46] Status: 2/3 devices online
[2025-12-24 13:20:46] Status: 2/3 devices online
[2025-12-24 13:21:46] Status: 2/3 devices online
[2025-12-24 13:22:46] Status: 2/3 devices online
[2025-12-24 13:23:46] Status: 2/3 devices online
[2025-12-24 13:24:46] Status: 2/3 devices online
[2025-12-24 13:25:46] Status: 2/3 devices online
[2025-12-24 13:26:46] Status: 2/3 devices online
[2025-12-24 13:27:46] Status: 2/3 devices online
[2025-12-24 13:28:46] Status: 2/3 devices online
[2025-12-24 13:29:46] Status: 2/3 devices online
[2025-12-24 13:30:47] Status: 2/3 devices online
[2025-12-24 13:31:47] Status: 2/3 devices online
[2025-12-24 13:32:47] Status: 2/3 devices online
[2025-12-24 13:33:47] Status: 2/3 devices online
[2025-12-24 13:34:47] Status: 2/3 devices online
[2025-12-24 13:35:47] Status: 2/3 devices online
[2025-12-24 13:36:47] Status: 2/3 devices online
[2025-12-24 13:37:47] Status: 2/3 devices online
[2025-12-24 13:38:47] Status: 2/3 devices online
[2025-12-24 13:39:47] Status: 2/3 devices online
[2025-12-24 13:40:47] Status: 2/3 devices online
[2025-12-24 13:41:47] Status: 2/3 devices online
[2025-12-24 13:42:47] Status: 2/3 devices online
[2025-12-24 13:43:47] Status: 2/3 devices online
[2025-12-24 13:44:47] Status: 2/3 devices online
[2025-12-24 13:45:47] Status: 2/3 devices online
[2025-12-24 13:46:47] Status: 2/3 devices online
[2025-12-24 13:47:47] Status: 2/3 devices online
[2025-12-24 13:48:47] Status: 2/3 devices online
[2025-12-24 13:49:47] Status: 2/3 devices online
[2025-12-24 13:50:47] Status: 2/3 devices online
[2025-12-24 13:51:47] Status: 2/3 devices online
[2025-12-24 13:52:47] Status: 2/3 devices online
[2025-12-24 13:53:47] Status: 2/3 devices online
[2025-12-24 13:54:47] Status: 2/3 devices online
[2025-12-24 13:55:47] Status: 2/3 devices online
[2025-12-24 13:56:47] Status: 2/3 devices online
[2025-12-24 13:57:47] Status: 2/3 devices online
[2025-12-24 13:58:47] Status: 2/3 devices online
[2025-12-24 13:59:47] Status: 2/3 devices online
[2025-12-24 14:00:47] Status: 2/3 devices online
[2025-12-24 14:01:47] Status: 2/3 devices online
[2025-12-24 14:02:47] Status: 2/3 devices online
[2025-12-24 14:03:47] Status: 2/3 devices online
[2025-12-24 14:04:47] Status: 2/3 devices online
[2025-12-24 14:05:47] Status: 2/3 devices online
[2025-12-24 14:06:47] Status: 2/3 devices online
[2025-12-24 14:07:47] Status: 2/3 devices online
[2025-12-24 14:08:47] Status: 2/3 devices online
[2025-12-24 14:09:47] Status: 2/3 devices online
[2025-12-24 14:10:47] Status: 2/3 devices online
[2025-12-24 14:11:47] Status: 2/3 devices online
[2025-12-24 14:12:47] Status: 2/3 devices online
[2025-12-24 14:13:47] Status: 2/3 devices online
[2025-12-24 14:14:47] Status: 2/3 devices online
[2025-12-24 14:15:47] Status: 2/3 devices online
[2025-12-24 14:16:47] Status: 2/3 devices online
[2025-12-24 14:17:47] Status: 2/3 devices online
[2025-12-24 14:18:47] Status: 2/3 devices online
[2025-12-24 14:19:47] Status: 2/3 devices online
[2025-12-24 14:20:47] Status: 2/3 devices online
[2025-12-24 14:21:47] Status: 2/3 devices online
[2025-12-24 14:22:47] Status: 2/3 devices online
[2025-12-24 14:23:47] Status: 2/3 devices online
[2025-12-24 14:24:47] Status: 2/3 devices online
[2025-12-24 14:25:47] Status: 2/3 devices online
[2025-12-24 14:26:47] Status: 2/3 devices online
[2025-12-24 14:27:47] Status: 2/3 devices online
[2025-12-24 14:28:47] Status: 2/3 devices online
[2025-12-24 14:29:47] Status: 2/3 devices online
[2025-12-24 14:30:47] Status: 2/3 devices online
[2025-12-24 14:31:47] Status: 2/3 devices online
[2025-12-24 14:32:47] Status: 2/3 devices online
[2025-12-24 14:33:47] Status: 2/3 devices online
[2025-12-24 14:34:47] Status: 2/3 devices online
[2025-12-24 14:35:47] Status: 2/3 devices online
[2025-12-24 14:36:48] Status: 2/3 devices online
[2025-12-24 14:37:48] Status: 2/3 devices online
[2025-12-24 14:38:48] Status: 2/3 devices online
[2025-12-24 14:39:48] Status: 2/3 devices online
[2025-12-24 14:40:48] Status: 2/3 devices online
[2025-12-24 14:41:48] Status: 2/3 devices online
[2025-12-24 14:42:48] Status: 2/3 devices online
[2025-12-24 14:43:48] Status: 2/3 devices online
[2025-12-24 14:44:48] Status: 2/3 devices online
[2025-12-24 14:45:48] Status: 2/3 devices online
[2025-12-24 14:46:48] Status: 2/3 devices online
[2025-12-24 14:47:48] Status: 2/3 devices online
[2025-12-24 14:48:48] Status: 2/3 devices online
[2025-12-24 14:49:48] Status: 2/3 devices online
[2025-12-24 14:50:48] Status: 2/3 devices online
[2025-12-24 14:51:48] Status: 2/3 devices online
[2025-12-24 14:52:48] Status: 2/3 devices online
[2025-12-24 14:53:48] Status: 2/3 devices online
[2025-12-24 14:54:48] Status: 2/3 devices online
[2025-12-24 14:55:48] Status: 2/3 devices online
[2025-12-24 14:56:48] Status: 2/3 devices online
[2025-12-24 14:57:48] Status: 2/3 devices online
[2025-12-24 14:58:48] Status: 2/3 devices online
[2025-12-24 14:59:48] Status: 2/3 devices online
[2025-12-24 14:59:52] [2025-12-24 14:59:52] Device Google DNS is now Offline (Ping: 0ms)
[2025-12-24 14:59:52] [2025-12-24 14:59:52] Device Cloudflare DNS is now Offline (Ping: 0ms)
[2025-12-24 15:00:22] [2025-12-24 15:00:22] Device Google DNS is now Online (Ping: 5ms)
[2025-12-24 15:00:22] [2025-12-24 15:00:22] Device Cloudflare DNS is now Online (Ping: 3ms)
[2025-12-24 15:00:48] Status: 2/3 devices online
[2025-12-24 15:01:48] Status: 2/3 devices online
[2025-12-24 15:02:48] Status: 2/3 devices online
[2025-12-24 15:03:48] Status: 2/3 devices online
[2025-12-24 15:04:48] Status: 2/3 devices online
[2025-12-24 15:05:48] Status: 2/3 devices online
[2025-12-24 15:06:48] Status: 2/3 devices online
[2025-12-24 15:07:48] Status: 2/3 devices online
[2025-12-24 15:08:48] Status: 2/3 devices online
[2025-12-24 15:09:48] Status: 2/3 devices online
[2025-12-24 15:10:48] Status: 2/3 devices online
[2025-12-24 15:11:48] Status: 2/3 devices online
[2025-12-24 15:12:48] Status: 2/3 devices online
[2025-12-24 15:13:48] Status: 2/3 devices online
[2025-12-24 15:14:48] Status: 2/3 devices online
[2025-12-24 15:15:48] Status: 2/3 devices online
[2025-12-24 15:16:48] Status: 2/3 devices online
[2025-12-24 15:17:48] Status: 2/3 devices online
[2025-12-24 15:18:48] Status: 2/3 devices online
[2025-12-24 15:19:48] Status: 2/3 devices online
[2025-12-24 15:20:48] Status: 2/3 devices online
[2025-12-24 15:21:48] Status: 2/3 devices online
[2025-12-24 15:22:48] Status: 2/3 devices online
[2025-12-24 15:23:48] Status: 2/3 devices online
[2025-12-24 15:24:48] Status: 2/3 devices online
[2025-12-24 15:25:48] Status: 2/3 devices online
[2025-12-24 15:26:48] Status: 2/3 devices online
[2025-12-24 15:27:48] Status: 2/3 devices online
[2025-12-24 15:28:48] Status: 2/3 devices online
[2025-12-24 15:29:48] Status: 2/3 devices online
[2025-12-24 15:30:48] Status: 2/3 devices online
[2025-12-24 15:31:48] Status: 2/3 devices online
[2025-12-24 15:32:48] Status: 2/3 devices online
[2025-12-24 15:33:48] Status: 2/3 devices online
[2025-12-24 15:34:48] Status: 2/3 devices online
[2025-12-24 15:35:48] Status: 2/3 devices online
[2025-12-24 15:36:48] Status: 2/3 devices online
[2025-12-24 15:37:48] Status: 2/3 devices online
[2025-12-24 15:38:48] Status: 2/3 devices online
[2025-12-24 15:39:48] Status: 2/3 devices online
[2025-12-24 15:40:48] Status: 2/3 devices online
[2025-12-24 15:41:48] Status: 2/3 devices online
[2025-12-24 15:42:48] Status: 2/3 devices online
[2025-12-24 15:43:48] Status: 2/3 devices online
[2025-12-24 15:44:48] Status: 2/3 devices online
[2025-12-24 15:45:48] Status: 2/3 devices online
[2025-12-24 15:46:48] Status: 2/3 devices online
[2025-12-24 15:47:48] Status: 2/3 devices online
[2025-12-24 15:48:48] Status: 2/3 devices online
[2025-12-24 15:49:48] Status: 2/3 devices online
[2025-12-24 15:50:48] Status: 2/3 devices online
[2025-12-24 15:51:49] Status: 2/3 devices online
[2025-12-24 15:52:49] Status: 2/3 devices online
[2025-12-24 15:53:49] Status: 2/3 devices online
[2025-12-24 15:54:49] Status: 2/3 devices online
[2025-12-24 15:55:49] Status: 2/3 devices online
[2025-12-24 15:56:49] Status: 2/3 devices online
[2025-12-24 15:57:49] Status: 2/3 devices online
[2025-12-24 15:58:49] Status: 2/3 devices online
[2025-12-24 15:59:49] Status: 2/3 devices online
[2025-12-24 16:00:49] Status: 2/3 devices online
[2025-12-24 16:01:49] Status: 2/3 devices online
[2025-12-24 16:02:49] Status: 2/3 devices online
[2025-12-24 16:03:49] Status: 2/3 devices online
[2025-12-24 16:04:49] Status: 2/3 devices online
[2025-12-24 16:05:49] Status: 2/3 devices online
[2025-12-24 16:06:49] Status: 2/3 devices online
[2025-12-24 16:07:49] Status: 2/3 devices online
[2025-12-24 16:08:49] Status: 2/3 devices online
[2025-12-24 16:09:49] Status: 2/3 devices online
[2025-12-24 16:10:49] Status: 2/3 devices online
[2025-12-24 16:11:49] Status: 2/3 devices online
[2025-12-24 16:12:49] Status: 2/3 devices online
[2025-12-24 16:13:49] Status: 2/3 devices online
[2025-12-24 16:14:49] Status: 2/3 devices online
[2025-12-24 16:15:49] Status: 2/3 devices online
[2025-12-24 16:16:49] Status: 2/3 devices online
[2025-12-24 16:17:49] Status: 2/3 devices online
[2025-12-24 16:18:49] Status: 2/3 devices online
[2025-12-24 16:19:49] Status: 2/3 devices online
[2025-12-24 16:20:49] Status: 2/3 devices online
[2025-12-24 16:21:49] Status: 2/3 devices online
[2025-12-24 16:22:49] Status: 2/3 devices online
[2025-12-24 16:23:49] Status: 2/3 devices online
[2025-12-24 16:24:49] Status: 2/3 devices online
[2025-12-24 16:25:49] Status: 2/3 devices online
[2025-12-24 16:26:49] Status: 2/3 devices online
[2025-12-24 16:27:49] Status: 2/3 devices online
[2025-12-24 16:28:49] Status: 2/3 devices online
[2025-12-24 16:29:49] Status: 2/3 devices online
[2025-12-24 16:30:49] Status: 2/3 devices online
[2025-12-24 16:31:49] Status: 2/3 devices online
[2025-12-24 16:32:49] Status: 2/3 devices online
[2025-12-24 16:33:49] Status: 2/3 devices online
[2025-12-24 16:34:49] Status: 2/3 devices online
[2025-12-24 16:35:49] Status: 2/3 devices online
[2025-12-24 16:36:49] Status: 2/3 devices online
[2025-12-24 16:37:49] Status: 2/3 devices online
[2025-12-24 16:38:49] Status: 2/3 devices online
[2025-12-24 16:39:49] Status: 2/3 devices online
[2025-12-24 16:40:49] Status: 2/3 devices online
[2025-12-24 16:41:49] Status: 2/3 devices online
[2025-12-24 16:42:49] Status: 2/3 devices online
[2025-12-24 16:43:49] Status: 2/3 devices online
[2025-12-24 16:44:49] Status: 2/3 devices online
[2025-12-24 16:45:49] Status: 2/3 devices online
[2025-12-24 16:46:49] Status: 2/3 devices online
[2025-12-24 16:47:49] Status: 2/3 devices online
[2025-12-24 16:48:49] Status: 2/3 devices online
[2025-12-24 16:49:49] Status: 2/3 devices online
[2025-12-24 16:50:49] Status: 2/3 devices online
[2025-12-24 16:51:49] Status: 2/3 devices online
[2025-12-24 16:52:49] Status: 2/3 devices online
[2025-12-24 16:53:49] Status: 2/3 devices online
[2025-12-24 16:54:49] Status: 2/3 devices online
[2025-12-24 16:55:49] Status: 2/3 devices online
[2025-12-24 16:56:49] Status: 2/3 devices online
[2025-12-24 16:57:49] Status: 2/3 devices online
[2025-12-24 16:58:49] Status: 2/3 devices online
[2025-12-24 16:59:49] Status: 2/3 devices online
[2025-12-24 17:00:49] Status: 2/3 devices online
[2025-12-24 17:01:49] Status: 2/3 devices online
[2025-12-24 17:02:49] Status: 2/3 devices online
[2025-12-24 17:03:49] Status: 2/3 devices online
[2025-12-24 17:04:49] Status: 2/3 devices online
[2025-12-24 17:05:49] Status: 2/3 devices online
[2025-12-24 17:06:49] Status: 2/3 devices online
[2025-12-24 17:07:49] Status: 2/3 devices online
[2025-12-24 17:08:49] Status: 2/3 devices online
[2025-12-24 17:09:50] Status: 2/3 devices online
[2025-12-24 17:10:50] Status: 2/3 devices online
[2025-12-24 17:11:50] Status: 2/3 devices online
[2025-12-24 17:12:50] Status: 2/3 devices online
[2025-12-24 17:13:50] Status: 2/3 devices online
[2025-12-24 17:14:50] Status: 2/3 devices online
[2025-12-24 17:15:50] Status: 2/3 devices online
[2025-12-24 17:16:50] Status: 2/3 devices online
[2025-12-25 07:17:33] [2025-12-25 07:17:33] Monitoring engine started.
[2025-12-25 07:17:33] [2025-12-25 07:17:33] Starting to monitor 3 devices...
[2025-12-25 07:17:33] Network Monitor Service started successfully.
[2025-12-25 07:17:33] Status: 0/3 devices online
[2025-12-25 07:17:33] [2025-12-25 07:17:33] Error pinging Google DNS (8.8.8.8): An exception occurred during a Ping request.
[2025-12-25 07:17:33] [2025-12-25 07:17:33] Error pinging Cloudflare DNS (1.1.1.1): An exception occurred during a Ping request.
[2025-12-25 07:17:33] [2025-12-25 07:17:33] Error pinging VLan 1 (192.168.1.21): An exception occurred during a Ping request.
[2025-12-25 07:18:03] [2025-12-25 07:18:03] Device Google DNS is now Online (Ping: 256ms)
[2025-12-25 07:18:03] [2025-12-25 07:18:03] Device Cloudflare DNS is now Online (Ping: 252ms)
[2025-12-25 07:18:33] Status: 2/3 devices online
[2025-12-25 07:19:33] Status: 2/3 devices online
[2025-12-25 07:20:33] Status: 2/3 devices online
[2025-12-25 07:21:33] Status: 2/3 devices online
[2025-12-25 07:22:33] Status: 2/3 devices online
[2025-12-25 07:23:33] Status: 2/3 devices online
[2025-12-25 07:24:33] Status: 2/3 devices online
[2025-12-25 07:25:33] Status: 2/3 devices online
[2025-12-25 07:26:33] Status: 2/3 devices online
[2025-12-25 07:27:33] Status: 2/3 devices online
[2025-12-25 07:28:33] Status: 2/3 devices online
[2025-12-25 07:29:33] Status: 2/3 devices online
[2025-12-25 07:30:33] Status: 2/3 devices online
[2025-12-25 07:31:33] Status: 2/3 devices online
[2025-12-25 07:32:33] Status: 2/3 devices online
[2025-12-25 07:33:33] Status: 2/3 devices online
[2025-12-25 07:34:33] Status: 2/3 devices online
[2025-12-25 07:35:33] Status: 2/3 devices online
[2025-12-25 07:36:33] Status: 2/3 devices online
[2025-12-25 07:37:33] Status: 2/3 devices online
[2025-12-25 07:38:33] Status: 2/3 devices online
[2025-12-25 07:39:33] Status: 2/3 devices online
[2025-12-25 07:40:33] Status: 2/3 devices online
[2025-12-25 07:41:33] Status: 2/3 devices online
[2025-12-25 07:42:33] Status: 2/3 devices online
[2025-12-25 07:43:33] Status: 2/3 devices online
[2025-12-25 07:44:33] Status: 2/3 devices online
[2025-12-25 07:45:33] Status: 2/3 devices online
[2025-12-25 07:46:33] Status: 2/3 devices online
[2025-12-25 07:47:33] Status: 2/3 devices online
[2025-12-25 07:48:33] Status: 2/3 devices online
[2025-12-25 07:49:33] Status: 2/3 devices online
[2025-12-25 07:50:33] Status: 2/3 devices online
[2025-12-25 07:51:33] Status: 2/3 devices online
[2025-12-25 07:52:33] Status: 2/3 devices online
[2025-12-25 07:53:33] Status: 2/3 devices online
[2025-12-25 07:54:33] Status: 2/3 devices online
[2025-12-25 07:55:33] Status: 2/3 devices online
[2025-12-25 07:56:33] Status: 2/3 devices online
[2025-12-25 07:57:33] Status: 2/3 devices online
[2025-12-25 07:58:33] Status: 2/3 devices online
[2025-12-25 07:59:33] Status: 2/3 devices online
[2025-12-25 08:00:33] Status: 2/3 devices online
[2025-12-25 08:01:33] Status: 2/3 devices online
[2025-12-25 08:02:33] Status: 2/3 devices online
[2025-12-25 08:03:33] Status: 2/3 devices online
[2025-12-25 08:04:33] Status: 2/3 devices online
[2025-12-25 08:05:33] Status: 2/3 devices online
[2025-12-25 08:06:33] Status: 2/3 devices online
[2025-12-25 08:07:33] Status: 2/3 devices online
[2025-12-25 08:08:33] Status: 2/3 devices online
[2025-12-25 08:09:33] Status: 2/3 devices online
[2025-12-25 08:10:33] Status: 2/3 devices online
[2025-12-25 08:11:33] Status: 2/3 devices online
[2025-12-25 08:12:33] Status: 2/3 devices online
[2025-12-25 08:13:33] Status: 2/3 devices online
[2025-12-25 08:14:33] Status: 2/3 devices online
[2025-12-25 08:15:33] Status: 2/3 devices online
[2025-12-25 08:16:33] Status: 2/3 devices online
[2025-12-25 08:17:33] Status: 2/3 devices online
[2025-12-25 08:18:33] Status: 2/3 devices online
[2025-12-25 08:19:33] Status: 2/3 devices online
[2025-12-25 08:20:33] Status: 2/3 devices online
[2025-12-25 08:21:33] Status: 2/3 devices online
[2025-12-25 08:22:33] Status: 2/3 devices online
[2025-12-25 08:23:33] Status: 2/3 devices online
[2025-12-25 08:24:33] Status: 2/3 devices online
[2025-12-25 08:25:33] Status: 2/3 devices online
[2025-12-25 08:26:33] Status: 2/3 devices online
[2025-12-25 08:27:33] Status: 2/3 devices online
[2025-12-25 08:28:33] Status: 2/3 devices online
[2025-12-25 08:29:33] Status: 2/3 devices online
[2025-12-25 08:30:33] Status: 2/3 devices online
[2025-12-25 08:31:33] Status: 2/3 devices online
[2025-12-25 08:32:33] Status: 2/3 devices online
[2025-12-25 08:33:33] Status: 2/3 devices online
[2025-12-25 08:34:33] Status: 2/3 devices online
[2025-12-25 08:35:33] Status: 2/3 devices online
[2025-12-25 08:36:33] Status: 2/3 devices online
[2025-12-25 08:37:34] Status: 2/3 devices online
[2025-12-25 08:38:34] Status: 2/3 devices online
[2025-12-25 08:39:34] Status: 2/3 devices online
[2025-12-25 08:40:34] Status: 2/3 devices online
[2025-12-25 08:41:34] Status: 2/3 devices online
[2025-12-25 08:42:34] Status: 2/3 devices online
[2025-12-25 08:43:34] Status: 2/3 devices online
[2025-12-25 08:44:34] Status: 2/3 devices online
[2025-12-25 08:45:34] Status: 2/3 devices online
[2025-12-25 08:46:34] Status: 2/3 devices online
[2025-12-25 08:47:34] Status: 2/3 devices online
[2025-12-25 08:48:34] Status: 2/3 devices online
[2025-12-25 08:49:34] Status: 2/3 devices online
[2025-12-25 08:50:34] Status: 2/3 devices online
[2025-12-25 08:51:34] Status: 2/3 devices online
[2025-12-25 08:52:34] Status: 2/3 devices online
[2025-12-25 08:53:34] Status: 2/3 devices online
[2025-12-25 08:54:34] Status: 2/3 devices online
[2025-12-25 08:55:34] Status: 2/3 devices online
[2025-12-25 08:56:34] Status: 2/3 devices online
[2025-12-25 08:57:34] Status: 2/3 devices online
[2025-12-25 08:58:34] Status: 2/3 devices online
[2025-12-25 08:59:34] Status: 2/3 devices online
[2025-12-25 09:00:34] Status: 2/3 devices online
[2025-12-25 09:01:34] Status: 2/3 devices online
[2025-12-25 09:02:34] Status: 2/3 devices online
[2025-12-25 09:03:34] Status: 2/3 devices online
[2025-12-25 09:04:34] Status: 2/3 devices online
[2025-12-25 09:05:34] Status: 2/3 devices online
[2025-12-25 09:06:34] Status: 2/3 devices online
[2025-12-25 09:07:34] Status: 2/3 devices online
[2025-12-25 09:08:34] Status: 2/3 devices online
[2025-12-25 09:09:34] Status: 2/3 devices online
[2025-12-25 09:10:34] Status: 2/3 devices online
[2025-12-25 09:11:34] Status: 2/3 devices online
[2025-12-25 09:12:34] Status: 2/3 devices online
[2025-12-25 09:13:34] Status: 2/3 devices online
[2025-12-25 09:14:34] Status: 2/3 devices online
[2025-12-25 09:15:34] Status: 2/3 devices online
[2025-12-25 09:16:34] Status: 2/3 devices online
[2025-12-25 09:17:34] Status: 2/3 devices online
[2025-12-25 09:18:34] Status: 2/3 devices online
[2025-12-25 09:19:34] Status: 2/3 devices online
[2025-12-25 09:20:34] Status: 2/3 devices online
[2025-12-25 09:21:34] Status: 2/3 devices online
[2025-12-25 09:22:34] Status: 2/3 devices online
[2025-12-25 09:23:34] Status: 2/3 devices online
[2025-12-25 09:24:34] Status: 2/3 devices online
[2025-12-25 09:25:34] Status: 2/3 devices online
[2025-12-25 09:26:34] Status: 2/3 devices online
[2025-12-25 09:27:34] Status: 2/3 devices online
[2025-12-25 09:28:34] Status: 2/3 devices online
[2025-12-25 09:29:34] Status: 2/3 devices online
[2025-12-25 09:30:34] Status: 2/3 devices online
[2025-12-25 09:31:34] Status: 2/3 devices online
[2025-12-25 09:32:34] Status: 2/3 devices online
[2025-12-25 09:33:34] Status: 2/3 devices online
[2025-12-25 09:34:34] Status: 2/3 devices online
[2025-12-25 09:35:34] Status: 2/3 devices online
[2025-12-25 09:36:34] Status: 2/3 devices online
[2025-12-25 09:37:34] Status: 2/3 devices online
[2025-12-25 09:38:34] Status: 2/3 devices online
[2025-12-25 09:39:34] Status: 2/3 devices online
[2025-12-25 09:40:34] Status: 2/3 devices online
[2025-12-25 09:41:34] Status: 2/3 devices online
[2025-12-25 09:42:34] Status: 2/3 devices online
[2025-12-25 09:43:34] Status: 2/3 devices online
[2025-12-25 09:44:34] Status: 2/3 devices online
[2025-12-25 09:45:34] Status: 2/3 devices online
[2025-12-25 09:46:34] Status: 2/3 devices online
[2025-12-25 09:47:34] Status: 2/3 devices online
[2025-12-25 09:48:34] Status: 2/3 devices online
[2025-12-25 09:49:34] Status: 2/3 devices online
[2025-12-25 09:50:34] Status: 2/3 devices online
[2025-12-25 09:51:34] Status: 2/3 devices online
[2025-12-25 09:52:34] Status: 2/3 devices online
[2025-12-25 09:53:34] Status: 2/3 devices online
[2025-12-25 09:54:34] Status: 2/3 devices online
[2025-12-25 09:55:34] Status: 2/3 devices online
[2025-12-25 09:56:34] Status: 2/3 devices online
[2025-12-25 09:57:34] Status: 2/3 devices online
[2025-12-25 09:58:34] Status: 2/3 devices online
[2025-12-25 09:59:34] Status: 2/3 devices online
[2025-12-25 10:00:34] Status: 2/3 devices online
[2025-12-25 10:01:34] Status: 2/3 devices online
[2025-12-25 10:02:34] Status: 2/3 devices online
[2025-12-25 10:03:34] Status: 2/3 devices online
[2025-12-25 10:04:34] Status: 2/3 devices online
[2025-12-25 10:05:35] Status: 2/3 devices online
[2025-12-25 10:06:35] Status: 2/3 devices online
[2025-12-25 10:07:35] Status: 2/3 devices online
[2025-12-25 10:08:35] Status: 2/3 devices online
[2025-12-25 10:09:35] Status: 2/3 devices online
[2025-12-25 10:10:35] Status: 2/3 devices online
[2025-12-25 10:11:35] Status: 2/3 devices online
[2025-12-25 10:12:35] Status: 2/3 devices online
[2025-12-25 10:13:35] Status: 2/3 devices online
[2025-12-25 10:14:35] Status: 2/3 devices online
[2025-12-25 10:15:35] Status: 2/3 devices online
[2025-12-25 10:16:35] Status: 2/3 devices online
[2025-12-25 10:17:35] Status: 2/3 devices online
[2025-12-25 10:18:35] Status: 2/3 devices online
[2025-12-25 10:19:35] Status: 2/3 devices online
[2025-12-25 10:20:35] Status: 2/3 devices online
[2025-12-25 10:21:35] Status: 2/3 devices online
[2025-12-25 10:22:35] Status: 2/3 devices online
[2025-12-25 10:23:35] Status: 2/3 devices online
[2025-12-25 10:24:35] Status: 2/3 devices online
[2025-12-25 10:25:35] Status: 2/3 devices online
[2025-12-25 10:26:35] Status: 2/3 devices online
[2025-12-25 10:27:35] Status: 2/3 devices online
[2025-12-25 10:28:35] Status: 2/3 devices online
[2025-12-25 10:29:35] Status: 2/3 devices online
[2025-12-25 10:30:35] Status: 2/3 devices online
[2025-12-25 10:31:35] Status: 2/3 devices online
[2025-12-25 10:32:35] Status: 2/3 devices online
[2025-12-25 10:33:35] Status: 2/3 devices online
[2025-12-25 10:34:35] Status: 2/3 devices online
[2025-12-25 10:35:35] Status: 2/3 devices online
[2025-12-25 10:36:35] Status: 2/3 devices online
[2025-12-25 10:37:35] Status: 2/3 devices online
[2025-12-25 10:38:35] Status: 2/3 devices online
[2025-12-25 10:39:35] Status: 2/3 devices online
[2025-12-25 10:40:35] Status: 2/3 devices online
[2025-12-25 10:41:35] Status: 2/3 devices online
[2025-12-25 10:42:35] Status: 2/3 devices online
[2025-12-25 10:43:35] Status: 2/3 devices online
[2025-12-25 10:44:35] Status: 2/3 devices online
[2025-12-25 10:45:35] Status: 2/3 devices online
[2025-12-25 10:46:35] Status: 2/3 devices online
[2025-12-25 10:47:35] Status: 2/3 devices online
[2025-12-25 10:48:35] Status: 2/3 devices online
[2025-12-25 10:49:35] Status: 2/3 devices online
[2025-12-25 10:50:35] Status: 2/3 devices online
[2025-12-25 10:51:35] Status: 2/3 devices online
[2025-12-25 10:52:35] Status: 2/3 devices online
[2025-12-25 10:53:35] Status: 2/3 devices online
[2025-12-25 10:54:35] Status: 2/3 devices online
[2025-12-25 10:55:35] Status: 2/3 devices online
[2025-12-25 10:56:35] Status: 2/3 devices online
[2025-12-25 10:57:35] Status: 2/3 devices online
[2025-12-25 10:58:35] Status: 2/3 devices online
[2025-12-25 10:59:35] Status: 2/3 devices online
[2025-12-25 11:00:35] Status: 2/3 devices online
[2025-12-25 11:01:35] Status: 2/3 devices online
[2025-12-25 11:02:35] Status: 2/3 devices online
[2025-12-25 11:03:35] Status: 2/3 devices online
[2025-12-25 11:04:35] Status: 2/3 devices online
[2025-12-25 11:05:35] Status: 2/3 devices online
[2025-12-25 11:06:35] Status: 2/3 devices online
[2025-12-25 11:07:35] Status: 2/3 devices online
[2025-12-25 11:08:36] Status: 2/3 devices online
[2025-12-25 11:09:36] Status: 2/3 devices online
[2025-12-25 11:10:36] Status: 2/3 devices online
[2025-12-25 11:11:36] Status: 2/3 devices online
[2025-12-25 11:12:36] Status: 2/3 devices online
[2025-12-25 11:13:36] Status: 2/3 devices online
[2025-12-25 11:14:36] Status: 2/3 devices online
[2025-12-25 11:15:36] Status: 2/3 devices online
[2025-12-25 11:16:36] Status: 2/3 devices online
[2025-12-25 11:17:36] Status: 2/3 devices online
[2025-12-25 11:18:36] Status: 2/3 devices online
[2025-12-25 11:19:36] Status: 2/3 devices online
[2025-12-25 11:20:36] Status: 2/3 devices online
[2025-12-25 11:21:36] Status: 2/3 devices online
[2025-12-25 11:22:36] Status: 2/3 devices online
[2025-12-25 11:23:36] Status: 2/3 devices online
[2025-12-25 11:24:36] Status: 2/3 devices online
[2025-12-25 11:25:36] Status: 2/3 devices online
[2025-12-25 11:26:36] Status: 2/3 devices online
[2025-12-25 11:27:36] Status: 2/3 devices online
[2025-12-25 11:28:36] Status: 2/3 devices online
[2025-12-25 11:29:36] Status: 2/3 devices online
[2025-12-25 11:30:36] Status: 2/3 devices online
[2025-12-25 11:31:36] Status: 2/3 devices online
[2025-12-25 11:32:36] Status: 2/3 devices online
[2025-12-25 11:33:36] Status: 2/3 devices online
[2025-12-25 11:34:36] Status: 2/3 devices online
[2025-12-25 11:35:36] Status: 2/3 devices online
[2025-12-25 11:36:36] Status: 2/3 devices online
[2025-12-25 11:37:36] Status: 2/3 devices online
[2025-12-25 11:38:36] Status: 2/3 devices online
[2025-12-25 11:39:36] Status: 2/3 devices online
[2025-12-25 11:40:36] Status: 2/3 devices online
[2025-12-25 11:41:36] Status: 2/3 devices online
[2025-12-25 11:42:36] Status: 2/3 devices online
[2025-12-25 11:43:36] Status: 2/3 devices online
[2025-12-25 11:44:36] Status: 2/3 devices online
[2025-12-25 11:45:36] Status: 2/3 devices online
[2025-12-25 11:46:36] Status: 2/3 devices online
[2025-12-25 11:47:36] Status: 2/3 devices online
[2025-12-25 11:48:36] Status: 2/3 devices online
[2025-12-25 11:49:36] Status: 2/3 devices online
[2025-12-25 11:50:36] Status: 2/3 devices online
[2025-12-25 11:51:36] Status: 2/3 devices online
[2025-12-25 11:52:36] Status: 2/3 devices online
[2025-12-25 11:53:36] Status: 2/3 devices online
[2025-12-25 11:54:36] Status: 2/3 devices online
[2025-12-25 11:55:36] Status: 2/3 devices online
[2025-12-25 11:56:36] Status: 2/3 devices online
[2025-12-25 11:57:36] Status: 2/3 devices online
[2025-12-25 11:58:36] Status: 2/3 devices online
[2025-12-25 11:59:36] Status: 2/3 devices online
[2025-12-25 12:00:36] Status: 2/3 devices online
[2025-12-25 12:01:36] Status: 2/3 devices online
[2025-12-25 12:02:36] Status: 2/3 devices online
[2025-12-25 12:03:36] Status: 2/3 devices online
[2025-12-25 12:04:36] Status: 2/3 devices online
[2025-12-25 12:05:36] Status: 2/3 devices online
[2025-12-25 12:06:36] Status: 2/3 devices online
[2025-12-25 12:07:36] Status: 2/3 devices online
[2025-12-25 12:08:36] Status: 2/3 devices online
[2025-12-25 12:09:36] Status: 2/3 devices online
[2025-12-25 12:10:36] Status: 2/3 devices online
[2025-12-25 12:11:36] Status: 2/3 devices online
[2025-12-25 12:12:36] Status: 2/3 devices online
[2025-12-25 12:13:36] Status: 2/3 devices online
[2025-12-25 12:14:36] Status: 2/3 devices online
[2025-12-25 12:15:36] Status: 2/3 devices online
[2025-12-25 12:16:36] Status: 2/3 devices online
[2025-12-25 12:17:36] Status: 2/3 devices online
[2025-12-25 12:18:36] Status: 2/3 devices online
[2025-12-25 12:19:37] Status: 2/3 devices online
[2025-12-25 12:20:37] Status: 2/3 devices online
[2025-12-25 12:21:37] Status: 2/3 devices online
[2025-12-25 12:22:37] Status: 2/3 devices online
[2025-12-25 12:23:37] Status: 2/3 devices online
[2025-12-25 12:24:37] Status: 2/3 devices online
[2025-12-25 12:25:37] Status: 2/3 devices online
[2025-12-25 12:26:37] Status: 2/3 devices online
[2025-12-25 12:27:37] Status: 2/3 devices online
[2025-12-25 12:28:37] Status: 2/3 devices online
[2025-12-25 12:29:37] Status: 2/3 devices online
[2025-12-25 12:30:37] Status: 2/3 devices online
[2025-12-25 12:31:37] Status: 2/3 devices online
[2025-12-25 12:32:37] Status: 2/3 devices online
[2025-12-25 12:33:37] Status: 2/3 devices online
[2025-12-25 12:34:37] Status: 2/3 devices online
[2025-12-25 12:35:37] Status: 2/3 devices online
[2025-12-25 12:36:37] Status: 2/3 devices online
[2025-12-25 12:37:37] Status: 2/3 devices online
[2025-12-25 12:38:37] Status: 2/3 devices online
[2025-12-25 12:39:37] Status: 2/3 devices online
[2025-12-25 12:40:37] Status: 2/3 devices online
[2025-12-25 12:41:37] Status: 2/3 devices online
[2025-12-25 12:42:37] Status: 2/3 devices online
[2025-12-25 12:43:37] Status: 2/3 devices online
[2025-12-25 12:44:37] Status: 2/3 devices online
[2025-12-25 12:45:37] Status: 2/3 devices online
[2025-12-25 12:46:37] Status: 2/3 devices online
[2025-12-25 12:47:37] Status: 2/3 devices online
[2025-12-25 12:48:37] Status: 2/3 devices online
[2025-12-25 12:49:37] Status: 2/3 devices online
[2025-12-25 12:50:37] Status: 2/3 devices online
[2025-12-25 12:51:37] Status: 2/3 devices online
[2025-12-25 12:52:37] Status: 2/3 devices online
[2025-12-25 12:53:37] Status: 2/3 devices online
[2025-12-25 12:54:37] Status: 2/3 devices online
[2025-12-25 12:55:37] Status: 2/3 devices online
[2025-12-25 12:56:37] Status: 2/3 devices online
[2025-12-25 12:57:37] Status: 2/3 devices online
[2025-12-25 12:58:37] Status: 2/3 devices online
[2025-12-25 12:59:37] Status: 2/3 devices online
[2025-12-25 13:00:37] Status: 2/3 devices online
[2025-12-25 13:01:37] Status: 2/3 devices online
[2025-12-25 13:02:37] Status: 2/3 devices online
[2025-12-25 13:03:37] Status: 2/3 devices online
[2025-12-25 13:04:37] Status: 2/3 devices online
[2025-12-25 13:05:37] Status: 2/3 devices online
[2025-12-25 13:06:37] Status: 2/3 devices online
[2025-12-25 13:07:37] Status: 2/3 devices online
[2025-12-25 13:08:37] Status: 2/3 devices online
[2025-12-25 13:09:37] Status: 2/3 devices online
[2025-12-25 13:10:37] Status: 2/3 devices online
[2025-12-25 13:11:37] Status: 2/3 devices online
[2025-12-25 13:12:37] Status: 2/3 devices online
[2025-12-25 13:13:37] Status: 2/3 devices online
[2025-12-25 13:14:37] Status: 2/3 devices online
[2025-12-25 13:15:37] Status: 2/3 devices online
[2025-12-25 13:16:37] Status: 2/3 devices online
[2025-12-25 13:17:37] Status: 2/3 devices online
[2025-12-25 13:18:37] Status: 2/3 devices online
[2025-12-25 13:19:37] Status: 2/3 devices online
[2025-12-25 13:20:37] Status: 2/3 devices online
[2025-12-25 13:21:37] Status: 2/3 devices online
[2025-12-25 13:22:37] Status: 2/3 devices online
[2025-12-25 13:23:37] Status: 2/3 devices online
[2025-12-25 13:24:37] Status: 2/3 devices online
[2025-12-25 13:25:37] Status: 2/3 devices online
[2025-12-25 13:26:37] Status: 2/3 devices online
[2025-12-25 13:27:37] Status: 2/3 devices online
[2025-12-25 13:28:37] Status: 2/3 devices online
[2025-12-25 13:29:37] Status: 2/3 devices online
[2025-12-25 13:30:37] Status: 2/3 devices online
[2025-12-25 13:31:37] Status: 2/3 devices online
[2025-12-25 13:32:37] Status: 2/3 devices online
[2025-12-25 13:33:37] Status: 2/3 devices online
[2025-12-25 13:34:37] Status: 2/3 devices online
[2025-12-25 13:35:37] Status: 2/3 devices online
[2025-12-25 13:36:37] Status: 2/3 devices online
[2025-12-25 13:37:37] Status: 2/3 devices online
[2025-12-25 13:38:37] Status: 2/3 devices online
[2025-12-25 13:39:37] Status: 2/3 devices online
[2025-12-25 13:40:37] Status: 2/3 devices online
[2025-12-25 13:41:37] Status: 2/3 devices online
[2025-12-25 13:42:37] Status: 2/3 devices online
[2025-12-25 13:43:37] Status: 2/3 devices online
[2025-12-25 13:44:38] Status: 2/3 devices online
[2025-12-25 13:45:38] Status: 2/3 devices online
[2025-12-25 13:46:38] Status: 2/3 devices online
[2025-12-25 13:47:38] Status: 2/3 devices online
[2025-12-25 13:48:38] Status: 2/3 devices online
[2025-12-25 13:49:38] Status: 2/3 devices online
[2025-12-25 13:50:38] Status: 2/3 devices online
[2025-12-25 13:51:38] Status: 2/3 devices online
[2025-12-25 13:52:38] Status: 2/3 devices online
[2025-12-25 13:53:38] Status: 2/3 devices online
[2025-12-25 13:54:38] Status: 2/3 devices online
[2025-12-25 13:55:38] Status: 2/3 devices online
[2025-12-25 13:56:38] Status: 2/3 devices online
[2025-12-25 13:57:38] Status: 2/3 devices online
[2025-12-25 13:58:38] Status: 2/3 devices online
[2025-12-25 13:59:38] Status: 2/3 devices online
[2025-12-25 14:00:38] Status: 2/3 devices online
[2025-12-25 14:01:38] Status: 2/3 devices online
[2025-12-25 14:02:38] Status: 2/3 devices online
[2025-12-25 14:03:38] Status: 2/3 devices online
[2025-12-25 14:04:38] Status: 2/3 devices online
[2025-12-25 14:05:38] Status: 2/3 devices online
[2025-12-25 14:06:38] Status: 2/3 devices online
[2025-12-25 14:07:38] Status: 2/3 devices online
[2025-12-25 14:08:38] Status: 2/3 devices online
[2025-12-25 14:09:38] Status: 2/3 devices online
[2025-12-25 14:10:38] Status: 2/3 devices online
[2025-12-25 14:11:38] Status: 2/3 devices online
[2025-12-25 14:12:38] Status: 2/3 devices online
[2025-12-25 14:13:38] Status: 2/3 devices online
[2025-12-25 14:14:38] Status: 2/3 devices online
[2025-12-25 14:15:38] Status: 2/3 devices online
[2025-12-25 14:16:38] Status: 2/3 devices online
[2025-12-25 14:17:38] Status: 2/3 devices online
[2025-12-25 14:18:38] Status: 2/3 devices online
[2025-12-25 14:19:38] Status: 2/3 devices online
[2025-12-25 14:20:38] Status: 2/3 devices online
[2025-12-25 14:21:38] Status: 2/3 devices online
[2025-12-25 14:22:38] Status: 2/3 devices online
[2025-12-25 14:23:38] Status: 2/3 devices online
[2025-12-25 14:24:38] Status: 2/3 devices online
[2025-12-25 14:25:38] Status: 2/3 devices online
[2025-12-25 14:26:38] Status: 2/3 devices online
[2025-12-25 14:27:38] Status: 2/3 devices online
[2025-12-25 14:28:38] Status: 2/3 devices online
[2025-12-25 14:29:38] Status: 2/3 devices online
[2025-12-25 14:30:38] Status: 2/3 devices online
[2025-12-25 14:31:38] Status: 2/3 devices online
[2025-12-25 14:32:38] Status: 2/3 devices online
[2025-12-25 14:33:38] Status: 2/3 devices online
[2025-12-25 14:34:38] Status: 2/3 devices online
[2025-12-25 14:35:38] Status: 2/3 devices online
[2025-12-25 14:36:38] Status: 2/3 devices online
[2025-12-25 14:37:38] Status: 2/3 devices online
[2025-12-25 14:38:38] Status: 2/3 devices online
[2025-12-25 14:39:38] Status: 2/3 devices online
[2025-12-25 14:40:38] Status: 2/3 devices online
[2025-12-25 14:41:38] Status: 2/3 devices online
[2025-12-25 14:42:38] Status: 2/3 devices online
[2025-12-25 14:43:38] Status: 2/3 devices online
[2025-12-25 14:44:38] Status: 2/3 devices online
[2025-12-25 14:45:38] Status: 2/3 devices online
[2025-12-25 14:46:38] Status: 2/3 devices online
[2025-12-25 14:47:38] Status: 2/3 devices online
[2025-12-25 14:48:38] Status: 2/3 devices online
[2025-12-25 14:49:38] Status: 2/3 devices online
[2025-12-25 14:50:38] Status: 2/3 devices online
[2025-12-25 14:51:38] Status: 2/3 devices online
[2025-12-25 14:52:38] Status: 2/3 devices online
[2025-12-25 14:53:38] Status: 2/3 devices online
[2025-12-25 14:54:38] Status: 2/3 devices online
[2025-12-25 14:55:38] Status: 2/3 devices online
[2025-12-25 14:56:38] Status: 2/3 devices online
[2025-12-25 14:57:38] Status: 2/3 devices online
[2025-12-25 14:58:38] Status: 2/3 devices online
[2025-12-25 14:59:38] Status: 2/3 devices online
[2025-12-25 15:00:38] Status: 2/3 devices online
[2025-12-25 15:01:39] Status: 2/3 devices online
[2025-12-25 15:02:39] Status: 2/3 devices online
[2025-12-25 15:03:39] Status: 2/3 devices online
[2025-12-25 15:04:39] Status: 2/3 devices online
[2025-12-25 15:05:39] Status: 2/3 devices online
[2025-12-25 15:06:39] Status: 2/3 devices online
[2025-12-25 15:07:39] Status: 2/3 devices online
[2025-12-25 15:08:39] Status: 2/3 devices online
[2025-12-25 15:09:39] Status: 2/3 devices online
[2025-12-25 15:10:39] Status: 2/3 devices online
[2025-12-25 15:11:39] Status: 2/3 devices online
[2025-12-25 15:12:39] Status: 2/3 devices online
[2025-12-25 15:13:39] Status: 2/3 devices online
[2025-12-25 15:14:39] Status: 2/3 devices online
[2025-12-25 15:15:39] Status: 2/3 devices online
[2025-12-25 15:16:39] Status: 2/3 devices online
[2025-12-25 15:17:39] Status: 2/3 devices online
[2025-12-25 15:18:39] Status: 2/3 devices online
[2025-12-25 15:19:39] Status: 2/3 devices online
[2025-12-25 15:20:39] Status: 2/3 devices online
[2025-12-25 15:21:39] Status: 2/3 devices online
[2025-12-25 15:22:39] Status: 2/3 devices online
[2025-12-25 15:23:39] Status: 2/3 devices online
[2025-12-25 15:24:39] Status: 2/3 devices online
[2025-12-25 15:25:39] Status: 2/3 devices online
[2025-12-25 15:26:39] Status: 2/3 devices online
[2025-12-25 15:27:39] Status: 2/3 devices online
[2025-12-25 15:28:39] Status: 2/3 devices online
[2025-12-25 15:29:39] Status: 2/3 devices online
[2025-12-25 15:30:39] Status: 2/3 devices online
[2025-12-25 15:31:39] Status: 2/3 devices online
[2025-12-25 15:32:39] Status: 2/3 devices online
[2025-12-25 15:33:39] Status: 2/3 devices online
[2025-12-25 15:34:39] Status: 2/3 devices online
[2025-12-25 15:35:39] Status: 2/3 devices online
[2025-12-25 15:36:39] Status: 2/3 devices online
[2025-12-25 15:37:39] Status: 2/3 devices online
[2025-12-25 15:38:39] Status: 2/3 devices online
[2025-12-25 15:39:39] Status: 2/3 devices online
[2025-12-25 15:40:39] Status: 2/3 devices online
[2025-12-25 15:41:39] Status: 2/3 devices online
[2025-12-25 15:42:39] Status: 2/3 devices online
[2025-12-25 15:43:39] Status: 2/3 devices online
[2025-12-25 15:44:39] Status: 2/3 devices online
[2025-12-25 15:45:39] Status: 2/3 devices online
[2025-12-25 15:46:39] Status: 2/3 devices online
[2025-12-25 15:47:39] Status: 2/3 devices online
[2025-12-25 15:48:39] Status: 2/3 devices online
[2025-12-25 15:49:39] Status: 2/3 devices online
[2025-12-25 15:50:39] Status: 2/3 devices online
[2025-12-25 15:51:39] Status: 2/3 devices online
[2025-12-25 15:52:39] Status: 2/3 devices online
[2025-12-25 15:53:39] Status: 2/3 devices online
[2025-12-25 15:54:39] Status: 2/3 devices online
[2025-12-25 15:55:39] Status: 2/3 devices online
[2025-12-25 15:56:39] Status: 2/3 devices online
[2025-12-25 15:57:39] Status: 2/3 devices online
[2025-12-25 15:58:39] Status: 2/3 devices online
[2025-12-25 15:59:39] Status: 2/3 devices online
[2025-12-25 16:00:39] Status: 2/3 devices online
[2025-12-25 16:01:39] Status: 2/3 devices online
[2025-12-25 16:02:39] Status: 2/3 devices online
[2025-12-25 16:03:39] Status: 2/3 devices online
[2025-12-25 16:04:39] Status: 2/3 devices online
[2025-12-25 16:05:39] Status: 2/3 devices online
[2025-12-25 16:06:39] Status: 2/3 devices online
[2025-12-25 16:07:39] Status: 2/3 devices online
[2025-12-25 16:08:39] Status: 2/3 devices online
[2025-12-25 16:09:39] Status: 2/3 devices online
[2025-12-25 16:10:39] Status: 2/3 devices online
[2025-12-25 16:11:39] Status: 2/3 devices online
[2025-12-25 16:12:39] Status: 2/3 devices online
[2025-12-25 16:13:39] Status: 2/3 devices online
[2025-12-25 16:14:39] Status: 2/3 devices online
[2025-12-25 16:15:39] Status: 2/3 devices online
[2025-12-25 16:16:39] Status: 2/3 devices online
[2025-12-25 16:17:39] Status: 2/3 devices online
[2025-12-25 16:18:39] Status: 2/3 devices online
[2025-12-25 16:19:39] Status: 2/3 devices online
[2025-12-25 16:20:40] Status: 2/3 devices online
[2025-12-25 16:21:40] Status: 2/3 devices online
[2025-12-25 16:22:40] Status: 2/3 devices online
[2025-12-25 16:23:40] Status: 2/3 devices online
[2025-12-25 16:24:40] Status: 2/3 devices online
[2025-12-25 16:25:40] Status: 2/3 devices online
[2025-12-25 16:26:40] Status: 2/3 devices online
[2025-12-25 16:27:40] Status: 2/3 devices online
[2025-12-25 16:28:40] Status: 2/3 devices online
[2025-12-25 16:29:40] Status: 2/3 devices online
[2025-12-25 16:30:40] Status: 2/3 devices online
[2025-12-25 16:31:40] Status: 2/3 devices online
[2025-12-25 16:32:40] Status: 2/3 devices online
[2025-12-25 16:33:40] Status: 2/3 devices online
[2025-12-25 16:34:40] Status: 2/3 devices online
[2025-12-25 16:35:44] Status: 2/3 devices online
[2025-12-25 16:36:44] Status: 2/3 devices online
[2025-12-25 16:37:44] Status: 2/3 devices online
[2025-12-25 16:38:44] Status: 2/3 devices online
[2025-12-25 16:39:44] Status: 2/3 devices online
[2025-12-25 16:40:44] Status: 2/3 devices online
[2025-12-25 16:41:44] Status: 2/3 devices online
[2025-12-25 16:42:44] Status: 2/3 devices online
[2025-12-25 16:43:44] Status: 2/3 devices online
[2025-12-25 16:44:44] Status: 2/3 devices online
[2025-12-25 16:45:44] Status: 2/3 devices online
[2025-12-25 16:46:44] Status: 2/3 devices online
[2025-12-25 16:47:44] Status: 2/3 devices online
[2025-12-25 16:48:44] Status: 2/3 devices online
[2025-12-25 16:49:44] Status: 2/3 devices online
[2025-12-25 16:50:44] Status: 2/3 devices online
[2025-12-25 16:51:44] Status: 2/3 devices online
[2025-12-25 16:52:44] Status: 2/3 devices online
[2025-12-25 16:53:44] Status: 2/3 devices online
[2025-12-25 16:54:44] Status: 2/3 devices online
[2025-12-25 16:55:44] Status: 2/3 devices online
[2025-12-25 16:56:44] Status: 2/3 devices online
[2025-12-25 16:57:44] Status: 2/3 devices online
[2025-12-25 16:58:44] Status: 2/3 devices online
[2025-12-25 16:59:44] Status: 2/3 devices online
[2025-12-25 17:00:44] Status: 2/3 devices online
[2025-12-25 03:01:59] [2025-12-25 03:01:59] Monitoring engine started.
[2025-12-25 03:01:59] [2025-12-25 03:01:59] Starting to monitor 3 devices...
[2025-12-25 03:01:59] Network Monitor Service started successfully.
[2025-12-25 03:01:59] [2025-12-25 03:01:59] Error pinging Google DNS (8.8.8.8): An exception occurred during a Ping request.
[2025-12-25 03:01:59] [2025-12-25 03:01:59] Error pinging Cloudflare DNS (1.1.1.1): An exception occurred during a Ping request.
[2025-12-25 03:01:59] [2025-12-25 03:01:59] Error pinging VLan 1 (192.168.1.21): An exception occurred during a Ping request.
[2025-12-25 03:02:30] [2025-12-25 03:02:30] Device Google DNS is now Online (Ping: 270ms)
[2025-12-25 03:02:30] [2025-12-25 03:02:30] Device Cloudflare DNS is now Online (Ping: 269ms)
[2025-12-25 03:02:59] Status: 2/3 devices online
[2025-12-25 03:03:59] Status: 2/3 devices online
[2025-12-25 03:04:59] Status: 2/3 devices online
[2025-12-25 03:05:59] Status: 2/3 devices online
[2025-12-25 03:06:59] Status: 2/3 devices online
[2025-12-25 03:07:59] Status: 2/3 devices online
[2025-12-25 03:08:59] Status: 2/3 devices online
[2025-12-25 03:09:59] Status: 2/3 devices online
[2025-12-25 03:10:59] Status: 2/3 devices online
[2025-12-25 03:11:59] Status: 2/3 devices online
[2025-12-25 03:12:59] Status: 2/3 devices online
[2025-12-25 03:13:59] Status: 2/3 devices online
[2025-12-25 03:14:59] Status: 2/3 devices online
[2025-12-25 03:15:59] Status: 2/3 devices online
[2025-12-25 03:16:59] Status: 2/3 devices online
[2025-12-25 03:17:59] Status: 2/3 devices online
[2025-12-25 03:18:59] Status: 2/3 devices online
[2025-12-25 03:19:59] Status: 2/3 devices online
[2025-12-25 03:20:59] Status: 2/3 devices online
[2025-12-25 03:21:59] Status: 2/3 devices online
[2025-12-25 03:22:59] Status: 2/3 devices online
[2025-12-25 03:23:59] Status: 2/3 devices online
[2025-12-25 03:24:59] Status: 2/3 devices online
[2025-12-25 03:25:59] Status: 2/3 devices online
[2025-12-25 03:26:59] Status: 2/3 devices online
[2025-12-25 03:27:59] Status: 2/3 devices online
[2025-12-25 03:28:59] Status: 2/3 devices online
[2025-12-25 03:29:59] Status: 2/3 devices online
[2025-12-25 03:30:59] Status: 2/3 devices online
[2025-12-25 03:31:59] Status: 2/3 devices online
[2025-12-25 03:32:59] Status: 2/3 devices online
[2025-12-25 03:33:59] Status: 2/3 devices online
[2025-12-25 03:34:59] Status: 2/3 devices online
[2025-12-25 10:38:25] Status: 2/3 devices online
[2025-12-25 10:39:25] Status: 2/3 devices online
[2025-12-25 10:40:25] Status: 2/3 devices online
[2025-12-25 10:41:25] Status: 2/3 devices online
[2025-12-25 10:42:25] Status: 2/3 devices online
[2025-12-25 10:43:25] Status: 2/3 devices online
[2025-12-25 10:44:25] Status: 2/3 devices online
[2025-12-25 10:45:25] Status: 2/3 devices online
[2025-12-25 10:46:25] Status: 2/3 devices online
[2025-12-25 10:47:25] Status: 2/3 devices online
[2025-12-25 10:47:41] [2025-12-25 10:47:41] Monitoring engine stopped.
[2025-12-25 10:47:46] Network Monitor Service stopped.
[2025-12-25 11:26:12] [2025-12-25 11:26:12] Monitoring engine started.
[2025-12-25 11:26:12] Network Monitor Service started successfully.
[2025-12-25 11:26:12] Status: 0/3 devices online
[2025-12-25 11:26:12] [2025-12-25 11:26:12] Device Google DNS is now Online (Ping: 5ms)
[2025-12-25 11:26:13] [2025-12-25 11:26:13] Device Cloudflare DNS is now Online (Ping: 2ms)
[2025-12-25 11:27:12] Status: 2/3 devices online
[2025-12-25 11:28:12] Status: 2/3 devices online
[2025-12-25 11:29:12] Status: 2/3 devices online
[2025-12-25 11:30:12] Status: 2/3 devices online
[2025-12-25 11:31:12] Status: 2/3 devices online
[2025-12-25 11:32:12] Status: 2/3 devices online
[2025-12-25 11:33:12] Status: 2/3 devices online
[2025-12-25 11:34:12] Status: 2/3 devices online
[2025-12-25 11:35:12] Status: 2/3 devices online
[2025-12-25 11:36:12] Status: 2/3 devices online
[2025-12-25 11:37:13] Status: 2/3 devices online
[2025-12-25 11:38:13] Status: 2/3 devices online
[2025-12-25 11:39:13] Status: 2/3 devices online
[2025-12-25 11:40:13] Status: 2/3 devices online
[2025-12-25 11:41:13] Status: 2/3 devices online
[2025-12-25 11:42:13] Status: 2/3 devices online
[2025-12-25 11:43:13] Status: 2/3 devices online
[2025-12-25 11:44:13] Status: 2/3 devices online
[2025-12-25 11:45:13] Status: 2/3 devices online
[2025-12-25 11:46:13] Status: 2/3 devices online
[2025-12-25 11:47:13] Status: 2/3 devices online
[2025-12-25 11:48:13] Status: 2/3 devices online
[2025-12-25 11:49:13] Status: 2/3 devices online
[2025-12-25 11:50:13] Status: 2/3 devices online
[2025-12-25 11:51:13] Status: 2/3 devices online
[2025-12-25 11:52:13] Status: 2/3 devices online
[2025-12-25 11:53:13] Status: 2/3 devices online
[2025-12-25 11:54:13] Status: 2/3 devices online
[2025-12-25 11:55:13] Status: 2/3 devices online
[2025-12-25 11:56:13] Status: 2/3 devices online
[2025-12-25 11:57:13] Status: 2/3 devices online
[2025-12-25 13:32:19] [2025-12-25 13:32:19] Monitoring engine started.
[2025-12-25 13:32:19] Network Monitor Service started successfully.
[2025-12-25 13:32:19] Status: 0/3 devices online
[2025-12-25 13:32:19] [2025-12-25 13:32:19] Device Google DNS is now Online (Ping: 4ms)
[2025-12-25 13:32:20] [2025-12-25 13:32:20] Device Cloudflare DNS is now Online (Ping: 2ms)
[2025-12-25 13:33:19] Status: 2/3 devices online
[2025-12-25 13:34:19] Status: 2/3 devices online
[2025-12-25 13:35:19] Status: 2/3 devices online
[2025-12-25 13:36:19] Status: 2/3 devices online
[2025-12-25 13:37:19] Status: 2/3 devices online
[2025-12-25 13:38:19] Status: 2/3 devices online
[2025-12-25 13:39:19] Status: 2/3 devices online
[2025-12-25 13:40:20] Status: 2/3 devices online
[2025-12-25 13:41:20] Status: 2/3 devices online
[2025-12-25 13:42:20] Status: 2/3 devices online
[2025-12-25 13:43:20] Status: 2/3 devices online
[2025-12-25 13:44:20] Status: 2/3 devices online
[2025-12-25 13:45:20] Status: 2/3 devices online
[2025-12-25 13:46:20] Status: 2/3 devices online
[2025-12-25 13:47:20] Status: 2/3 devices online
[2025-12-25 13:48:20] Status: 2/3 devices online
[2025-12-25 13:49:20] Status: 2/3 devices online
[2025-12-25 13:50:20] Status: 2/3 devices online
[2025-12-25 13:51:20] Status: 2/3 devices online
[2025-12-25 13:52:20] Status: 2/3 devices online
[2025-12-25 13:53:20] Status: 2/3 devices online
[2025-12-25 13:54:20] Status: 2/3 devices online
[2025-12-25 13:55:20] Status: 2/3 devices online
[2025-12-25 13:56:20] Status: 2/3 devices online
[2025-12-25 13:57:20] Status: 2/3 devices online
[2025-12-25 13:58:20] Status: 2/3 devices online
[2025-12-25 13:59:20] Status: 2/3 devices online
[2025-12-25 14:00:20] Status: 2/3 devices online
[2025-12-25 14:01:20] Status: 2/3 devices online
[2025-12-25 14:02:20] Status: 2/3 devices online
[2025-12-25 14:03:17] [2025-12-25 14:03:17] Monitoring engine stopped.
[2025-12-25 14:03:20] Network Monitor Service stopped.
[2025-12-25 14:03:20] [2025-12-25 14:03:20] Monitoring engine started.
[2025-12-25 14:03:20] Network Monitor Service started successfully.
[2025-12-25 14:03:20] [2025-12-25 14:03:20] Starting to monitor 3 devices...
[2025-12-25 14:03:20] Status: 0/3 devices online
[2025-12-25 14:03:20] [2025-12-25 14:03:20] Device Google DNS is now Online (Ping: 4ms)
[2025-12-25 14:03:21] [2025-12-25 14:03:21] Device Cloudflare DNS is now Online (Ping: 3ms)
[2025-12-25 14:04:20] Status: 2/3 devices online
[2025-12-25 14:05:20] Status: 2/3 devices online
[2025-12-25 14:06:20] Status: 2/3 devices online
[2025-12-25 14:07:20] Status: 2/3 devices online
[2025-12-25 14:08:20] Status: 2/3 devices online
[2025-12-25 14:09:20] Status: 2/3 devices online
[2025-12-25 14:10:20] Status: 2/3 devices online
[2025-12-25 14:11:21] Status: 2/3 devices online
[2025-12-25 14:12:21] Status: 2/3 devices online
[2025-12-25 14:13:21] Status: 2/3 devices online
[2025-12-25 14:14:21] Status: 2/3 devices online
[2025-12-25 14:15:21] Status: 2/3 devices online
[2025-12-25 14:16:21] Status: 2/3 devices online
[2025-12-25 14:17:21] Status: 2/3 devices online
[2025-12-25 14:18:21] Status: 2/3 devices online
[2025-12-25 14:19:21] Status: 2/3 devices online
[2025-12-25 14:20:21] Status: 2/3 devices online
[2025-12-25 14:21:21] Status: 2/3 devices online
[2025-12-25 14:22:21] Status: 2/3 devices online
[2025-12-25 14:23:21] Status: 2/3 devices online
[2025-12-25 14:24:21] Status: 2/3 devices online
[2025-12-25 14:25:21] Status: 2/3 devices online
[2025-12-25 14:26:21] Status: 2/3 devices online
[2025-12-25 14:27:21] Status: 2/3 devices online
[2025-12-25 14:28:21] Status: 2/3 devices online
[2025-12-25 14:29:21] Status: 2/3 devices online
[2025-12-25 14:30:21] Status: 2/3 devices online
[2025-12-25 14:31:21] Status: 2/3 devices online
[2025-12-25 14:32:21] Status: 2/3 devices online
[2025-12-25 14:33:21] Status: 2/3 devices online
[2025-12-25 14:34:09] [2025-12-25 14:34:09] Monitoring engine stopped.
[2025-12-25 14:34:14] Network Monitor Service stopped.
[2025-12-25 14:57:12] [2025-12-25 14:57:12] Monitoring engine started.
[2025-12-25 14:57:12] [2025-12-25 14:57:12] Starting to monitor 3 devices...
[2025-12-25 14:57:12] Status: 0/3 devices online
[2025-12-25 14:57:12] [2025-12-25 14:57:12] Device Google DNS is now Online (Ping: 5ms)
[2025-12-25 14:57:12] [2025-12-25 14:57:12] Device Cloudflare DNS is now Online (Ping: 2ms)
[2025-12-25 14:58:12] Status: 2/3 devices online
[2025-12-25 14:59:12] Status: 2/3 devices online
[2025-12-25 15:00:12] Status: 2/3 devices online
[2025-12-25 15:01:12] Status: 2/3 devices online
[2025-12-25 15:02:12] Status: 2/3 devices online
[2025-12-25 15:03:12] Status: 2/3 devices online
[2025-12-25 15:04:12] Status: 2/3 devices online
[2025-12-25 15:05:12] Status: 2/3 devices online
[2025-12-25 15:06:12] Status: 2/3 devices online
[2025-12-25 15:07:12] Status: 2/3 devices online
[2025-12-25 15:08:12] Status: 2/3 devices online
[2025-12-25 15:09:12] Status: 2/3 devices online
[2025-12-25 15:10:12] Status: 2/3 devices online
[2025-12-25 15:11:12] Status: 2/3 devices online
[2025-12-25 15:12:12] Status: 2/3 devices online
[2025-12-25 15:13:12] Status: 2/3 devices online
[2025-12-25 15:14:12] Status: 2/3 devices online
[2025-12-25 15:15:12] Status: 2/3 devices online
[2025-12-25 15:16:12] Status: 2/3 devices online
[2025-12-25 15:17:12] Status: 2/3 devices online
[2025-12-25 15:18:12] Status: 2/3 devices online
[2025-12-25 15:19:12] Status: 2/3 devices online
[2025-12-25 15:20:12] Status: 2/3 devices online
[2025-12-25 15:21:12] Status: 2/3 devices online
[2025-12-25 15:22:12] Status: 2/3 devices online
[2025-12-25 15:23:12] Status: 2/3 devices online
[2025-12-25 15:24:12] Status: 2/3 devices online
[2025-12-25 15:25:12] Status: 2/3 devices online
[2025-12-25 15:26:12] Status: 2/3 devices online
[2025-12-25 15:27:12] Status: 2/3 devices online
[2025-12-25 15:28:12] Status: 2/3 devices online
[2025-12-25 15:29:12] Status: 2/3 devices online
[2025-12-25 15:30:12] Status: 2/3 devices online
[2025-12-25 15:31:12] Status: 2/3 devices online
[2025-12-25 15:32:12] Status: 2/3 devices online
[2025-12-25 15:33:13] Status: 2/3 devices online
[2025-12-25 15:34:13] Status: 2/3 devices online
[2025-12-25 15:35:13] Status: 2/3 devices online
[2025-12-25 15:36:13] Status: 2/3 devices online
[2025-12-25 15:37:13] Status: 2/3 devices online
[2025-12-25 15:38:13] Status: 2/3 devices online
[2025-12-25 15:39:13] Status: 2/3 devices online
[2025-12-25 15:40:13] Status: 2/3 devices online
[2025-12-25 15:41:13] Status: 2/3 devices online
[2025-12-25 15:42:13] Status: 2/3 devices online
[2025-12-25 15:43:13] Status: 2/3 devices online
[2025-12-25 15:44:13] Status: 2/3 devices online
[2025-12-25 15:45:13] Status: 2/3 devices online
[2025-12-25 15:46:13] Status: 2/3 devices online
[2025-12-25 15:47:13] Status: 2/3 devices online
[2025-12-25 15:48:13] Status: 2/3 devices online
[2025-12-25 15:49:13] Status: 2/3 devices online
[2025-12-25 15:50:13] Status: 2/3 devices online
[2025-12-25 15:51:13] Status: 2/3 devices online
[2025-12-25 15:52:13] Status: 2/3 devices online
[2025-12-25 15:53:13] Status: 2/3 devices online
[2025-12-25 15:54:13] Status: 2/3 devices online
[2025-12-25 15:55:13] Status: 2/3 devices online
[2025-12-25 15:56:13] Status: 2/3 devices online
[2025-12-25 15:57:13] Status: 2/3 devices online
[2025-12-25 15:58:13] Status: 2/3 devices online
[2025-12-25 15:59:13] Status: 2/3 devices online
[2025-12-25 16:00:13] Status: 2/3 devices online
[2025-12-25 16:01:13] Status: 2/3 devices online
[2025-12-25 16:02:13] Status: 2/3 devices online
[2025-12-25 16:03:13] Status: 2/3 devices online
[2025-12-25 16:04:13] Status: 2/3 devices online
[2025-12-25 16:05:13] Status: 2/3 devices online
[2025-12-25 16:06:13] Status: 2/3 devices online
[2025-12-25 16:07:13] Status: 2/3 devices online
[2025-12-25 16:08:13] Status: 2/3 devices online
[2025-12-25 16:09:13] Status: 2/3 devices online
[2025-12-25 16:10:03] [2025-12-25 16:10:03] Monitoring engine stopped.
[2025-12-25 16:10:08] Network Monitor Service stopped.
[2025-12-26 10:32:17] [2025-12-26 10:32:17] Monitoring engine started.
[2025-12-26 10:32:17] Network Monitor Service started successfully.
[2025-12-26 10:32:17] Status: 0/3 devices online
[2025-12-26 10:32:17] [2025-12-26 10:32:17] Starting to monitor 3 devices...
[2025-12-26 10:32:17] [2025-12-26 10:32:17] Device Google DNS is now Online (Ping: 43ms)
[2025-12-26 10:32:17] [2025-12-26 10:32:17] Device Cloudflare DNS is now Online (Ping: 62ms)
[2025-12-26 10:33:17] Status: 2/3 devices online
[2025-12-26 10:34:17] Status: 2/3 devices online
[2025-12-26 10:35:17] Status: 2/3 devices online
[2025-12-26 10:36:17] Status: 2/3 devices online
[2025-12-26 10:37:17] Status: 2/3 devices online
[2025-12-26 10:38:17] Status: 2/3 devices online
[2025-12-26 10:39:17] Status: 2/3 devices online
[2025-12-26 10:40:17] Status: 2/3 devices online
[2025-12-26 10:41:17] Status: 2/3 devices online
[2025-12-26 10:42:17] Status: 2/3 devices online
[2025-12-26 10:43:17] Status: 2/3 devices online
[2025-12-26 10:44:17] Status: 2/3 devices online
[2025-12-26 10:45:17] Status: 2/3 devices online
[2025-12-26 10:46:17] Status: 2/3 devices online
[2025-12-26 10:47:17] Status: 2/3 devices online
[2025-12-26 10:48:17] Status: 2/3 devices online
[2025-12-26 10:49:17] Status: 2/3 devices online
[2025-12-26 10:50:17] Status: 2/3 devices online
[2025-12-26 10:51:17] Status: 2/3 devices online
[2025-12-26 10:52:17] Status: 2/3 devices online
[2025-12-26 10:53:17] Status: 2/3 devices online
[2025-12-26 10:53:46] [2025-12-26 10:53:46] Monitoring engine stopped.
[2025-12-26 10:53:51] Network Monitor Service stopped.
[2025-12-26 11:02:08] [2025-12-26 11:02:08] Monitoring engine started.
[2025-12-26 11:02:08] Network Monitor Service started successfully.
[2025-12-26 11:02:08] [2025-12-26 11:02:08] Starting to monitor 4 devices...
[2025-12-26 11:02:08] Status: 0/4 devices online
[2025-12-26 11:02:08] [2025-12-26 11:02:08] Device Google DNS is now Online (Ping: 44ms)
[2025-12-26 11:02:08] [2025-12-26 11:02:08] Device Cloudflare DNS is now Online (Ping: 40ms)
[2025-12-26 11:03:08] Status: 2/4 devices online
[2025-12-26 11:04:08] Status: 2/4 devices online
[2025-12-26 11:05:08] Status: 2/4 devices online
[2025-12-26 11:06:08] Status: 2/4 devices online
[2025-12-26 11:07:08] Status: 2/4 devices online
[2025-12-26 11:08:08] Status: 2/4 devices online
[2025-12-26 11:09:08] Status: 2/4 devices online
[2025-12-26 11:10:08] Status: 2/4 devices online
[2025-12-26 11:11:08] Status: 2/4 devices online
[2025-12-26 11:12:08] Status: 2/4 devices online
[2025-12-26 11:13:08] Status: 2/4 devices online
[2025-12-26 11:14:08] Status: 2/4 devices online
[2025-12-26 11:15:08] Status: 2/4 devices online
[2025-12-26 11:16:08] Status: 2/4 devices online
[2025-12-26 11:17:08] Status: 2/4 devices online
[2025-12-26 11:18:08] Status: 2/4 devices online
[2025-12-26 11:19:08] Status: 2/4 devices online
[2025-12-26 11:20:08] Status: 2/4 devices online
[2025-12-26 11:21:08] Status: 2/4 devices online
[2025-12-26 11:22:08] Status: 2/4 devices online
[2025-12-26 11:23:08] Status: 2/4 devices online
[2025-12-26 11:24:08] Status: 2/4 devices online
[2025-12-26 11:25:08] Status: 2/4 devices online
[2025-12-26 11:26:08] Status: 2/4 devices online
[2025-12-26 11:27:08] Status: 2/4 devices online
[2025-12-26 11:28:08] Status: 2/4 devices online
[2025-12-26 11:29:08] Status: 2/4 devices online
[2025-12-26 11:30:08] Status: 2/4 devices online
[2025-12-26 11:31:08] Status: 2/4 devices online
[2025-12-26 11:32:08] Status: 2/4 devices online
[2025-12-26 11:33:08] Status: 2/4 devices online
[2025-12-26 11:34:08] Status: 2/4 devices online
[2025-12-26 11:35:08] Status: 2/4 devices online
[2025-12-26 11:36:08] Status: 2/4 devices online
[2025-12-26 11:37:08] Status: 2/4 devices online
[2025-12-26 11:38:08] Status: 2/4 devices online
[2025-12-26 11:39:08] Status: 2/4 devices online
[2025-12-26 11:40:08] Status: 2/4 devices online
[2025-12-26 11:41:08] Status: 2/4 devices online
[2025-12-26 11:42:08] Status: 2/4 devices online
[2025-12-26 11:43:08] Status: 2/4 devices online
[2025-12-26 11:44:08] Status: 2/4 devices online
[2025-12-26 11:45:08] Status: 2/4 devices online
[2025-12-26 11:46:08] Status: 2/4 devices online
[2025-12-26 11:47:08] Status: 2/4 devices online
[2025-12-26 11:48:08] Status: 2/4 devices online
[2025-12-26 11:49:08] Status: 2/4 devices online
[2025-12-26 11:50:08] Status: 2/4 devices online
[2025-12-26 11:51:08] Status: 2/4 devices online
[2025-12-26 11:52:08] Status: 2/4 devices online
[2025-12-26 11:53:08] Status: 2/4 devices online
[2025-12-26 11:54:08] Status: 2/4 devices online
[2025-12-26 11:55:08] Status: 2/4 devices online
[2025-12-26 11:56:08] Status: 2/4 devices online
[2025-12-26 11:57:08] Status: 2/4 devices online
[2025-12-26 11:58:08] Status: 2/4 devices online
[2025-12-26 11:59:08] Status: 2/4 devices online
[2025-12-26 12:00:08] Status: 2/4 devices online
[2025-12-26 12:01:08] Status: 2/4 devices online
[2025-12-26 12:02:08] Status: 2/4 devices online
[2025-12-26 12:03:08] Status: 2/4 devices online
[2025-12-26 12:04:08] Status: 2/4 devices online
[2025-12-26 12:05:08] Status: 2/4 devices online
[2025-12-26 12:06:09] Status: 2/4 devices online
[2025-12-26 12:07:09] Status: 2/4 devices online
[2025-12-26 12:08:09] Status: 2/4 devices online
[2025-12-26 12:09:09] Status: 2/4 devices online
[2025-12-26 12:10:09] Status: 2/4 devices online
[2025-12-26 12:11:09] Status: 2/4 devices online
[2025-12-26 12:12:09] Status: 2/4 devices online
[2025-12-26 12:13:09] Status: 2/4 devices online
[2025-12-26 12:14:09] Status: 2/4 devices online
[2025-12-26 12:15:09] Status: 2/4 devices online
[2025-12-26 12:16:09] Status: 2/4 devices online
[2025-12-26 12:17:09] Status: 2/4 devices online
[2025-12-26 12:18:09] Status: 2/4 devices online
[2025-12-26 12:19:09] Status: 2/4 devices online
[2025-12-26 12:20:09] Status: 2/4 devices online
[2025-12-26 12:21:09] Status: 2/4 devices online
[2025-12-26 12:22:09] Status: 2/4 devices online
[2025-12-26 12:23:09] Status: 2/4 devices online
[2025-12-26 12:24:09] Status: 2/4 devices online
[2025-12-26 12:25:09] Status: 2/4 devices online
[2025-12-26 12:26:09] Status: 2/4 devices online
[2025-12-26 12:27:09] Status: 2/4 devices online
[2025-12-26 12:28:09] Status: 2/4 devices online
[2025-12-26 12:29:09] Status: 2/4 devices online
[2025-12-26 12:30:09] Status: 2/4 devices online
[2025-12-26 12:31:09] Status: 2/4 devices online
[2025-12-26 12:32:09] Status: 2/4 devices online
[2025-12-26 12:33:09] Status: 2/4 devices online
[2025-12-26 12:34:09] Status: 2/4 devices online
[2025-12-26 12:35:09] Status: 2/4 devices online
[2025-12-26 12:36:09] Status: 2/4 devices online
[2025-12-26 12:37:09] Status: 2/4 devices online
[2025-12-26 12:38:09] Status: 2/4 devices online
[2025-12-26 12:39:09] Status: 2/4 devices online
[2025-12-26 12:40:09] Status: 2/4 devices online
[2025-12-26 12:41:09] Status: 2/4 devices online
[2025-12-26 12:42:09] Status: 2/4 devices online
[2025-12-26 12:43:09] Status: 2/4 devices online
[2025-12-26 12:44:09] Status: 2/4 devices online
[2025-12-26 12:45:09] Status: 2/4 devices online
[2025-12-26 12:46:09] Status: 2/4 devices online
[2025-12-26 12:47:09] Status: 2/4 devices online
[2025-12-26 12:48:09] Status: 2/4 devices online
[2025-12-26 12:49:09] Status: 2/4 devices online
[2025-12-26 12:50:09] Status: 2/4 devices online
[2025-12-26 12:51:09] Status: 2/4 devices online
[2025-12-26 12:52:09] Status: 2/4 devices online
[2025-12-26 12:53:09] Status: 2/4 devices online
[2025-12-26 12:54:09] Status: 2/4 devices online
[2025-12-26 12:55:09] Status: 2/4 devices online
[2025-12-26 12:56:09] Status: 2/4 devices online
[2025-12-26 12:57:09] Status: 2/4 devices online
[2025-12-26 12:58:09] Status: 2/4 devices online
[2025-12-26 12:59:09] Status: 2/4 devices online
[2025-12-26 13:00:09] Status: 2/4 devices online
[2025-12-26 13:01:09] Status: 2/4 devices online
[2025-12-26 13:02:09] Status: 2/4 devices online
[2025-12-26 13:03:09] Status: 2/4 devices online
[2025-12-26 13:04:09] Status: 2/4 devices online
[2025-12-26 13:05:09] Status: 2/4 devices online
[2025-12-26 13:06:09] Status: 2/4 devices online
[2025-12-26 13:07:09] Status: 2/4 devices online
[2025-12-26 13:08:09] Status: 2/4 devices online
[2025-12-26 13:09:09] Status: 2/4 devices online
[2025-12-26 13:10:09] Status: 2/4 devices online
[2025-12-26 13:11:09] Status: 2/4 devices online
[2025-12-26 13:12:09] Status: 2/4 devices online
[2025-12-26 13:13:09] Status: 2/4 devices online
[2025-12-26 13:13:35] [2025-12-26 13:13:35] Monitoring engine stopped.
[2025-12-26 13:13:40] Network Monitor Service stopped.
[2025-12-26 13:15:04] [2025-12-26 13:15:03] Monitoring engine started.
[2025-12-26 13:15:04] Network Monitor Service started successfully.
[2025-12-26 13:15:04] [2025-12-26 13:15:04] Starting to monitor 4 devices...
[2025-12-26 13:15:04] Status: 0/4 devices online
[2025-12-26 13:15:04] [2025-12-26 13:15:04] Device Google DNS is now Online (Ping: 19ms)
[2025-12-26 13:15:04] [2025-12-26 13:15:04] Device Cloudflare DNS is now Online (Ping: 29ms)
[2025-12-26 13:16:04] Status: 2/4 devices online
[2025-12-26 13:17:05] [2025-12-26 13:17:05] Offline email sent for VLan 1 after 10 pings
[2025-12-26 13:17:05] Status: 2/4 devices online
[2025-12-26 13:17:08] [2025-12-26 13:17:08] Offline email sent for Vlan 2 after 10 pings
[2025-12-26 13:18:05] Status: 2/4 devices online
[2025-12-26 13:19:05] Status: 2/4 devices online
[2025-12-26 13:20:05] Status: 2/4 devices online
[2025-12-26 13:21:05] Status: 2/4 devices online
[2025-12-26 13:22:05] Status: 2/4 devices online
[2025-12-26 13:23:05] Status: 2/4 devices online
[2025-12-26 13:24:05] Status: 2/4 devices online
[2025-12-26 13:25:05] Status: 2/4 devices online
[2025-12-26 13:26:05] Status: 2/4 devices online
[2025-12-26 13:27:05] Status: 2/4 devices online
[2025-12-26 13:28:05] Status: 2/4 devices online
[2025-12-26 13:29:05] Status: 2/4 devices online
[2025-12-26 13:30:05] Status: 2/4 devices online
[2025-12-26 15:05:47] [2025-12-26 15:05:47] Monitoring engine started.
[2025-12-26 15:05:47] Network Monitor Service started successfully.
[2025-12-26 15:05:47] [2025-12-26 15:05:47] Starting to monitor 4 devices...
[2025-12-26 15:05:47] Status: 0/4 devices online
[2025-12-26 15:05:47] [2025-12-26 15:05:47] Device Google DNS is now Online (Ping: 12ms)
[2025-12-26 15:05:47] [2025-12-26 15:05:47] Device Cloudflare DNS is now Online (Ping: 2ms)
[2025-12-26 15:06:47] Status: 2/4 devices online
[2025-12-26 15:07:50] [2025-12-26 15:07:50] Offline email sent for VLan 1 after 10 pings
[2025-12-26 15:07:54] [2025-12-26 15:07:54] Offline email sent for Vlan 2 after 10 pings
[2025-12-26 15:07:54] Status: 2/4 devices online
[2025-12-26 15:08:54] Status: 2/4 devices online
[2025-12-26 15:09:54] Status: 2/4 devices online
